tag,profile,cls,p,seed,coverage,false_rate,chain_cov,recloss,irrec,irrec_links,fallback,candidates,ed_effort,ed_writeoff,ed,secs
main,sparse,intent_links,0.0,0,1.0,0.0,1.0,0.0,0.0,0.0,0.0,0.0,0.0,0.0,0.0,0.0020459159277379513
main,sparse,intent_links,0.0,1,1.0,0.0,1.0,0.0,0.0,0.0,0.0,0.0,0.0,0.0,0.0,0.001971083227545023
main,sparse,intent_links,0.0,2,1.0,0.0,1.0,0.0,0.0,0.0,0.0,0.0,0.0,0.0,0.0,0.001991208177059889
main,sparse,intent_links,0.0,3,1.0,0.0,1.0,0.0,0.0,0.0,0.0,0.0,0.0,0.0,0.0,0.002065208274871111
main,sparse,intent_links,0.0,4,1.0,0.0,1.0,0.0,0.0,0.0,0.0,0.0,0.0,0.0,0.0,0.002150041051208973
main,sparse,intent_links,0.0,5,1.0,0.0,1.0,0.0,0.0,0.0,0.0,0.0,0.0,0.0,0.0,0.0021407920867204666
main,sparse,intent_links,0.0,6,1.0,0.0,1.0,0.0,0.0,0.0,0.0,0.0,0.0,0.0,0.0,0.0019426248036324978
main,sparse,intent_links,0.0,7,1.0,0.0,1.0,0.0,0.0,0.0,0.0,0.0,0.0,0.0,0.0,0.0019372501410543919
main,sparse,intent_links,0.0,8,1.0,0.0,1.0,0.0,0.0,0.0,0.0,0.0,0.0,0.0,0.0,0.0019163326360285282
main,sparse,intent_links,0.0,9,1.0,0.0,1.0,0.0,0.0,0.0,0.0,0.0,0.0,0.0,0.0,0.0019231662154197693
main,sparse,intent_links,0.0,10,1.0,0.0,1.0,0.0,0.0,0.0,0.0,0.0,0.0,0.0,0.0,0.0019392920657992363
main,sparse,intent_links,0.0,11,1.0,0.0,1.0,0.0,0.0,0.0,0.0,0.0,0.0,0.0,0.0,0.002144500147551298
main,sparse,intent_links,0.0,12,1.0,0.0,1.0,0.0,0.0,0.0,0.0,0.0,0.0,0.0,0.0,0.0019357502460479736
main,sparse,intent_links,0.0,13,1.0,0.0,1.0,0.0,0.0,0.0,0.0,0.0,0.0,0.0,0.0,0.002023917157202959
main,sparse,intent_links,0.0,14,1.0,0.0,1.0,0.0,0.0,0.0,0.0,0.0,0.0,0.0,0.0,0.0019360422156751156
main,sparse,intent_links,0.0,15,1.0,0.0,1.0,0.0,0.0,0.0,0.0,0.0,0.0,0.0,0.0,0.0019350000657141209
main,sparse,intent_links,0.0,16,1.0,0.0,1.0,0.0,0.0,0.0,0.0,0.0,0.0,0.0,0.0,0.002148916944861412
main,sparse,intent_links,0.0,17,1.0,0.0,1.0,0.0,0.0,0.0,0.0,0.0,0.0,0.0,0.0,0.0021600420586764812
main,sparse,intent_links,0.0,18,1.0,0.0,1.0,0.0,0.0,0.0,0.0,0.0,0.0,0.0,0.0,0.0019508330151438713
main,sparse,intent_links,0.0,19,1.0,0.0,1.0,0.0,0.0,0.0,0.0,0.0,0.0,0.0,0.0,0.0020508328452706337
main,sparse,intent_links,0.01,0,1.0,0.0,1.0,0.0,0.0,0.0,0.005,0.25,0.0075,0.0,0.0075,0.0019485000520944595
main,sparse,intent_links,0.01,1,1.0,0.0,1.0,0.0,0.0,0.0,0.015,0.75,0.0225,0.0,0.0225,0.0026848330162465572
main,sparse,intent_links,0.01,2,1.0,0.0,1.0,0.0,0.0,0.0,0.005,0.25,0.0075,0.0,0.0075,0.0020245839841663837
main,sparse,intent_links,0.01,3,1.0,0.0,1.0,0.0,0.0,0.0,0.015,0.75,0.0225,0.0,0.0225,0.0020582922734320164
main,sparse,intent_links,0.01,4,0.9995833333333334,0.0004166666666666667,0.9975,0.0,0.0025,0.0004166666666666667,0.0175,0.875,0.02625,0.125,0.15125,0.002123333979398012
main,sparse,intent_links,0.01,5,1.0,0.0,1.0,0.0,0.0,0.0,0.0075,0.375,0.01125,0.0,0.01125,0.002041083760559559
main,sparse,intent_links,0.01,6,1.0,0.0,1.0,0.0,0.0,0.0,0.0125,0.625,0.01875,0.0,0.01875,0.002142583020031452
main,sparse,intent_links,0.01,7,1.0,0.0,1.0,0.0,0.0,0.0,0.0125,0.625,0.01875,0.0,0.01875,0.0020505841821432114
main,sparse,intent_links,0.01,8,1.0,0.0,1.0,0.0,0.0,0.0,0.0125,0.625,0.01875,0.0,0.01875,0.0020818328484892845
main,sparse,intent_links,0.01,9,1.0,0.0,1.0,0.0,0.0,0.0,0.0075,0.375,0.01125,0.0,0.01125,0.002434165682643652
main,sparse,intent_links,0.01,10,1.0,0.0,1.0,0.0,0.0025,0.0004166666666666667,0.0125,0.625,0.01875,0.125,0.14375,0.0020619998686015606
main,sparse,intent_links,0.01,11,1.0,0.0,1.0,0.0,0.0,0.0,0.02,1.0,0.03,0.0,0.03,0.002158333081752062
main,sparse,intent_links,0.01,12,1.0,0.0,1.0,0.0,0.0,0.0,0.0025,0.125,0.00375,0.0,0.00375,0.002004832960665226
main,sparse,intent_links,0.01,13,1.0,0.0,1.0,0.0,0.0,0.0,0.0025,0.125,0.00375,0.0,0.00375,0.0020041251555085182
main,sparse,intent_links,0.01,14,1.0,0.0,1.0,0.0,0.0,0.0,0.0075,0.375,0.01125,0.0,0.01125,0.002202000003308058
main,sparse,intent_links,0.01,15,1.0,0.0,1.0,0.0,0.0,0.0,0.015,0.75,0.0225,0.0,0.0225,0.00249887490645051
main,sparse,intent_links,0.01,16,1.0,0.0,1.0,0.0,0.0,0.0,0.005,0.25,0.0075,0.0,0.0075,0.002332374919205904
main,sparse,intent_links,0.01,17,1.0,0.0,1.0,0.0,0.0,0.0,0.0075,0.375,0.01125,0.0,0.01125,0.0020309588871896267
main,sparse,intent_links,0.01,18,1.0,0.0,1.0,0.0,0.0,0.0,0.01,0.5,0.015,0.0,0.015,0.002011916134506464
main,sparse,intent_links,0.01,19,1.0,0.0,1.0,0.0,0.0,0.0,0.0075,0.375,0.01125,0.0,0.01125,0.0022317077964544296
main,sparse,intent_links,0.05,0,1.0,0.0,1.0,0.0,0.0,0.0,0.035,1.75,0.0525,0.0,0.0525,0.00211070803925395
main,sparse,intent_links,0.05,1,1.0,0.0,1.0,0.0,0.0,0.0,0.0475,2.375,0.07125,0.0,0.07125,0.002125374972820282
main,sparse,intent_links,0.05,2,1.0,0.0,1.0,0.0,0.0,0.0,0.035,1.75,0.0525,0.0,0.0525,0.0021172496490180492
main,sparse,intent_links,0.05,3,1.0,0.0,1.0,0.0,0.0,0.0,0.0525,2.625,0.07875,0.0,0.07875,0.0021379590034484863
main,sparse,intent_links,0.05,4,1.0,0.0,1.0,0.0,0.005,0.0008333333333333334,0.0575,2.875,0.08625,0.25,0.33625,0.0021868329495191574
main,sparse,intent_links,0.05,5,1.0,0.0,1.0,0.0,0.0,0.0,0.065,3.25,0.0975,0.0,0.0975,0.002172292210161686
main,sparse,intent_links,0.05,6,1.0,0.0,1.0,0.0,0.0,0.0,0.045,2.25,0.0675,0.0,0.0675,0.0021395832300186157
main,sparse,intent_links,0.05,7,1.0,0.0,1.0,0.0,0.0,0.0,0.0575,2.875,0.08625,0.0,0.08625,0.0024744579568505287
main,sparse,intent_links,0.05,8,1.0,0.0,1.0,0.0,0.0,0.0,0.0525,2.625,0.07875,0.0,0.07875,0.0021557905711233616
main,sparse,intent_links,0.05,9,0.9995833333333334,0.0004166666666666667,0.9975,0.0,0.005,0.0008333333333333334,0.045,2.25,0.0675,0.25,0.3175,0.0022473339922726154
main,sparse,intent_links,0.05,10,1.0,0.0,1.0,0.0,0.0,0.0,0.0525,2.625,0.07875,0.0,0.07875,0.0021434170193970203
main,sparse,intent_links,0.05,11,1.0,0.0,1.0,0.0,0.0025,0.0004166666666666667,0.0525,2.625,0.07875,0.125,0.20375,0.002206125296652317
main,sparse,intent_links,0.05,12,1.0,0.0,1.0,0.0,0.0,0.0,0.0425,2.125,0.06375,0.0,0.06375,0.0022622919641435146
main,sparse,intent_links,0.05,13,1.0,0.0,1.0,0.0,0.005,0.0008333333333333334,0.0475,2.375,0.07125,0.25,0.32125,0.0022478331811726093
main,sparse,intent_links,0.05,14,1.0,0.0,1.0,0.0,0.0025,0.0004166666666666667,0.055,2.75,0.0825,0.125,0.2075,0.0021979580633342266
main,sparse,intent_links,0.05,15,1.0,0.0,1.0,0.0,0.0,0.0,0.0525,2.625,0.07875,0.0,0.07875,0.0021795830689370632
main,sparse,intent_links,0.05,16,0.9995833333333334,0.0004166666666666667,0.9975,0.0,0.0025,0.0004166666666666667,0.0575,2.875,0.08625,0.125,0.21125,0.0021855002269148827
main,sparse,intent_links,0.05,17,1.0,0.0,1.0,0.0,0.0025,0.0004166666666666667,0.0575,2.875,0.08625,0.125,0.21125,0.0023464998230338097
main,sparse,intent_links,0.05,18,1.0,0.0,1.0,0.0,0.0025,0.0004166666666666667,0.05,2.5,0.075,0.125,0.2,0.0022877496667206287
main,sparse,intent_links,0.05,19,1.0,0.0,1.0,0.0,0.005,0.0008333333333333334,0.0525,2.625,0.07875,0.25,0.32875,0.002150583080947399
main,sparse,intent_links,0.1,0,1.0,0.0,1.0,0.0,0.005,0.0008333333333333334,0.0925,4.625,0.13875,0.25,0.38875,0.0024254173040390015
main,sparse,intent_links,0.1,1,1.0,0.0,1.0,0.0,0.0025,0.0004166666666666667,0.0825,4.125,0.12375,0.125,0.24875,0.0022630002349615097
main,sparse,intent_links,0.1,2,1.0,0.0,1.0,0.0,0.005,0.0008333333333333334,0.0825,4.125,0.12375,0.25,0.37375,0.002384666819125414
main,sparse,intent_links,0.1,3,1.0,0.0,1.0,0.0,0.0,0.0,0.095,4.75,0.1425,0.0,0.1425,0.0023319581523537636
main,sparse,intent_links,0.1,4,1.0,0.0,1.0,0.0,0.0,0.0,0.1,5.0,0.15,0.0,0.15,0.002321542240679264
main,sparse,intent_links,0.1,5,0.9995833333333334,0.0004166666666666667,0.9975,0.0,0.0075,0.00125,0.12,6.0,0.18,0.375,0.555,0.002593624871224165
main,sparse,intent_links,0.1,6,1.0,0.0,1.0,0.0,0.0025,0.0004166666666666667,0.0875,4.375,0.13125,0.125,0.25625,0.002305625006556511
main,sparse,intent_links,0.1,7,1.0,0.0,1.0,0.0,0.005,0.0008333333333333334,0.085,4.25,0.1275,0.25,0.3775,0.0024242079816758633
main,sparse,intent_links,0.1,8,1.0,0.0,1.0,0.0,0.0025,0.0004166666666666667,0.1275,6.375,0.19125,0.125,0.31625,0.0026984168216586113
main,sparse,intent_links,0.1,9,0.9995833333333334,0.0004166666666666667,0.9975,0.0,0.0075,0.00125,0.1125,5.625,0.16875,0.375,0.54375,0.002539791166782379
main,sparse,intent_links,0.1,10,0.9995833333333334,0.0004166666666666667,0.9975,0.0,0.0075,0.00125,0.07,3.5,0.105,0.375,0.48,0.0022872090339660645
main,sparse,intent_links,0.1,11,0.9995833333333334,0.0004166666666666667,0.9975,0.0,0.0025,0.0004166666666666667,0.075,3.75,0.1125,0.125,0.2375,0.002262250054627657
main,sparse,intent_links,0.1,12,1.0,0.0,1.0,0.0,0.0,0.0,0.1275,6.375,0.19125,0.0,0.19125,0.0025930828414857388
main,sparse,intent_links,0.1,13,0.9995833333333334,0.0004166666666666667,0.9975,0.0,0.005,0.0008333333333333334,0.09,4.5,0.135,0.25,0.385,0.00230375025421381
main,sparse,intent_links,0.1,14,1.0,0.0,1.0,0.0,0.0,0.0,0.0825,4.125,0.12375,0.0,0.12375,0.002546084113419056
main,sparse,intent_links,0.1,15,1.0,0.0,1.0,0.0,0.0025,0.0004166666666666667,0.1,5.0,0.15,0.125,0.275,0.002311083022505045
main,sparse,intent_links,0.1,16,0.9995833333333334,0.0004166666666666667,0.9975,0.0,0.005,0.0008333333333333334,0.135,6.75,0.2025,0.25,0.4525,0.002529542427510023
main,sparse,intent_links,0.1,17,0.9995833333333334,0.0004166666666666667,0.9975,0.0,0.0075,0.00125,0.1025,5.125,0.15375,0.375,0.52875,0.0022712922655045986
main,sparse,intent_links,0.1,18,1.0,0.0,1.0,0.0,0.0025,0.0004166666666666667,0.1425,7.125,0.21375,0.125,0.33875,0.0024349577724933624
main,sparse,intent_links,0.1,19,1.0,0.0,1.0,0.0,0.005,0.0008333333333333334,0.1075,5.375,0.16125,0.25,0.41125,0.0025555421598255634
main,sparse,intent_links,0.2,0,1.0,0.0,1.0,0.0,0.0075,0.00125,0.2,10.0,0.3,0.375,0.675,0.002749000210314989
main,sparse,intent_links,0.2,1,1.0,0.0,1.0,0.0,0.005,0.0008333333333333334,0.1575,7.875,0.23625,0.25,0.48625,0.0026843748055398464
main,sparse,intent_links,0.2,2,0.9991666666666666,0.0008333333333333334,0.995,0.0,0.01,0.0016666666666666668,0.1925,9.625,0.28875,0.5,0.78875,0.0027801250107586384
main,sparse,intent_links,0.2,3,1.0,0.0,1.0,0.0,0.005,0.0008333333333333334,0.2025,10.125,0.30375,0.25,0.55375,0.0028508752584457397
main,sparse,intent_links,0.2,4,0.9995833333333334,0.0004166666666666667,0.9975,0.0,0.0075,0.00125,0.1875,9.375,0.28125,0.375,0.65625,0.0025771670043468475
main,sparse,intent_links,0.2,5,0.9995833333333334,0.0004166666666666667,0.9975,0.0,0.005,0.0008333333333333334,0.2025,10.125,0.30375,0.25,0.55375,0.002628709189593792
main,sparse,intent_links,0.2,6,1.0,0.0,1.0,0.0,0.0025,0.0004166666666666667,0.185,9.25,0.2775,0.125,0.4025,0.0027034999802708626
main,sparse,intent_links,0.2,7,1.0,0.0,1.0,0.0,0.0125,0.0020833333333333333,0.2,10.0,0.3,0.625,0.925,0.0025739590637385845
main,sparse,intent_links,0.2,8,0.9995833333333334,0.0004166666666666667,0.9975,0.0,0.0075,0.00125,0.185,9.25,0.2775,0.375,0.6525,0.002622916828840971
main,sparse,intent_links,0.2,9,0.9995833333333334,0.0004166666666666667,0.9975,0.0,0.0175,0.002916666666666667,0.1675,8.375,0.25125,0.875,1.12625,0.0026359581388533115
main,sparse,intent_links,0.2,10,0.9995833333333334,0.0004166666666666667,0.9975,0.0,0.015,0.0025,0.1975,9.875,0.29625,0.75,1.04625,0.002776999957859516
main,sparse,intent_links,0.2,11,0.9995833333333334,0.0004166666666666667,0.9975,0.0,0.0125,0.0020833333333333333,0.195,9.75,0.2925,0.625,0.9175,0.00257641589269042
main,sparse,intent_links,0.2,12,0.9995833333333334,0.0004166666666666667,0.9975,0.0,0.01,0.0016666666666666668,0.1775,8.875,0.26625,0.5,0.76625,0.0025559579953551292
main,sparse,intent_links,0.2,13,0.9995833333333334,0.0004166666666666667,0.9975,0.0,0.0125,0.0020833333333333333,0.16,8.0,0.24,0.625,0.865,0.0027629579417407513
main,sparse,intent_links,0.2,14,0.9995833333333334,0.0004166666666666667,0.9975,0.0,0.0075,0.00125,0.1875,9.375,0.28125,0.375,0.65625,0.0027308333665132523
main,sparse,intent_links,0.2,15,0.9995833333333334,0.0004166666666666667,0.9975,0.0,0.0075,0.00125,0.1925,9.625,0.28875,0.375,0.66375,0.0027931248769164085
main,sparse,intent_links,0.2,16,1.0,0.0,1.0,0.0,0.0025,0.0004166666666666667,0.2075,10.375,0.31125,0.125,0.43625,0.0026006661355495453
main,sparse,intent_links,0.2,17,0.99875,0.00125,0.9925,0.0,0.0225,0.00375,0.1925,9.625,0.28875,1.125,1.41375,0.002783374860882759
main,sparse,intent_links,0.2,18,0.9991666666666666,0.0008333333333333334,0.995,0.0,0.0125,0.0020833333333333333,0.2275,11.375,0.34125,0.625,0.96625,0.002765083219856024
main,sparse,intent_links,0.2,19,0.9995833333333334,0.0004166666666666667,0.9975,0.0,0.01,0.0016666666666666668,0.1925,9.625,0.28875,0.5,0.78875,0.0026227091439068317
main,sparse,intent_links,0.4,0,1.0,0.0,1.0,0.0,0.0075,0.00125,0.375,18.75,0.5625,0.375,0.9375,0.0032154577784240246
main,sparse,intent_links,0.4,1,0.9983333333333333,0.0016666666666666668,0.99,0.0,0.025,0.004166666666666667,0.38,19.0,0.57,1.25,1.82,0.0031137079931795597
main,sparse,intent_links,0.4,2,0.9991666666666666,0.0008333333333333334,0.995,0.0,0.0125,0.0020833333333333333,0.3825,19.125,0.57375,0.625,1.19875,0.003152458928525448
main,sparse,intent_links,0.4,3,0.9991666666666666,0.0008333333333333334,0.995,0.0,0.02,0.0033333333333333335,0.4175,20.875,0.62625,1.0,1.62625,0.0033178753219544888
main,sparse,intent_links,0.4,4,0.99875,0.00125,0.9925,0.0,0.0325,0.005416666666666667,0.455,22.75,0.6825,1.625,2.3075,0.0033044591546058655
main,sparse,intent_links,0.4,5,0.9995833333333334,0.0004166666666666667,0.9975,0.0,0.015,0.0025,0.3775,18.875,0.56625,0.75,1.31625,0.003116750158369541
main,sparse,intent_links,0.4,6,0.99875,0.00125,0.9925,0.0,0.02,0.0033333333333333335,0.405,20.25,0.6075,1.0,1.6075,0.0031401668675243855
main,sparse,intent_links,0.4,7,0.9991666666666666,0.0008333333333333334,0.995,0.0,0.015,0.0025,0.3475,17.375,0.52125,0.75,1.27125,0.0030416669324040413
main,sparse,intent_links,0.4,8,0.99875,0.00125,0.9925,0.0,0.01,0.0016666666666666668,0.4175,20.875,0.62625,0.5,1.12625,0.0035159168764948845
main,sparse,intent_links,0.4,9,0.9991666666666666,0.0008333333333333334,0.995,0.0,0.0175,0.002916666666666667,0.4325,21.625,0.64875,0.875,1.52375,0.0033299578353762627
main,sparse,intent_links,0.4,10,0.9979166666666667,0.0020833333333333333,0.9875,0.0,0.0275,0.004583333333333333,0.3725,18.625,0.55875,1.375,1.93375,0.0031232922337949276
main,sparse,intent_links,0.4,11,0.9991666666666666,0.0008333333333333334,0.995,0.0,0.025,0.004166666666666667,0.3525,17.625,0.52875,1.25,1.77875,0.003037666901946068
main,sparse,intent_links,0.4,12,1.0,0.0,1.0,0.0,0.01,0.0016666666666666668,0.425,21.25,0.6375,0.5,1.1375,0.0034422501921653748
main,sparse,intent_links,0.4,13,1.0,0.0,1.0,0.0,0.015,0.0025,0.3875,19.375,0.58125,0.75,1.33125,0.0032730000093579292
main,sparse,intent_links,0.4,14,0.9991666666666666,0.0008333333333333334,0.995,0.0,0.015,0.0025,0.365,18.25,0.5475,0.75,1.2975,0.0031056669540703297
main,sparse,intent_links,0.4,15,0.9991666666666666,0.0008333333333333334,0.995,0.0,0.015,0.0025,0.36,18.0,0.54,0.75,1.29,0.003027541097253561
main,sparse,intent_links,0.4,16,0.9991666666666666,0.0008333333333333334,0.995,0.0,0.02,0.0033333333333333335,0.4,20.0,0.6,1.0,1.6,0.003417499829083681
main,sparse,intent_links,0.4,17,0.9991666666666666,0.0008333333333333334,0.995,0.0,0.0125,0.0020833333333333333,0.385,19.25,0.5775,0.625,1.2025,0.0030437917448580265
main,sparse,intent_links,0.4,18,0.9991666666666666,0.0008333333333333334,0.995,0.0,0.025,0.004166666666666667,0.36,18.0,0.54,1.25,1.79,0.003214166034013033
main,sparse,intent_links,0.4,19,0.9991666666666666,0.0008333333333333334,0.995,0.0,0.015,0.0025,0.435,21.75,0.6525,0.75,1.4025,0.003187416587024927
main,sparse,approval_links,0.0,0,1.0,0.0,1.0,0.0,0.0,0.0,0.0,0.0,0.0,0.0,0.0,0.002054249867796898
main,sparse,approval_links,0.0,1,1.0,0.0,1.0,0.0,0.0,0.0,0.0,0.0,0.0,0.0,0.0,0.0021552499383687973
main,sparse,approval_links,0.0,2,1.0,0.0,1.0,0.0,0.0,0.0,0.0,0.0,0.0,0.0,0.0,0.0020241253077983856
main,sparse,approval_links,0.0,3,1.0,0.0,1.0,0.0,0.0,0.0,0.0,0.0,0.0,0.0,0.0,0.0021568327210843563
main,sparse,approval_links,0.0,4,1.0,0.0,1.0,0.0,0.0,0.0,0.0,0.0,0.0,0.0,0.0,0.001970042008906603
main,sparse,approval_links,0.0,5,1.0,0.0,1.0,0.0,0.0,0.0,0.0,0.0,0.0,0.0,0.0,0.0021332083269953728
main,sparse,approval_links,0.0,6,1.0,0.0,1.0,0.0,0.0,0.0,0.0,0.0,0.0,0.0,0.0,0.0020868750289082527
main,sparse,approval_links,0.0,7,1.0,0.0,1.0,0.0,0.0,0.0,0.0,0.0,0.0,0.0,0.0,0.0020250421948730946
main,sparse,approval_links,0.0,8,1.0,0.0,1.0,0.0,0.0,0.0,0.0,0.0,0.0,0.0,0.0,0.0021519167348742485
main,sparse,approval_links,0.0,9,1.0,0.0,1.0,0.0,0.0,0.0,0.0,0.0,0.0,0.0,0.0,0.0021592075936496258
main,sparse,approval_links,0.0,10,1.0,0.0,1.0,0.0,0.0,0.0,0.0,0.0,0.0,0.0,0.0,0.0021360423415899277
main,sparse,approval_links,0.0,11,1.0,0.0,1.0,0.0,0.0,0.0,0.0,0.0,0.0,0.0,0.0,0.002092499751597643
main,sparse,approval_links,0.0,12,1.0,0.0,1.0,0.0,0.0,0.0,0.0,0.0,0.0,0.0,0.0,0.001991750206798315
main,sparse,approval_links,0.0,13,1.0,0.0,1.0,0.0,0.0,0.0,0.0,0.0,0.0,0.0,0.0,0.0021653338335454464
main,sparse,approval_links,0.0,14,1.0,0.0,1.0,0.0,0.0,0.0,0.0,0.0,0.0,0.0,0.0,0.0019699586555361748
main,sparse,approval_links,0.0,15,1.0,0.0,1.0,0.0,0.0,0.0,0.0,0.0,0.0,0.0,0.0,0.0019367923960089684
main,sparse,approval_links,0.0,16,1.0,0.0,1.0,0.0,0.0,0.0,0.0,0.0,0.0,0.0,0.0,0.00196712464094162
main,sparse,approval_links,0.0,17,1.0,0.0,1.0,0.0,0.0,0.0,0.0,0.0,0.0,0.0,0.0,0.001974250189960003
main,sparse,approval_links,0.0,18,1.0,0.0,1.0,0.0,0.0,0.0,0.0,0.0,0.0,0.0,0.0,0.002067625056952238
main,sparse,approval_links,0.0,19,1.0,0.0,1.0,0.0,0.0,0.0,0.0,0.0,0.0,0.0,0.0,0.0020819585770368576
main,sparse,approval_links,0.01,0,0.9995833333333334,0.0004166666666666667,0.9975,0.0,0.005,0.0008333333333333334,0.005,0.25,0.0075,0.25,0.2575,0.0021363329142332077
main,sparse,approval_links,0.01,1,0.9991666666666666,0.0008333333333333334,0.995,0.0,0.015,0.0025,0.015,0.75,0.0225,0.75,0.7725,0.002175792120397091
main,sparse,approval_links,0.01,2,1.0,0.0,1.0,0.0,0.005,0.0008333333333333334,0.005,0.25,0.0075,0.25,0.2575,0.0020004999823868275
main,sparse,approval_links,0.01,3,1.0,0.0,1.0,0.0,0.015,0.0025,0.015,0.75,0.0225,0.75,0.7725,0.002059417311102152
main,sparse,approval_links,0.01,4,0.9991666666666666,0.0008333333333333334,0.995,0.0,0.0175,0.002916666666666667,0.0175,0.875,0.02625,0.875,0.90125,0.0021645412780344486
main,sparse,approval_links,0.01,5,0.9995833333333334,0.0004166666666666667,0.9975,0.0,0.0075,0.00125,0.0075,0.375,0.01125,0.375,0.38625,0.0020074578933417797
main,sparse,approval_links,0.01,6,0.9995833333333334,0.0004166666666666667,0.9975,0.0,0.0125,0.0020833333333333333,0.0125,0.625,0.01875,0.625,0.64375,0.002231207676231861
main,sparse,approval_links,0.01,7,0.9991666666666666,0.0008333333333333334,0.995,0.0,0.0125,0.0020833333333333333,0.0125,0.625,0.01875,0.625,0.64375,0.002100792247802019
main,sparse,approval_links,0.01,8,0.9991666666666666,0.0008333333333333334,0.995,0.0,0.0125,0.0020833333333333333,0.0125,0.625,0.01875,0.625,0.64375,0.002131165936589241
main,sparse,approval_links,0.01,9,0.9995833333333334,0.0004166666666666667,0.9975,0.0,0.0075,0.00125,0.0075,0.375,0.01125,0.375,0.38625,0.0021707499399781227
main,sparse,approval_links,0.01,10,0.9995833333333334,0.0004166666666666667,0.9975,0.0,0.0125,0.0020833333333333333,0.0125,0.625,0.01875,0.625,0.64375,0.0022237501107156277
main,sparse,approval_links,0.01,11,0.9995833333333334,0.0004166666666666667,0.9975,0.0,0.02,0.0033333333333333335,0.02,1.0,0.03,1.0,1.03,0.002166416961699724
main,sparse,approval_links,0.01,12,1.0,0.0,1.0,0.0,0.0025,0.0004166666666666667,0.0025,0.125,0.00375,0.125,0.12875,0.0020811245776712894
main,sparse,approval_links,0.01,13,1.0,0.0,1.0,0.0,0.0025,0.0004166666666666667,0.0025,0.125,0.00375,0.125,0.12875,0.0021385420113801956
main,sparse,approval_links,0.01,14,0.9995833333333334,0.0004166666666666667,0.9975,0.0,0.0075,0.00125,0.0075,0.375,0.01125,0.375,0.38625,0.002060291822999716
main,sparse,approval_links,0.01,15,0.9995833333333334,0.0004166666666666667,0.9975,0.0,0.015,0.0025,0.015,0.75,0.0225,0.75,0.7725,0.0023070410825312138
main,sparse,approval_links,0.01,16,1.0,0.0,1.0,0.0,0.005,0.0008333333333333334,0.005,0.25,0.0075,0.25,0.2575,0.0021213749423623085
main,sparse,approval_links,0.01,17,1.0,0.0,1.0,0.0,0.0075,0.00125,0.0075,0.375,0.01125,0.375,0.38625,0.0023086252622306347
main,sparse,approval_links,0.01,18,0.9995833333333334,0.0004166666666666667,0.9975,0.0,0.01,0.0016666666666666668,0.01,0.5,0.015,0.5,0.515,0.002102500293403864
main,sparse,approval_links,0.01,19,1.0,0.0,1.0,0.0,0.0075,0.00125,0.0075,0.375,0.01125,0.375,0.38625,0.002085290849208832
main,sparse,approval_links,0.05,0,0.9995833333333334,0.0004166666666666667,0.9975,0.0,0.035,0.005833333333333334,0.035,1.75,0.0525,1.75,1.8025,0.0022671660408377647
main,sparse,approval_links,0.05,1,0.9983333333333333,0.0016666666666666668,0.99,0.0,0.0475,0.007916666666666667,0.0475,2.375,0.07125,2.375,2.44625,0.0021751667372882366
main,sparse,approval_links,0.05,2,0.9983333333333333,0.0016666666666666668,0.99,0.0,0.035,0.005833333333333334,0.035,1.75,0.0525,1.75,1.8025,0.002301833126693964
main,sparse,approval_links,0.05,3,0.9979166666666667,0.0020833333333333333,0.9875,0.0,0.0525,0.00875,0.0525,2.625,0.07875,2.625,2.70375,0.0022456669248640537
main,sparse,approval_links,0.05,4,0.9970833333333333,0.002916666666666667,0.9825,0.0,0.0575,0.009583333333333333,0.0575,2.875,0.08625,2.875,2.96125,0.002226124983280897
main,sparse,approval_links,0.05,5,0.9991666666666666,0.0008333333333333334,0.995,0.0,0.065,0.010833333333333334,0.065,3.25,0.0975,3.25,3.3475,0.00240937527269125
main,sparse,approval_links,0.05,6,0.9970833333333333,0.002916666666666667,0.9825,0.0,0.045,0.0075,0.045,2.25,0.0675,2.25,2.3175,0.002193249762058258
main,sparse,approval_links,0.05,7,0.9983333333333333,0.0016666666666666668,0.99,0.0,0.0575,0.009583333333333333,0.0575,2.875,0.08625,2.875,2.96125,0.002331250347197056
main,sparse,approval_links,0.05,8,0.9983333333333333,0.0016666666666666668,0.99,0.0,0.0525,0.00875,0.0525,2.625,0.07875,2.625,2.70375,0.002258291933685541
main,sparse,approval_links,0.05,9,0.9991666666666666,0.0008333333333333334,0.995,0.0,0.045,0.0075,0.045,2.25,0.0675,2.25,2.3175,0.002326332964003086
main,sparse,approval_links,0.05,10,0.9983333333333333,0.0016666666666666668,0.99,0.0,0.0525,0.00875,0.0525,2.625,0.07875,2.625,2.70375,0.002141917124390602
main,sparse,approval_links,0.05,11,0.9983333333333333,0.0016666666666666668,0.99,0.0,0.0525,0.00875,0.0525,2.625,0.07875,2.625,2.70375,0.0024637081660330296
main,sparse,approval_links,0.05,12,0.99875,0.00125,0.9925,0.0,0.0425,0.007083333333333333,0.0425,2.125,0.06375,2.125,2.18875,0.0021318327635526657
main,sparse,approval_links,0.05,13,0.99875,0.00125,0.9925,0.0,0.0475,0.007916666666666667,0.0475,2.375,0.07125,2.375,2.44625,0.002111458219587803
main,sparse,approval_links,0.05,14,0.9979166666666667,0.0020833333333333333,0.9875,0.0,0.055,0.009166666666666667,0.055,2.75,0.0825,2.75,2.8325,0.0024566669017076492
main,sparse,approval_links,0.05,15,0.9995833333333334,0.0004166666666666667,0.9975,0.0,0.0525,0.00875,0.0525,2.625,0.07875,2.625,2.70375,0.0023734578862786293
main,sparse,approval_links,0.05,16,0.9979166666666667,0.0020833333333333333,0.9875,0.0,0.0575,0.009583333333333333,0.0575,2.875,0.08625,2.875,2.96125,0.0023564579896628857
main,sparse,approval_links,0.05,17,0.99875,0.00125,0.9925,0.0,0.0575,0.009583333333333333,0.0575,2.875,0.08625,2.875,2.96125,0.0024519581347703934
main,sparse,approval_links,0.05,18,0.9979166666666667,0.0020833333333333333,0.9875,0.0,0.05,0.008333333333333333,0.05,2.5,0.075,2.5,2.575,0.0021774577908217907
main,sparse,approval_links,0.05,19,0.99875,0.00125,0.9925,0.0,0.0525,0.00875,0.0525,2.625,0.07875,2.625,2.70375,0.0022617499344050884
main,sparse,approval_links,0.1,0,0.9983333333333333,0.0016666666666666668,0.99,0.0,0.0925,0.015416666666666667,0.0925,4.625,0.13875,4.625,4.76375,0.0025083329528570175
main,sparse,approval_links,0.1,1,0.9979166666666667,0.0020833333333333333,0.9875,0.0,0.0825,0.01375,0.0825,4.125,0.12375,4.125,4.24875,0.0022206674329936504
main,sparse,approval_links,0.1,2,0.9970833333333333,0.002916666666666667,0.9825,0.0,0.0825,0.01375,0.0825,4.125,0.12375,4.125,4.24875,0.002555541694164276
main,sparse,approval_links,0.1,3,0.99875,0.00125,0.9925,0.0,0.095,0.015833333333333335,0.095,4.75,0.1425,4.75,4.8925,0.0022493749856948853
main,sparse,approval_links,0.1,4,0.9958333333333333,0.004166666666666667,0.975,0.0,0.1,0.016666666666666666,0.1,5.0,0.15,5.0,5.15,0.0024687498807907104
main,sparse,approval_links,0.1,5,0.9970833333333333,0.002916666666666667,0.9825,0.0,0.12,0.02,0.12,6.0,0.18,6.0,6.18,0.0026097502559423447
main,sparse,approval_links,0.1,6,0.9970833333333333,0.002916666666666667,0.9825,0.0,0.0875,0.014583333333333334,0.0875,4.375,0.13125,4.375,4.50625,0.002249500248581171
main,sparse,approval_links,0.1,7,0.99875,0.00125,0.9925,0.0,0.085,0.014166666666666666,0.085,4.25,0.1275,4.25,4.3775,0.0025383750908076763
main,sparse,approval_links,0.1,8,0.9958333333333333,0.004166666666666667,0.975,0.0,0.1275,0.02125,0.1275,6.375,0.19125,6.375,6.56625,0.0023471247404813766
main,sparse,approval_links,0.1,9,0.9958333333333333,0.004166666666666667,0.975,0.0,0.1125,0.01875,0.1125,5.625,0.16875,5.625,5.79375,0.0023207496851682663
main,sparse,approval_links,0.1,10,0.9975,0.0025,0.985,0.0,0.07,0.011666666666666667,0.07,3.5,0.105,3.5,3.605,0.0021920418366789818
main,sparse,approval_links,0.1,11,0.99875,0.00125,0.9925,0.0,0.075,0.0125,0.075,3.75,0.1125,3.75,3.8625,0.0021897912956774235
main,sparse,approval_links,0.1,12,0.9966666666666667,0.0033333333333333335,0.98,0.0,0.1275,0.02125,0.1275,6.375,0.19125,6.375,6.56625,0.002359790727496147
main,sparse,approval_links,0.1,13,0.9975,0.0025,0.985,0.0,0.09,0.015,0.09,4.5,0.135,4.5,4.635,0.002238042186945677
main,sparse,approval_links,0.1,14,0.9979166666666667,0.0020833333333333333,0.9875,0.0,0.0825,0.01375,0.0825,4.125,0.12375,4.125,4.24875,0.002599916886538267
main,sparse,approval_links,0.1,15,0.9970833333333333,0.002916666666666667,0.9825,0.0,0.1,0.016666666666666666,0.1,5.0,0.15,5.0,5.15,0.0022828751243650913
main,sparse,approval_links,0.1,16,0.99625,0.00375,0.9775,0.0,0.135,0.0225,0.135,6.75,0.2025,6.75,6.9525,0.002394583076238632
main,sparse,approval_links,0.1,17,0.9966666666666667,0.0033333333333333335,0.98,0.0,0.1025,0.017083333333333332,0.1025,5.125,0.15375,5.125,5.27875,0.002598375082015991
main,sparse,approval_links,0.1,18,0.99625,0.00375,0.9775,0.0,0.1425,0.02375,0.1425,7.125,0.21375,7.125,7.33875,0.002410333137959242
main,sparse,approval_links,0.1,19,0.9966666666666667,0.0033333333333333335,0.98,0.0,0.1075,0.017916666666666668,0.1075,5.375,0.16125,5.375,5.53625,0.0025414996780455112
main,sparse,approval_links,0.2,0,0.9966666666666667,0.0033333333333333335,0.98,0.0,0.2,0.03333333333333333,0.2,10.0,0.3,10.0,10.3,0.0025573750026524067
main,sparse,approval_links,0.2,1,0.9954166666666666,0.004583333333333333,0.9725,0.0,0.1575,0.02625,0.1575,7.875,0.23625,7.875,8.11125,0.002607541624456644
main,sparse,approval_links,0.2,2,0.99625,0.00375,0.9775,0.0,0.1925,0.03208333333333333,0.1925,9.625,0.28875,9.625,9.91375,0.0027641248889267445
main,sparse,approval_links,0.2,3,0.9958333333333333,0.004166666666666667,0.975,0.0,0.2025,0.03375,0.2025,10.125,0.30375,10.125,10.42875,0.0027004163712263107
main,sparse,approval_links,0.2,4,0.9941666666666666,0.005833333333333334,0.965,0.0,0.1875,0.03125,0.1875,9.375,0.28125,9.375,9.65625,0.0025488752871751785
main,sparse,approval_links,0.2,5,0.9966666666666667,0.0033333333333333335,0.98,0.0,0.2025,0.03375,0.2025,10.125,0.30375,10.125,10.42875,0.0025720419362187386
main,sparse,approval_links,0.2,6,0.9958333333333333,0.004166666666666667,0.975,0.0,0.185,0.030833333333333334,0.185,9.25,0.2775,9.25,9.5275,0.002705667167901993
main,sparse,approval_links,0.2,7,0.9908333333333333,0.009166666666666667,0.945,0.0,0.2,0.03333333333333333,0.2,10.0,0.3,10.0,10.3,0.0027533341199159622
main,sparse,approval_links,0.2,8,0.9958333333333333,0.004166666666666667,0.975,0.0,0.185,0.030833333333333334,0.185,9.25,0.2775,9.25,9.5275,0.002847792115062475
main,sparse,approval_links,0.2,9,0.99625,0.00375,0.9775,0.0,0.1675,0.027916666666666666,0.1675,8.375,0.25125,8.375,8.62625,0.002512207720428705
main,sparse,approval_links,0.2,10,0.9933333333333333,0.006666666666666667,0.96,0.0,0.1975,0.032916666666666664,0.1975,9.875,0.29625,9.875,10.17125,0.002667541615664959
main,sparse,approval_links,0.2,11,0.9941666666666666,0.005833333333333334,0.965,0.0,0.195,0.0325,0.195,9.75,0.2925,9.75,10.0425,0.0027429996989667416
main,sparse,approval_links,0.2,12,0.9929166666666667,0.007083333333333333,0.9575,0.0,0.1775,0.029583333333333333,0.1775,8.875,0.26625,8.875,9.14125,0.002466208301484585
main,sparse,approval_links,0.2,13,0.9970833333333333,0.002916666666666667,0.9825,0.0,0.16,0.02666666666666667,0.16,8.0,0.24,8.0,8.24,0.0027233329601585865
main,sparse,approval_links,0.2,14,0.99375,0.00625,0.9625,0.0,0.1875,0.03125,0.1875,9.375,0.28125,9.375,9.65625,0.002523750066757202
main,sparse,approval_links,0.2,15,0.9966666666666667,0.0033333333333333335,0.98,0.0,0.1925,0.03208333333333333,0.1925,9.625,0.28875,9.625,9.91375,0.0026444997638463974
main,sparse,approval_links,0.2,16,0.9945833333333334,0.005416666666666667,0.9675,0.0,0.2075,0.034583333333333334,0.2075,10.375,0.31125,10.375,10.68625,0.0025831670500338078
main,sparse,approval_links,0.2,17,0.9933333333333333,0.006666666666666667,0.96,0.0,0.1925,0.03208333333333333,0.1925,9.625,0.28875,9.625,9.91375,0.002708541229367256
main,sparse,approval_links,0.2,18,0.9929166666666667,0.007083333333333333,0.9575,0.0,0.2275,0.03791666666666667,0.2275,11.375,0.34125,11.375,11.71625,0.0028164591640233994
main,sparse,approval_links,0.2,19,0.9970833333333333,0.002916666666666667,0.9825,0.0,0.1925,0.03208333333333333,0.1925,9.625,0.28875,9.625,9.91375,0.0028049577958881855
main,sparse,approval_links,0.4,0,0.9891666666666666,0.010833333333333334,0.935,0.0,0.375,0.0625,0.375,18.75,0.5625,18.75,19.3125,0.0030799158848822117
main,sparse,approval_links,0.4,1,0.98625,0.01375,0.9175,0.0,0.38,0.06333333333333334,0.38,19.0,0.57,19.0,19.57,0.003146042115986347
main,sparse,approval_links,0.4,2,0.9866666666666667,0.013333333333333334,0.92,0.0,0.3825,0.06375,0.3825,19.125,0.57375,19.125,19.69875,0.0033743749372661114
main,sparse,approval_links,0.4,3,0.9854166666666667,0.014583333333333334,0.9125,0.0,0.4175,0.06958333333333333,0.4175,20.875,0.62625,20.875,21.50125,0.0032095001079142094
main,sparse,approval_links,0.4,4,0.9845833333333334,0.015416666666666667,0.9075,0.0,0.455,0.07583333333333334,0.455,22.75,0.6825,22.75,23.4325,0.0033107921481132507
main,sparse,approval_links,0.4,5,0.9891666666666666,0.010833333333333334,0.935,0.0,0.3775,0.06291666666666666,0.3775,18.875,0.56625,18.875,19.44125,0.0031304173171520233
main,sparse,approval_links,0.4,6,0.9895833333333334,0.010416666666666666,0.9375,0.0,0.405,0.0675,0.405,20.25,0.6075,20.25,20.8575,0.0034051667898893356
main,sparse,approval_links,0.4,7,0.99,0.01,0.94,0.0,0.3475,0.057916666666666665,0.3475,17.375,0.52125,17.375,17.89625,0.0030375411733984947
main,sparse,approval_links,0.4,8,0.98375,0.01625,0.9025,0.0,0.4175,0.06958333333333333,0.4175,20.875,0.62625,20.875,21.50125,0.0033842502161860466
main,sparse,approval_links,0.4,9,0.9883333333333333,0.011666666666666667,0.93,0.0,0.4325,0.07208333333333333,0.4325,21.625,0.64875,21.625,22.27375,0.003286834340542555
main,sparse,approval_links,0.4,10,0.9875,0.0125,0.925,0.0,0.3725,0.06208333333333333,0.3725,18.625,0.55875,18.625,19.18375,0.0032760421745479107
main,sparse,approval_links,0.4,11,0.99,0.01,0.94,0.0,0.3525,0.05875,0.3525,17.625,0.52875,17.625,18.15375,0.0030495421960949898
main,sparse,approval_links,0.4,12,0.99,0.01,0.94,0.0,0.425,0.07083333333333333,0.425,21.25,0.6375,21.25,21.8875,0.00355600006878376
main,sparse,approval_links,0.4,13,0.9891666666666666,0.010833333333333334,0.935,0.0,0.3875,0.06458333333333334,0.3875,19.375,0.58125,19.375,19.95625,0.003547375090420246
main,sparse,approval_links,0.4,14,0.9904166666666666,0.009583333333333333,0.9425,0.0,0.365,0.060833333333333336,0.365,18.25,0.5475,18.25,18.7975,0.0030625001527369022
main,sparse,approval_links,0.4,15,0.9858333333333333,0.014166666666666666,0.915,0.0,0.36,0.06,0.36,18.0,0.54,18.0,18.54,0.0033254167065024376
main,sparse,approval_links,0.4,16,0.9858333333333333,0.014166666666666666,0.915,0.0,0.4,0.06666666666666667,0.4,20.0,0.6,20.0,20.6,0.0033396249637007713
main,sparse,approval_links,0.4,17,0.98875,0.01125,0.9325,0.0,0.385,0.06416666666666666,0.385,19.25,0.5775,19.25,19.8275,0.0033479579724371433
main,sparse,approval_links,0.4,18,0.99125,0.00875,0.9475,0.0,0.36,0.06,0.36,18.0,0.54,18.0,18.54,0.0031987917609512806
main,sparse,approval_links,0.4,19,0.99,0.01,0.94,0.0,0.435,0.0725,0.435,21.75,0.6525,21.75,22.4025,0.0033618342131376266
main,sparse,correlation_ids,0.0,0,1.0,0.0,1.0,0.0,0.0,0.0,0.0,0.0,0.0,0.0,0.0,0.0023233331739902496
main,sparse,correlation_ids,0.0,1,1.0,0.0,1.0,0.0,0.0,0.0,0.0,0.0,0.0,0.0,0.0,0.0019717086106538773
main,sparse,correlation_ids,0.0,2,1.0,0.0,1.0,0.0,0.0,0.0,0.0,0.0,0.0,0.0,0.0,0.002129124943166971
main,sparse,correlation_ids,0.0,3,1.0,0.0,1.0,0.0,0.0,0.0,0.0,0.0,0.0,0.0,0.0,0.002098832745105028
main,sparse,correlation_ids,0.0,4,1.0,0.0,1.0,0.0,0.0,0.0,0.0,0.0,0.0,0.0,0.0,0.00218299962580204
main,sparse,correlation_ids,0.0,5,1.0,0.0,1.0,0.0,0.0,0.0,0.0,0.0,0.0,0.0,0.0,0.002098791766911745
main,sparse,correlation_ids,0.0,6,1.0,0.0,1.0,0.0,0.0,0.0,0.0,0.0,0.0,0.0,0.0,0.0023462921380996704
main,sparse,correlation_ids,0.0,7,1.0,0.0,1.0,0.0,0.0,0.0,0.0,0.0,0.0,0.0,0.0,0.002079167403280735
main,sparse,correlation_ids,0.0,8,1.0,0.0,1.0,0.0,0.0,0.0,0.0,0.0,0.0,0.0,0.0,0.0020749997347593307
main,sparse,correlation_ids,0.0,9,1.0,0.0,1.0,0.0,0.0,0.0,0.0,0.0,0.0,0.0,0.0,0.002002542372792959
main,sparse,correlation_ids,0.0,10,1.0,0.0,1.0,0.0,0.0,0.0,0.0,0.0,0.0,0.0,0.0,0.0022934996522963047
main,sparse,correlation_ids,0.0,11,1.0,0.0,1.0,0.0,0.0,0.0,0.0,0.0,0.0,0.0,0.0,0.0021036253310739994
main,sparse,correlation_ids,0.0,12,1.0,0.0,1.0,0.0,0.0,0.0,0.0,0.0,0.0,0.0,0.0,0.0021887910552322865
main,sparse,correlation_ids,0.0,13,1.0,0.0,1.0,0.0,0.0,0.0,0.0,0.0,0.0,0.0,0.0,0.0020741247572004795
main,sparse,correlation_ids,0.0,14,1.0,0.0,1.0,0.0,0.0,0.0,0.0,0.0,0.0,0.0,0.0,0.0021042092703282833
main,sparse,correlation_ids,0.0,15,1.0,0.0,1.0,0.0,0.0,0.0,0.0,0.0,0.0,0.0,0.0,0.0022234581410884857
main,sparse,correlation_ids,0.0,16,1.0,0.0,1.0,0.0,0.0,0.0,0.0,0.0,0.0,0.0,0.0,0.002091208938509226
main,sparse,correlation_ids,0.0,17,1.0,0.0,1.0,0.0,0.0,0.0,0.0,0.0,0.0,0.0,0.0,0.0020863329991698265
main,sparse,correlation_ids,0.0,18,1.0,0.0,1.0,0.0,0.0,0.0,0.0,0.0,0.0,0.0,0.0,0.002065124921500683
main,sparse,correlation_ids,0.0,19,1.0,0.0,1.0,0.0,0.0,0.0,0.0,0.0,0.0,0.0,0.0,0.001970625016838312
main,sparse,correlation_ids,0.01,0,1.0,0.0,1.0,0.0,0.0075,0.00125,0.0125,0.625,0.01875,0.375,0.39375,0.0021735415793955326
main,sparse,correlation_ids,0.01,1,0.99875,0.00125,0.9975,0.0,0.005,0.0008333333333333334,0.0075,0.375,0.01125,0.25,0.26125,0.002054292242974043
main,sparse,correlation_ids,0.01,2,1.0,0.0,1.0,0.0,0.005,0.0008333333333333334,0.0075,0.375,0.01125,0.25,0.26125,0.00224862527102232
main,sparse,correlation_ids,0.01,3,1.0,0.0,1.0,0.0,0.0025,0.0004166666666666667,0.01,0.5,0.015,0.125,0.14,0.0021176249720156193
main,sparse,correlation_ids,0.01,4,0.99875,0.00125,0.9975,0.0,0.01,0.0016666666666666668,0.015,0.75,0.0225,0.5,0.5225,0.0022193752229213715
main,sparse,correlation_ids,0.01,5,1.0,0.0,1.0,0.0,0.0075,0.00125,0.01,0.5,0.015,0.375,0.39,0.0021047499030828476
main,sparse,correlation_ids,0.01,6,1.0,0.0,1.0,0.0,0.005,0.0008333333333333334,0.0125,0.625,0.01875,0.25,0.26875,0.002142667304724455
main,sparse,correlation_ids,0.01,7,0.99875,0.00125,0.9975,0.0,0.01,0.0016666666666666668,0.015,0.75,0.0225,0.5,0.5225,0.002182291354984045
main,sparse,correlation_ids,0.01,8,0.99875,0.00125,0.9975,0.0,0.0075,0.00125,0.0175,0.875,0.02625,0.375,0.40125,0.002005666960030794
main,sparse,correlation_ids,0.01,9,1.0,0.0,1.0,0.0,0.0075,0.00125,0.0175,0.875,0.02625,0.375,0.40125,0.0021627917885780334
main,sparse,correlation_ids,0.01,10,0.99875,0.00125,0.9975,0.0,0.0075,0.00125,0.0225,1.125,0.03375,0.375,0.40875,0.00218691723421216
main,sparse,correlation_ids,0.01,11,1.0,0.0,1.0,0.0,0.005,0.0008333333333333334,0.0125,0.625,0.01875,0.25,0.26875,0.0020814593881368637
main,sparse,correlation_ids,0.01,12,0.99875,0.00125,0.9975,0.0,0.0025,0.0004166666666666667,0.0075,0.375,0.01125,0.125,0.13625,0.0021384581923484802
main,sparse,correlation_ids,0.01,13,1.0,0.0,1.0,0.0,0.0,0.0,0.0025,0.125,0.00375,0.0,0.00375,0.002109707798808813
main,sparse,correlation_ids,0.01,14,1.0,0.0,1.0,0.0,0.0025,0.0004166666666666667,0.005,0.25,0.0075,0.125,0.1325,0.002142874989658594
main,sparse,correlation_ids,0.01,15,0.99875,0.00125,0.9975,0.0,0.005,0.0008333333333333334,0.0125,0.625,0.01875,0.25,0.26875,0.0022292500361800194
main,sparse,correlation_ids,0.01,16,1.0,0.0,1.0,0.0,0.0025,0.0004166666666666667,0.0075,0.375,0.01125,0.125,0.13625,0.0020843339152634144
main,sparse,correlation_ids,0.01,17,1.0,0.0,1.0,0.0,0.0025,0.0004166666666666667,0.01,0.5,0.015,0.125,0.14,0.0021410412155091763
main,sparse,correlation_ids,0.01,18,0.99875,0.00125,0.9975,0.0,0.0025,0.0004166666666666667,0.005,0.25,0.0075,0.125,0.1325,0.001993624959141016
main,sparse,correlation_ids,0.01,19,1.0,0.0,1.0,0.0,0.0,0.0,0.0075,0.375,0.01125,0.0,0.01125,0.0022927909158170223
main,sparse,correlation_ids,0.05,0,0.9975,0.0025,0.995,0.0,0.02,0.0033333333333333335,0.0575,2.875,0.08625,1.0,1.08625,0.002268542069941759
main,sparse,correlation_ids,0.05,1,0.99875,0.00125,0.9975,0.0,0.0125,0.0020833333333333333,0.055,2.75,0.0825,0.625,0.7075,0.0025528748519718647
main,sparse,correlation_ids,0.05,2,0.9975,0.0025,0.995,0.0,0.0225,0.00375,0.055,2.75,0.0825,1.125,1.2075,0.002279750071465969
main,sparse,correlation_ids,0.05,3,1.0,0.0,1.0,0.0,0.02,0.0033333333333333335,0.075,3.75,0.1125,1.0,1.1125,0.0022465838119387627
main,sparse,correlation_ids,0.05,4,0.99625,0.00375,0.9925,0.0,0.0425,0.007083333333333333,0.0825,4.125,0.12375,2.125,2.24875,0.002395832911133766
main,sparse,correlation_ids,0.05,5,0.9975,0.0025,0.995,0.0,0.03,0.005,0.0725,3.625,0.10875,1.5,1.60875,0.0023415829055011272
main,sparse,correlation_ids,0.05,6,1.0,0.0,1.0,0.0,0.0125,0.0020833333333333333,0.0475,2.375,0.07125,0.625,0.69625,0.0022895829752087593
main,sparse,correlation_ids,0.05,7,0.9954166666666666,0.004583333333333333,0.9925,0.0,0.02,0.00375,0.075,3.75,0.1125,1.125,1.2375,0.002251332625746727
main,sparse,correlation_ids,0.05,8,0.9954166666666666,0.004583333333333333,0.9925,0.0,0.04,0.006666666666666667,0.0775,3.875,0.11625,2.0,2.11625,0.002354125026613474
main,sparse,correlation_ids,0.05,9,0.99875,0.00125,0.9975,0.0,0.0175,0.002916666666666667,0.055,2.75,0.0825,0.875,0.9575,0.002497625071555376
main,sparse,correlation_ids,0.05,10,0.9975,0.0025,0.995,0.0,0.03,0.005,0.0475,2.375,0.07125,1.5,1.57125,0.0021675419993698597
main,sparse,correlation_ids,0.05,11,1.0,0.0,1.0,0.0,0.0275,0.004583333333333333,0.06,3.0,0.09,1.375,1.465,0.0022637504152953625
main,sparse,correlation_ids,0.05,12,1.0,0.0,1.0,0.0,0.015,0.0025,0.0525,2.625,0.07875,0.75,0.82875,0.0021574576385319233
main,sparse,correlation_ids,0.05,13,0.9941666666666666,0.005833333333333334,0.99,0.0,0.025,0.004166666666666667,0.075,3.75,0.1125,1.25,1.3625,0.002418499905616045
main,sparse,correlation_ids,0.05,14,0.99875,0.00125,0.9975,0.0,0.0225,0.004166666666666667,0.065,3.25,0.0975,1.25,1.3475,0.0022984594106674194
main,sparse,correlation_ids,0.05,15,0.99375,0.00625,0.9875,0.0,0.0325,0.005416666666666667,0.075,3.75,0.1125,1.625,1.7375,0.002187708392739296
main,sparse,correlation_ids,0.05,16,0.99875,0.00125,0.9975,0.0,0.0275,0.004583333333333333,0.07,3.5,0.105,1.375,1.48,0.002333957701921463
main,sparse,correlation_ids,0.05,17,0.9966666666666667,0.0033333333333333335,0.995,0.0,0.0225,0.00375,0.065,3.25,0.0975,1.125,1.2225,0.0023885839618742466
main,sparse,correlation_ids,0.05,18,0.99875,0.00125,0.9975,0.0,0.025,0.004166666666666667,0.055,2.75,0.0825,1.25,1.3325,0.0022551249712705612
main,sparse,correlation_ids,0.05,19,0.99625,0.00375,0.9925,0.0,0.025,0.004166666666666667,0.06,3.0,0.09,1.25,1.34,0.002341166138648987
main,sparse,correlation_ids,0.1,0,0.9916666666666667,0.008333333333333333,0.985,0.0,0.0575,0.009583333333333333,0.1325,6.625,0.19875,2.875,3.07375,0.0026300838217139244
main,sparse,correlation_ids,0.1,1,0.9875,0.0125,0.98,0.0,0.0575,0.009583333333333333,0.1475,7.375,0.22125,2.875,3.09625,0.002609582617878914
main,sparse,correlation_ids,0.1,2,0.9975,0.0025,0.995,0.0,0.0425,0.007916666666666667,0.14,7.0,0.21,2.375,2.585,0.002601166721433401
main,sparse,correlation_ids,0.1,3,0.9954166666666666,0.004583333333333333,0.9925,0.0,0.06,0.010416666666666666,0.165,8.25,0.2475,3.125,3.3725,0.0027163750492036343
main,sparse,correlation_ids,0.1,4,0.99625,0.00375,0.9925,0.0,0.055,0.009166666666666667,0.1225,6.125,0.18375,2.75,2.93375,0.002352457959204912
main,sparse,correlation_ids,0.1,5,0.9966666666666667,0.0033333333333333335,0.995,0.0,0.0675,0.01125,0.155,7.75,0.2325,3.375,3.6075,0.0025541670620441437
main,sparse,correlation_ids,0.1,6,0.995,0.005,0.99,0.0,0.05,0.00875,0.1225,6.125,0.18375,2.625,2.80875,0.0026511247269809246
main,sparse,correlation_ids,0.1,7,0.9966666666666667,0.0033333333333333335,0.995,0.0,0.0325,0.005833333333333334,0.1375,6.875,0.20625,1.75,1.95625,0.002461582887917757
main,sparse,correlation_ids,0.1,8,0.995,0.005,0.99,0.0,0.055,0.009166666666666667,0.1575,7.875,0.23625,2.75,2.98625,0.0027221660129725933
main,sparse,correlation_ids,0.1,9,0.9908333333333333,0.009166666666666667,0.985,0.0,0.065,0.01125,0.155,7.75,0.2325,3.375,3.6075,0.0024557500146329403
main,sparse,correlation_ids,0.1,10,0.9975,0.0025,0.995,0.0,0.055,0.009166666666666667,0.13,6.5,0.195,2.75,2.945,0.0024132090620696545
main,sparse,correlation_ids,0.1,11,0.9908333333333333,0.009166666666666667,0.985,0.0,0.05,0.00875,0.135,6.75,0.2025,2.625,2.8275,0.00251120887696743
main,sparse,correlation_ids,0.1,12,0.99,0.01,0.985,0.0,0.055,0.009166666666666667,0.15,7.5,0.225,2.75,2.975,0.0026110420003533363
main,sparse,correlation_ids,0.1,13,0.9916666666666667,0.008333333333333333,0.985,0.0,0.065,0.010833333333333334,0.135,6.75,0.2025,3.25,3.4525,0.002447874750941992
main,sparse,correlation_ids,0.1,14,0.9916666666666667,0.008333333333333333,0.985,0.0,0.04,0.006666666666666667,0.1275,6.375,0.19125,2.0,2.19125,0.0027613751590251923
main,sparse,correlation_ids,0.1,15,0.9929166666666667,0.007083333333333333,0.9875,0.0,0.0475,0.007916666666666667,0.1325,6.625,0.19875,2.375,2.57375,0.002456833142787218
main,sparse,correlation_ids,0.1,16,0.9925,0.0075,0.985,0.0,0.08,0.013333333333333334,0.18,9.0,0.27,4.0,4.27,0.0025534997694194317
main,sparse,correlation_ids,0.1,17,0.9929166666666667,0.007083333333333333,0.9875,0.0,0.06,0.01,0.1325,6.625,0.19875,3.0,3.19875,0.0026346249505877495
main,sparse,correlation_ids,0.1,18,0.9875,0.0125,0.98,0.0,0.0725,0.0125,0.2075,10.375,0.31125,3.75,4.06125,0.0025932076387107372
main,sparse,correlation_ids,0.1,19,0.995,0.005,0.99,0.0,0.0425,0.0075,0.135,6.75,0.2025,2.25,2.4525,0.002625915687531233
main,sparse,correlation_ids,0.2,0,0.98875,0.01125,0.9775,0.0,0.1125,0.019583333333333335,0.315,15.75,0.4725,5.875,6.3475,0.002918125130236149
main,sparse,correlation_ids,0.2,1,0.9941666666666666,0.005833333333333334,0.99,0.0,0.0975,0.017083333333333332,0.3,15.0,0.45,5.125,5.575,0.0033629583194851875
main,sparse,correlation_ids,0.2,2,0.9795833333333334,0.020416666666666666,0.9675,0.0,0.1525,0.02666666666666667,0.345,17.25,0.5175,8.0,8.5175,0.003142707981169224
main,sparse,correlation_ids,0.2,3,0.9891666666666666,0.010833333333333334,0.98,0.0,0.135,0.02375,0.365,18.25,0.5475,7.125,7.6725,0.0034839999862015247
main,sparse,correlation_ids,0.2,4,0.985,0.015,0.9775,0.0,0.1275,0.023333333333333334,0.325,16.25,0.4875,7.0,7.4875,0.0030291248112916946
main,sparse,correlation_ids,0.2,5,0.98375,0.01625,0.9725,0.0,0.1375,0.025416666666666667,0.3425,17.125,0.51375,7.625,8.13875,0.0031341249123215675
main,sparse,correlation_ids,0.2,6,0.9804166666666667,0.019583333333333335,0.97,0.0,0.1325,0.025,0.3275,16.375,0.49125,7.5,7.99125,0.0030231252312660217
main,sparse,correlation_ids,0.2,7,0.9870833333333333,0.012916666666666667,0.9775,0.0,0.09,0.017916666666666668,0.325,16.25,0.4875,5.375,5.8625,0.003509541042149067
main,sparse,correlation_ids,0.2,8,0.9841666666666666,0.015833333333333335,0.975,0.0,0.1525,0.027916666666666666,0.405,20.25,0.6075,8.375,8.9825,0.0031559159979224205
main,sparse,correlation_ids,0.2,9,0.99,0.01,0.98,0.0,0.12,0.020833333333333332,0.355,17.75,0.5325,6.25,6.7825,0.003200707957148552
main,sparse,correlation_ids,0.2,10,0.9841666666666666,0.015833333333333335,0.975,0.0,0.11,0.019166666666666665,0.3475,17.375,0.52125,5.75,6.27125,0.00307691702619195
main,sparse,correlation_ids,0.2,11,0.9920833333333333,0.007916666666666667,0.9875,0.0,0.135,0.025,0.34,17.0,0.51,7.5,8.01,0.0030302912928164005
main,sparse,correlation_ids,0.2,12,0.9858333333333333,0.014166666666666666,0.975,0.0,0.13,0.024166666666666666,0.3425,17.125,0.51375,7.25,7.76375,0.0030039167031645775
main,sparse,correlation_ids,0.2,13,0.98875,0.01125,0.9775,0.0,0.1375,0.024583333333333332,0.32,16.0,0.48,7.375,7.855,0.003140291664749384
main,sparse,correlation_ids,0.2,14,0.98375,0.01625,0.97,0.0,0.1175,0.021666666666666667,0.3275,16.375,0.49125,6.5,6.99125,0.002955083269625902
main,sparse,correlation_ids,0.2,15,0.9754166666666667,0.024583333333333332,0.9575,0.0,0.125,0.022916666666666665,0.325,16.25,0.4875,6.875,7.3625,0.0031645423732697964
main,sparse,correlation_ids,0.2,16,0.9845833333333334,0.015416666666666667,0.9725,0.0,0.155,0.028333333333333332,0.38,19.0,0.57,8.5,9.07,0.0033945832401514053
main,sparse,correlation_ids,0.2,17,0.9779166666666667,0.022083333333333333,0.9625,0.0,0.1225,0.023333333333333334,0.365,18.25,0.5475,7.0,7.5475,0.0034324158914387226
main,sparse,correlation_ids,0.2,18,0.9783333333333334,0.021666666666666667,0.965,0.0,0.1425,0.02625,0.3625,18.125,0.54375,7.875,8.41875,0.003090833779424429
main,sparse,correlation_ids,0.2,19,0.9883333333333333,0.011666666666666667,0.98,0.0,0.1225,0.021666666666666667,0.3275,16.375,0.49125,6.5,6.99125,0.003243332728743553
main,sparse,correlation_ids,0.4,0,0.955,0.045,0.925,0.0,0.2825,0.06416666666666666,1.0175,50.875,1.52625,19.25,20.77625,0.00498058320954442
main,sparse,correlation_ids,0.4,1,0.9654166666666667,0.034583333333333334,0.95,0.0,0.285,0.06583333333333333,0.94,47.0,1.41,19.75,21.16,0.0050323340110480785
main,sparse,correlation_ids,0.4,2,0.9629166666666666,0.037083333333333336,0.94,0.0,0.2675,0.06125,0.95,47.5,1.425,18.375,19.8,0.005371666979044676
main,sparse,correlation_ids,0.4,3,0.945,0.055,0.9225,0.0,0.3175,0.07083333333333333,1.0,50.0,1.5,21.25,22.75,0.0050586252473294735
main,sparse,correlation_ids,0.4,4,0.9495833333333333,0.050416666666666665,0.9175,0.0,0.3525,0.07625,0.9425,47.125,1.41375,22.875,24.28875,0.004965249914675951
main,sparse,correlation_ids,0.4,5,0.9670833333333333,0.032916666666666664,0.9525,0.0,0.2725,0.05875,0.8975,44.875,1.34625,17.625,18.97125,0.005129124969244003
main,sparse,correlation_ids,0.4,6,0.9591666666666666,0.04083333333333333,0.9325,0.0,0.2975,0.06333333333333334,0.9775,48.875,1.46625,19.0,20.46625,0.005349083337932825
main,sparse,correlation_ids,0.4,7,0.9575,0.0425,0.94,0.0,0.295,0.06333333333333334,0.925,46.25,1.3875,19.0,20.3875,0.004956750199198723
main,sparse,correlation_ids,0.4,8,0.9575,0.0425,0.935,0.0,0.3,0.06541666666666666,1.0375,51.875,1.55625,19.625,21.18125,0.005322500132024288
main,sparse,correlation_ids,0.4,9,0.9666666666666667,0.03333333333333333,0.94,0.0,0.3175,0.07291666666666667,1.0375,51.875,1.55625,21.875,23.43125,0.005430083256214857
main,sparse,correlation_ids,0.4,10,0.96625,0.03375,0.95,0.0,0.2975,0.06375,0.9475,47.375,1.42125,19.125,20.54625,0.005199791863560677
main,sparse,correlation_ids,0.4,11,0.965,0.035,0.9525,0.0,0.2575,0.057916666666666665,0.8975,44.875,1.34625,17.375,18.72125,0.005170958116650581
main,sparse,correlation_ids,0.4,12,0.9604166666666667,0.03958333333333333,0.9375,0.0,0.315,0.06958333333333333,0.9525,47.625,1.42875,20.875,22.30375,0.004794165957719088
main,sparse,correlation_ids,0.4,13,0.9504166666666667,0.04958333333333333,0.925,0.0,0.3125,0.06916666666666667,0.9925,49.625,1.48875,20.75,22.23875,0.005303916987031698
main,sparse,correlation_ids,0.4,14,0.9625,0.0375,0.935,0.0,0.295,0.07,1.0075,50.375,1.51125,21.0,22.51125,0.005451125092804432
main,sparse,correlation_ids,0.4,15,0.9504166666666667,0.04958333333333333,0.925,0.0,0.3025,0.07083333333333333,0.98,49.0,1.47,21.25,22.72,0.005406832788139582
main,sparse,correlation_ids,0.4,16,0.955,0.045,0.93,0.0,0.3175,0.06875,0.9625,48.125,1.44375,20.625,22.06875,0.004873041063547134
main,sparse,correlation_ids,0.4,17,0.9754166666666667,0.024583333333333332,0.9625,0.0,0.2675,0.0625,0.9825,49.125,1.47375,18.75,20.22375,0.005319415591657162
main,sparse,correlation_ids,0.4,18,0.9616666666666667,0.03833333333333333,0.94,0.0,0.3,0.06375,0.9075,45.375,1.36125,19.125,20.48625,0.0046770828776061535
main,sparse,correlation_ids,0.4,19,0.9629166666666666,0.037083333333333336,0.9475,0.0,0.29,0.06791666666666667,1.0625,53.125,1.59375,20.375,21.96875,0.005075792316347361
main,sparse,source_artifacts,0.0,0,1.0,0.0,1.0,0.0,0.0,0.0,0.0,0.0,0.0,0.0,0.0,0.002204541116952896
main,sparse,source_artifacts,0.0,1,1.0,0.0,1.0,0.0,0.0,0.0,0.0,0.0,0.0,0.0,0.0,0.0021816249936819077
main,sparse,source_artifacts,0.0,2,1.0,0.0,1.0,0.0,0.0,0.0,0.0,0.0,0.0,0.0,0.0,0.0019694590009748936
main,sparse,source_artifacts,0.0,3,1.0,0.0,1.0,0.0,0.0,0.0,0.0,0.0,0.0,0.0,0.0,0.002332791220396757
main,sparse,source_artifacts,0.0,4,1.0,0.0,1.0,0.0,0.0,0.0,0.0,0.0,0.0,0.0,0.0,0.0020486670546233654
main,sparse,source_artifacts,0.0,5,1.0,0.0,1.0,0.0,0.0,0.0,0.0,0.0,0.0,0.0,0.0,0.0020453748293220997
main,sparse,source_artifacts,0.0,6,1.0,0.0,1.0,0.0,0.0,0.0,0.0,0.0,0.0,0.0,0.0,0.0019755838438868523
main,sparse,source_artifacts,0.0,7,1.0,0.0,1.0,0.0,0.0,0.0,0.0,0.0,0.0,0.0,0.0,0.00195350032299757
main,sparse,source_artifacts,0.0,8,1.0,0.0,1.0,0.0,0.0,0.0,0.0,0.0,0.0,0.0,0.0,0.00200824998319149
main,sparse,source_artifacts,0.0,9,1.0,0.0,1.0,0.0,0.0,0.0,0.0,0.0,0.0,0.0,0.0,0.001967041753232479
main,sparse,source_artifacts,0.0,10,1.0,0.0,1.0,0.0,0.0,0.0,0.0,0.0,0.0,0.0,0.0,0.002258166205137968
main,sparse,source_artifacts,0.0,11,1.0,0.0,1.0,0.0,0.0,0.0,0.0,0.0,0.0,0.0,0.0,0.002111125271767378
main,sparse,source_artifacts,0.0,12,1.0,0.0,1.0,0.0,0.0,0.0,0.0,0.0,0.0,0.0,0.0,0.001996207982301712
main,sparse,source_artifacts,0.0,13,1.0,0.0,1.0,0.0,0.0,0.0,0.0,0.0,0.0,0.0,0.0,0.002296292223036289
main,sparse,source_artifacts,0.0,14,1.0,0.0,1.0,0.0,0.0,0.0,0.0,0.0,0.0,0.0,0.0,0.0020871669985353947
main,sparse,source_artifacts,0.0,15,1.0,0.0,1.0,0.0,0.0,0.0,0.0,0.0,0.0,0.0,0.0,0.00214795907959342
main,sparse,source_artifacts,0.0,16,1.0,0.0,1.0,0.0,0.0,0.0,0.0,0.0,0.0,0.0,0.0,0.0021497909910976887
main,sparse,source_artifacts,0.0,17,1.0,0.0,1.0,0.0,0.0,0.0,0.0,0.0,0.0,0.0,0.0,0.0019600000232458115
main,sparse,source_artifacts,0.0,18,1.0,0.0,1.0,0.0,0.0,0.0,0.0,0.0,0.0,0.0,0.0,0.0020778747275471687
main,sparse,source_artifacts,0.0,19,1.0,0.0,1.0,0.0,0.0,0.0,0.0,0.0,0.0,0.0,0.0,0.0020314999856054783
main,sparse,source_artifacts,0.01,0,0.9733333333333334,0.016006739679865205,0.945,0.055,0.055,0.012916666666666667,0.055,2.66,0.08159999999999998,3.875,3.9566000000000003,0.0022871666587889194
main,sparse,source_artifacts,0.01,1,0.97625,0.010975094976783452,0.945,0.055,0.055,0.012083333333333333,0.055,2.675,0.08174999999999998,3.625,3.70675,0.0021842499263584614
main,sparse,source_artifacts,0.01,2,0.9608333333333333,0.013686911890504704,0.925,0.075,0.075,0.016666666666666666,0.075,3.63,0.1113,5.0,5.1113,0.0022977497428655624
main,sparse,source_artifacts,0.01,3,0.9741666666666666,0.0122517955217575,0.9375,0.0625,0.0625,0.012083333333333333,0.0625,3.0425,0.09292499999999995,3.625,3.717925,0.0021271249279379845
main,sparse,source_artifacts,0.01,4,0.9766666666666667,0.010970464135021098,0.9475,0.0525,0.0525,0.0125,0.055,2.685,0.08184999999999996,3.75,3.83185,0.0030539999715983868
main,sparse,source_artifacts,0.01,5,0.9758333333333333,0.012231126107127795,0.96,0.04,0.04,0.009166666666666667,0.04,1.95,0.05949999999999999,2.75,2.8095,0.00225845817476511
main,sparse,source_artifacts,0.01,6,0.965,0.017811704834605598,0.9325,0.0675,0.0675,0.016666666666666666,0.0675,3.2725,0.10022499999999995,5.0,5.100225,0.002100208308547735
main,sparse,source_artifacts,0.01,7,0.97,0.013559322033898305,0.935,0.065,0.065,0.014583333333333334,0.065,3.17,0.09669999999999997,4.375,4.4717,0.00261149974539876
main,sparse,source_artifacts,0.01,8,0.9658333333333333,0.016129032258064516,0.93,0.07,0.07,0.016666666666666666,0.07,3.395,0.10394999999999995,5.0,5.10395,0.0027227909304201603
main,sparse,source_artifacts,0.01,9,0.965,0.01947502116850127,0.9275,0.0725,0.0725,0.017083333333333332,0.075,3.6325,0.11132499999999997,5.125,5.236325000000001,0.002353750169277191
main,sparse,source_artifacts,0.01,10,0.9720833333333333,0.010602205258693808,0.9325,0.0675,0.0675,0.015833333333333335,0.0675,3.2775,0.10027499999999998,4.75,4.850275,0.002150957938283682
main,sparse,source_artifacts,0.01,11,0.9729166666666667,0.01059322033898305,0.9375,0.0625,0.0625,0.014166666666666666,0.0675,3.2775,0.10027499999999998,4.25,4.350275,0.002123208250850439
main,sparse,source_artifacts,0.01,12,0.9770833333333333,0.008037225042301184,0.9575,0.0425,0.0425,0.010833333333333334,0.045,2.19,0.0669,3.25,3.3169,0.0020676245912909508
main,sparse,source_artifacts,0.01,13,0.9741666666666666,0.010579771476936098,0.9475,0.0525,0.0525,0.012083333333333333,0.0525,2.5625,0.07812499999999997,3.625,3.703125,0.0021063750609755516
main,sparse,source_artifacts,0.01,14,0.9745833333333334,0.010575296108291032,0.955,0.045,0.045,0.011666666666666667,0.045,2.1875,0.06687499999999998,3.5,3.566875,0.002257124986499548
main,sparse,source_artifacts,0.01,15,0.9745833333333334,0.011829319814110688,0.9425,0.0575,0.0575,0.0125,0.06,2.915,0.08914999999999998,3.75,3.83915,0.0022498327307403088
main,sparse,source_artifacts,0.01,16,0.9683333333333334,0.01441899915182358,0.94,0.06,0.06,0.014583333333333334,0.06,2.92,0.08919999999999999,4.375,4.4642,0.0021060421131551266
main,sparse,source_artifacts,0.01,17,0.9645833333333333,0.026083298275136727,0.94,0.06,0.06,0.012916666666666667,0.06,2.91,0.08909999999999997,3.875,3.9640999999999997,0.0020900839008390903
main,sparse,source_artifacts,0.01,18,0.98125,0.011335012594458438,0.96,0.04,0.04,0.008333333333333333,0.04,1.945,0.059449999999999996,2.5,2.55945,0.002066332846879959
main,sparse,source_artifacts,0.01,19,0.96875,0.014412886816447647,0.9325,0.0675,0.0675,0.01625,0.0675,3.2775,0.10027499999999998,4.875,4.975275,0.0022927080281078815
main,sparse,source_artifacts,0.05,0,0.85875,0.06360745115856428,0.7125,0.2875,0.2875,0.06833333333333333,0.3075,14.235,0.44984999999999964,20.5,20.94985,0.0027089170180261135
main,sparse,source_artifacts,0.05,1,0.8658333333333333,0.050274223034734916,0.7325,0.2675,0.2675,0.06583333333333333,0.28,13.095,0.41095,19.75,20.16095,0.0025203749537467957
main,sparse,source_artifacts,0.05,2,0.85625,0.07348963029756538,0.7075,0.2925,0.2925,0.07041666666666667,0.31,14.455,0.4545499999999996,21.125,21.579549999999998,0.0025320411659777164
main,sparse,source_artifacts,0.05,3,0.8629166666666667,0.05820827648931332,0.72,0.28,0.28,0.06916666666666667,0.32,14.8,0.4679999999999999,20.75,21.218000000000004,0.002551749814301729
main,sparse,source_artifacts,0.05,4,0.8529166666666667,0.0795863309352518,0.705,0.295,0.295,0.07083333333333333,0.3225,14.8325,0.4708249999999998,21.25,21.720825,0.002781915944069624
main,sparse,source_artifacts,0.05,5,0.8608333333333333,0.05446224256292906,0.705,0.295,0.295,0.07333333333333333,0.3225,14.9075,0.47157499999999997,22.0,22.471574999999998,0.0025389171205461025
main,sparse,source_artifacts,0.05,6,0.885,0.044964028776978415,0.76,0.24,0.24,0.056666666666666664,0.2475,11.6275,0.36377499999999985,17.0,17.363775,0.0033809589222073555
main,sparse,source_artifacts,0.05,7,0.855,0.05131761442441054,0.7275,0.2725,0.2725,0.07125,0.2925,13.47,0.42719999999999986,21.375,21.8022,0.0025051250122487545
main,sparse,source_artifacts,0.05,8,0.8583333333333333,0.06150341685649203,0.715,0.285,0.285,0.07083333333333333,0.31,14.39,0.4538999999999998,21.25,21.703899999999997,0.002651084214448929
main,sparse,source_artifacts,0.05,9,0.8541666666666666,0.06135531135531135,0.7175,0.2825,0.2825,0.07208333333333333,0.2975,13.855,0.43604999999999966,21.625,22.06105,0.0027115000411868095
main,sparse,source_artifacts,0.05,10,0.9020833333333333,0.040336879432624116,0.7875,0.2125,0.2125,0.05291666666666667,0.2275,10.6925,0.3344249999999998,15.875,16.209425,0.002411917317658663
main,sparse,source_artifacts,0.05,11,0.8795833333333334,0.06757950530035335,0.74,0.26,0.26,0.06375,0.2775,12.98,0.40730000000000005,19.125,19.5323,0.0027287909761071205
main,sparse,source_artifacts,0.05,12,0.865,0.05291970802919708,0.7225,0.2775,0.2775,0.07,0.2875,13.3525,0.42102499999999976,21.0,21.421025,0.002476000227034092
main,sparse,source_artifacts,0.05,13,0.86,0.06690777576853527,0.72,0.28,0.28,0.06833333333333333,0.3025,14.065,0.44314999999999954,20.5,20.94315,0.002819374669343233
main,sparse,source_artifacts,0.05,14,0.8866666666666667,0.05169340463458111,0.76,0.24,0.24,0.06,0.2425,11.2975,0.35547499999999993,18.0,18.355475,0.0025924998335540295
main,sparse,source_artifacts,0.05,15,0.8441666666666666,0.07446322521699406,0.6875,0.3125,0.3125,0.08125,0.335,15.5175,0.49017499999999964,24.375,24.865175,0.0027493746019899845
main,sparse,source_artifacts,0.05,16,0.83375,0.0783049286043298,0.7025,0.2975,0.2975,0.07666666666666666,0.3175,14.57,0.4632000000000002,23.0,23.4632,0.002505750395357609
main,sparse,source_artifacts,0.05,17,0.88125,0.048582995951417005,0.74,0.26,0.26,0.06,0.28,13.1875,0.411875,18.0,18.411875,0.0026125418953597546
main,sparse,source_artifacts,0.05,18,0.8670833333333333,0.05537902859736723,0.725,0.275,0.275,0.06458333333333334,0.2925,13.65,0.42899999999999955,19.375,19.804,0.002505625132471323
main,sparse,source_artifacts,0.05,19,0.85,0.05817174515235457,0.695,0.305,0.305,0.07125,0.3325,15.295,0.4854499999999993,21.375,21.86045,0.002559749875217676
main,sparse,source_artifacts,0.1,0,0.7533333333333333,0.1067193675889328,0.5425,0.4575,0.4575,0.1325,0.515,22.635,0.74135,39.75,40.491350000000004,0.003111624624580145
main,sparse,source_artifacts,0.1,1,0.7325,0.12231652521218173,0.495,0.505,0.505,0.13291666666666666,0.58,25.5575,0.8355749999999992,39.875,40.710575,0.0028814999386668205
main,sparse,source_artifacts,0.1,2,0.7575,0.10399211434204042,0.55,0.45,0.45,0.12416666666666666,0.5275,23.39,0.7613999999999992,37.25,38.0114,0.002828999888151884
main,sparse,source_artifacts,0.1,3,0.7520833333333333,0.12122687439143136,0.515,0.485,0.485,0.13416666666666666,0.55,24.3125,0.7931249999999995,40.25,41.043125,0.0028620418161153793
main,sparse,source_artifacts,0.1,4,0.7520833333333333,0.11562959333659971,0.515,0.485,0.485,0.1325,0.52,23.0375,0.7503749999999999,39.75,40.500375,0.002954750321805477
main,sparse,source_artifacts,0.1,5,0.7558333333333334,0.11078431372549019,0.5125,0.4875,0.4875,0.12916666666666668,0.5625,24.8675,0.8111749999999995,38.75,39.561175,0.0028829998336732388
main,sparse,source_artifacts,0.1,6,0.7595833333333334,0.10461689587426326,0.575,0.425,0.425,0.1225,0.49,21.7625,0.7076250000000001,36.75,37.457625,0.0029500829987227917
main,sparse,source_artifacts,0.1,7,0.7741666666666667,0.11481657932348738,0.5625,0.4375,0.4375,0.12458333333333334,0.505,22.55,0.7304999999999996,37.375,38.1055,0.0029817502945661545
main,sparse,source_artifacts,0.1,8,0.76,0.10806845965770172,0.52,0.48,0.48,0.12916666666666668,0.5325,23.6375,0.7688749999999991,38.75,39.518875,0.0028027500957250595
main,sparse,source_artifacts,0.1,9,0.7466666666666667,0.10756972111553785,0.5325,0.4675,0.4675,0.13458333333333333,0.5375,23.6975,0.7744749999999996,40.375,41.149475,0.0028040828183293343
main,sparse,source_artifacts,0.1,10,0.7633333333333333,0.12720343020485947,0.545,0.455,0.455,0.12708333333333333,0.5325,23.62,0.7687000000000002,38.125,38.893699999999995,0.003364542033523321
main,sparse,source_artifacts,0.1,11,0.7479166666666667,0.10563029397110114,0.5125,0.4875,0.4875,0.1375,0.5675,24.985,0.8173499999999998,41.25,42.06735,0.003119291737675667
main,sparse,source_artifacts,0.1,12,0.7458333333333333,0.0986908358509567,0.5175,0.4825,0.4825,0.13375,0.5375,23.5525,0.7730250000000002,40.125,40.898025000000004,0.002949416171759367
main,sparse,source_artifacts,0.1,13,0.7529166666666667,0.10544554455445544,0.4975,0.5025,0.5025,0.13791666666666666,0.5675,25.0025,0.8175249999999998,41.375,42.192524999999996,0.0028855004347860813
main,sparse,source_artifacts,0.1,14,0.74625,0.11511857707509882,0.5175,0.4825,0.4825,0.13416666666666666,0.545,24.025,0.7852499999999998,40.25,41.03525,0.003060166724026203
main,sparse,source_artifacts,0.1,15,0.765,0.10395314787701318,0.535,0.465,0.465,0.12916666666666668,0.5375,23.62,0.7737000000000002,38.75,39.5237,0.002821417059749365
main,sparse,source_artifacts,0.1,16,0.755,0.10163609320773426,0.525,0.475,0.475,0.13666666666666666,0.555,24.2925,0.7979249999999997,41.0,41.79792499999999,0.0029959590174257755
main,sparse,source_artifacts,0.1,17,0.7441666666666666,0.10789210789210789,0.5125,0.4875,0.4875,0.13708333333333333,0.5675,24.9225,0.8167249999999997,41.125,41.941725,0.0029156669043004513
main,sparse,source_artifacts,0.1,18,0.7591666666666667,0.1181026137463698,0.53,0.47,0.47,0.13708333333333333,0.56,24.38,0.8037999999999998,41.125,41.9288,0.003082333132624626
main,sparse,source_artifacts,0.1,19,0.7383333333333333,0.10096397767630644,0.5075,0.4925,0.4925,0.14583333333333334,0.58,25.405,0.8340499999999991,43.75,44.58405,0.002949083223938942
main,sparse,source_artifacts,0.2,0,0.6029166666666667,0.16454965357967669,0.2975,0.7025,0.7025,0.2375,0.8975,35.6525,1.254024999999999,71.25,72.504025,0.003424040973186493
main,sparse,source_artifacts,0.2,1,0.5925,0.17036172695449242,0.275,0.725,0.725,0.24083333333333334,0.9475,37.675,1.3242500000000004,72.25,73.57425,0.003288166131824255
main,sparse,source_artifacts,0.2,2,0.6004166666666667,0.1622093023255814,0.305,0.695,0.695,0.24416666666666667,0.91,35.8975,1.2689750000000017,73.25,74.518975,0.003541833721101284
main,sparse,source_artifacts,0.2,3,0.57625,0.1728468899521531,0.265,0.735,0.735,0.24875,0.92,36.2575,1.2825750000000005,74.625,75.907575,0.0033041657879948616
main,sparse,source_artifacts,0.2,4,0.5779166666666666,0.19594202898550725,0.24,0.76,0.76,0.25,1.0275,40.615,1.4336499999999974,75.0,76.43365,0.00373008381575346
main,sparse,source_artifacts,0.2,5,0.59375,0.14362980769230768,0.2925,0.7075,0.7075,0.24958333333333332,0.8925,35.055,1.24305,74.875,76.11805,0.0032268338836729527
main,sparse,source_artifacts,0.2,6,0.58,0.18261890780974752,0.2775,0.7225,0.7225,0.23416666666666666,0.8725,34.6675,1.2191750000000008,70.25,71.469175,0.0035157082602381706
main,sparse,source_artifacts,0.2,7,0.6045833333333334,0.17929864253393665,0.27,0.73,0.73,0.24375,0.9275,36.625,1.2937500000000008,73.125,74.41875,0.00341945793479681
main,sparse,source_artifacts,0.2,8,0.5666666666666667,0.2079207920792079,0.22,0.78,0.78,0.2679166666666667,1.04,40.1525,1.4415249999999975,80.375,81.816525,0.003805125132203102
main,sparse,source_artifacts,0.2,9,0.5675,0.22171428571428572,0.265,0.735,0.735,0.24958333333333332,0.955,37.4975,1.3299749999999988,74.875,76.20497499999999,0.0032792501151561737
main,sparse,source_artifacts,0.2,10,0.5629166666666666,0.205761316872428,0.2675,0.7325,0.7325,0.2475,0.97,38.01,1.3501000000000007,74.25,75.6001,0.0036544580943882465
main,sparse,source_artifacts,0.2,11,0.5745833333333333,0.19072769953051644,0.27,0.73,0.73,0.24833333333333332,0.915,35.9675,1.2746749999999991,74.5,75.774675,0.003344625234603882
main,sparse,source_artifacts,0.2,12,0.5979166666666667,0.15439010017678256,0.275,0.725,0.725,0.24916666666666668,0.925,36.74,1.2923999999999993,74.75,76.0424,0.0034958329051733017
main,sparse,source_artifacts,0.2,13,0.5891666666666666,0.20248166948674562,0.2825,0.7175,0.7175,0.24083333333333334,0.9,35.9275,1.2592749999999981,72.25,73.509275,0.0032502501271665096
main,sparse,source_artifacts,0.2,14,0.5866666666666667,0.19219736087205966,0.2725,0.7275,0.7275,0.24416666666666667,0.945,37.3125,1.3181249999999987,73.25,74.568125,0.0032972912304103374
main,sparse,source_artifacts,0.2,15,0.6079166666666667,0.18899388549193996,0.3025,0.6975,0.6975,0.23541666666666666,0.925,37.0925,1.295924999999999,70.625,71.920925,0.003310958854854107
main,sparse,source_artifacts,0.2,16,0.5545833333333333,0.2319676860934795,0.245,0.755,0.755,0.26916666666666667,0.99,38.48,1.3748000000000011,80.75,82.1248,0.0036530420184135437
main,sparse,source_artifacts,0.2,17,0.57625,0.17334130304841602,0.2875,0.7125,0.7125,0.24791666666666667,0.88,34.7975,1.2279750000000018,74.375,75.602975,0.0032753339037299156
main,sparse,source_artifacts,0.2,18,0.5791666666666667,0.19279907084785133,0.2825,0.7175,0.7175,0.24666666666666667,0.9225,36.3975,1.2864750000000016,74.0,75.286475,0.0032340423204004765
main,sparse,source_artifacts,0.2,19,0.5729166666666666,0.17516496700659867,0.25,0.75,0.75,0.25083333333333335,0.98,38.29,1.3628999999999991,75.25,76.6129,0.0034360839053988457
main,sparse,source_artifacts,0.4,0,0.3375,0.2300380228136882,0.035,0.965,0.965,0.4870833333333333,1.4425,41.5625,1.858124999999999,146.125,147.983125,0.0037302090786397457
main,sparse,source_artifacts,0.4,1,0.34,0.26618705035971224,0.06,0.94,0.94,0.475,1.4275,42.0975,1.8484749999999963,142.5,144.348475,0.0035463329404592514
main,sparse,source_artifacts,0.4,2,0.3466666666666667,0.24225865209471767,0.05,0.95,0.95,0.4675,1.4,41.9975,1.8199749999999955,140.25,142.069975,0.0036802920512855053
main,sparse,source_artifacts,0.4,3,0.3229166666666667,0.26540284360189575,0.055,0.945,0.945,0.49333333333333335,1.3675,38.9875,1.7573749999999935,148.0,149.757375,0.0034512081183493137
main,sparse,source_artifacts,0.4,4,0.35291666666666666,0.287636669470143,0.0575,0.9425,0.9425,0.45916666666666667,1.4575,43.695,1.894449999999998,137.75,139.64445,0.0034177079796791077
main,sparse,source_artifacts,0.4,5,0.33916666666666667,0.24976958525345622,0.045,0.955,0.955,0.46708333333333335,1.4,42.05,1.8204999999999973,140.125,141.94549999999998,0.0036112917587161064
main,sparse,source_artifacts,0.4,6,0.33458333333333334,0.27592425608656446,0.05,0.95,0.95,0.46208333333333335,1.3675,40.7075,1.7745750000000027,138.625,140.399575,0.003546374849975109
main,sparse,source_artifacts,0.4,7,0.3154166666666667,0.3067765567765568,0.04,0.96,0.96,0.4816666666666667,1.4625,42.63,1.888799999999997,144.5,146.3888,0.0036460827104747295
main,sparse,source_artifacts,0.4,8,0.305,0.2788177339901478,0.0325,0.9675,0.9675,0.4995833333333333,1.4475,40.9575,1.8570749999999938,149.875,151.73207499999998,0.003357791341841221
main,sparse,source_artifacts,0.4,9,0.3275,0.264733395696913,0.0325,0.9675,0.9675,0.5066666666666667,1.425,40.985,1.834849999999995,152.0,153.83485,0.003629707731306553
main,sparse,source_artifacts,0.4,10,0.335,0.2743682310469314,0.055,0.945,0.945,0.485,1.3975,40.4825,1.8023249999999995,145.5,147.302325,0.003266042098402977
main,sparse,source_artifacts,0.4,11,0.3383333333333333,0.26846846846846845,0.04,0.96,0.96,0.475,1.485,44.4675,1.9296749999999958,142.5,144.42967499999997,0.003407374955713749
main,sparse,source_artifacts,0.4,12,0.3275,0.27557603686635945,0.0475,0.9525,0.9525,0.47791666666666666,1.3775,40.805,1.7855499999999926,143.375,145.16054999999997,0.003335375338792801
main,sparse,source_artifacts,0.4,13,0.3279166666666667,0.2806215722120658,0.04,0.96,0.96,0.48583333333333334,1.43,41.995,1.8499499999999984,145.75,147.59994999999998,0.0035193748772144318
main,sparse,source_artifacts,0.4,14,0.32416666666666666,0.2802960222016651,0.03,0.97,0.97,0.4841666666666667,1.4675,43.315,1.9006499999999977,145.25,147.15065,0.003354415763169527
main,sparse,source_artifacts,0.4,15,0.3229166666666667,0.2548076923076923,0.06,0.94,0.94,0.4866666666666667,1.3675,39.76,1.7650999999999946,146.0,147.7651,0.003342667128890753
main,sparse,source_artifacts,0.4,16,0.33916666666666667,0.27386262265834077,0.04,0.96,0.96,0.47583333333333333,1.39,41.8275,1.8082749999999967,142.75,144.55827499999998,0.003632832784205675
main,sparse,source_artifacts,0.4,17,0.33875,0.24582560296846012,0.0475,0.9525,0.9525,0.48125,1.4025,41.9025,1.8215249999999963,144.375,146.196525,0.003633792046457529
main,sparse,source_artifacts,0.4,18,0.35125,0.2656794425087108,0.06,0.94,0.94,0.455,1.4025,42.9025,1.8315249999999985,136.5,138.331525,0.0035186661407351494
main,sparse,source_artifacts,0.4,19,0.31708333333333333,0.225050916496945,0.0425,0.9575,0.9575,0.49583333333333335,1.3675,38.8775,1.7562749999999934,148.75,150.506275,0.003206958994269371
main,sparse,timestamps,0.0,0,1.0,0.0,1.0,0.0,0.0,0.0,0.0,0.0,0.0,0.0,0.0,0.0021592918783426285
main,sparse,timestamps,0.0,1,1.0,0.0,1.0,0.0,0.0,0.0,0.0,0.0,0.0,0.0,0.0,0.0021111248061060905
main,sparse,timestamps,0.0,2,1.0,0.0,1.0,0.0,0.0,0.0,0.0,0.0,0.0,0.0,0.0,0.0020827078260481358
main,sparse,timestamps,0.0,3,1.0,0.0,1.0,0.0,0.0,0.0,0.0,0.0,0.0,0.0,0.0,0.002190167084336281
main,sparse,timestamps,0.0,4,1.0,0.0,1.0,0.0,0.0,0.0,0.0,0.0,0.0,0.0,0.0,0.0020080842077732086
main,sparse,timestamps,0.0,5,1.0,0.0,1.0,0.0,0.0,0.0,0.0,0.0,0.0,0.0,0.0,0.002224917057901621
main,sparse,timestamps,0.0,6,1.0,0.0,1.0,0.0,0.0,0.0,0.0,0.0,0.0,0.0,0.0,0.0020574997179210186
main,sparse,timestamps,0.0,7,1.0,0.0,1.0,0.0,0.0,0.0,0.0,0.0,0.0,0.0,0.0,0.0022045420482754707
main,sparse,timestamps,0.0,8,1.0,0.0,1.0,0.0,0.0,0.0,0.0,0.0,0.0,0.0,0.0,0.0021317917853593826
main,sparse,timestamps,0.0,9,1.0,0.0,1.0,0.0,0.0,0.0,0.0,0.0,0.0,0.0,0.0,0.002101082820445299
main,sparse,timestamps,0.0,10,1.0,0.0,1.0,0.0,0.0,0.0,0.0,0.0,0.0,0.0,0.0,0.0019822497852146626
main,sparse,timestamps,0.0,11,1.0,0.0,1.0,0.0,0.0,0.0,0.0,0.0,0.0,0.0,0.0,0.001962249632924795
main,sparse,timestamps,0.0,12,1.0,0.0,1.0,0.0,0.0,0.0,0.0,0.0,0.0,0.0,0.0,0.0021372083574533463
main,sparse,timestamps,0.0,13,1.0,0.0,1.0,0.0,0.0,0.0,0.0,0.0,0.0,0.0,0.0,0.0019756658002734184
main,sparse,timestamps,0.0,14,1.0,0.0,1.0,0.0,0.0,0.0,0.0,0.0,0.0,0.0,0.0,0.0019593751057982445
main,sparse,timestamps,0.0,15,1.0,0.0,1.0,0.0,0.0,0.0,0.0,0.0,0.0,0.0,0.0,0.00213879207149148
main,sparse,timestamps,0.0,16,1.0,0.0,1.0,0.0,0.0,0.0,0.0,0.0,0.0,0.0,0.0,0.0019499999471008778
main,sparse,timestamps,0.0,17,1.0,0.0,1.0,0.0,0.0,0.0,0.0,0.0,0.0,0.0,0.0,0.002316459082067013
main,sparse,timestamps,0.0,18,1.0,0.0,1.0,0.0,0.0,0.0,0.0,0.0,0.0,0.0,0.0,0.001967374701052904
main,sparse,timestamps,0.0,19,1.0,0.0,1.0,0.0,0.0,0.0,0.0,0.0,0.0,0.0,0.0,0.001971083227545023
main,sparse,timestamps,0.01,0,1.0,0.0,1.0,0.0,0.0,0.0,0.0,0.0,0.0,0.0,0.0,0.0022454592399299145
main,sparse,timestamps,0.01,1,1.0,0.0,1.0,0.0,0.0,0.0,0.0,0.0,0.0,0.0,0.0,0.0020782500505447388
main,sparse,timestamps,0.01,2,1.0,0.0,1.0,0.0,0.0,0.0,0.0,0.0,0.0,0.0,0.0,0.002189416904002428
main,sparse,timestamps,0.01,3,1.0,0.0,1.0,0.0,0.0,0.0,0.0,0.0,0.0,0.0,0.0,0.0020894170738756657
main,sparse,timestamps,0.01,4,1.0,0.0,1.0,0.0,0.0,0.0,0.0,0.0,0.0,0.0,0.0,0.0021230410784482956
main,sparse,timestamps,0.01,5,1.0,0.0,1.0,0.0,0.0,0.0,0.0,0.0,0.0,0.0,0.0,0.002144958358258009
main,sparse,timestamps,0.01,6,1.0,0.0,1.0,0.0,0.0,0.0,0.0,0.0,0.0,0.0,0.0,0.0020437920466065407
main,sparse,timestamps,0.01,7,1.0,0.0,1.0,0.0,0.0,0.0,0.0,0.0,0.0,0.0,0.0,0.0020866249687969685
main,sparse,timestamps,0.01,8,1.0,0.0,1.0,0.0,0.0,0.0,0.0,0.0,0.0,0.0,0.0,0.002068290952593088
main,sparse,timestamps,0.01,9,1.0,0.0,1.0,0.0,0.0,0.0,0.0,0.0,0.0,0.0,0.0,0.0022244583815336227
main,sparse,timestamps,0.01,10,1.0,0.0,1.0,0.0,0.0,0.0,0.0,0.0,0.0,0.0,0.0,0.002157249953597784
main,sparse,timestamps,0.01,11,1.0,0.0,1.0,0.0,0.0,0.0,0.0,0.0,0.0,0.0,0.0,0.0020590838976204395
main,sparse,timestamps,0.01,12,1.0,0.0,1.0,0.0,0.0,0.0,0.0,0.0,0.0,0.0,0.0,0.0022499999031424522
main,sparse,timestamps,0.01,13,1.0,0.0,1.0,0.0,0.0,0.0,0.0,0.0,0.0,0.0,0.0,0.001955375075340271
main,sparse,timestamps,0.01,14,1.0,0.0,1.0,0.0,0.0,0.0,0.0,0.0,0.0,0.0,0.0,0.0023441254161298275
main,sparse,timestamps,0.01,15,1.0,0.0,1.0,0.0,0.0,0.0,0.0,0.0,0.0,0.0,0.0,0.0021204580552875996
main,sparse,timestamps,0.01,16,1.0,0.0,1.0,0.0,0.0,0.0,0.0,0.0,0.0,0.0,0.0,0.002206208650022745
main,sparse,timestamps,0.01,17,1.0,0.0,1.0,0.0,0.0,0.0,0.0,0.0,0.0,0.0,0.0,0.002077583223581314
main,sparse,timestamps,0.01,18,1.0,0.0,1.0,0.0,0.0,0.0,0.0,0.0,0.0,0.0,0.0,0.0020196670666337013
main,sparse,timestamps,0.01,19,1.0,0.0,1.0,0.0,0.0,0.0,0.0,0.0,0.0,0.0,0.0,0.0022356663830578327
main,sparse,timestamps,0.05,0,1.0,0.0,1.0,0.0,0.0,0.0,0.0,0.0,0.0,0.0,0.0,0.002176667097955942
main,sparse,timestamps,0.05,1,1.0,0.0,1.0,0.0,0.0,0.0,0.0,0.0,0.0,0.0,0.0,0.00213741697371006
main,sparse,timestamps,0.05,2,1.0,0.0,1.0,0.0,0.0,0.0,0.0,0.0,0.0,0.0,0.0,0.0022015408612787724
main,sparse,timestamps,0.05,3,1.0,0.0,1.0,0.0,0.0,0.0,0.0,0.0,0.0,0.0,0.0,0.002168165985494852
main,sparse,timestamps,0.05,4,1.0,0.0,1.0,0.0,0.0,0.0,0.0,0.0,0.0,0.0,0.0,0.0024388330057263374
main,sparse,timestamps,0.05,5,1.0,0.0,1.0,0.0,0.0,0.0,0.0,0.0,0.0,0.0,0.0,0.0020834999158978462
main,sparse,timestamps,0.05,6,1.0,0.0,1.0,0.0,0.0,0.0,0.0,0.0,0.0,0.0,0.0,0.0021695829927921295
main,sparse,timestamps,0.05,7,1.0,0.0,1.0,0.0,0.0,0.0,0.0,0.0,0.0,0.0,0.0,0.0022361245937645435
main,sparse,timestamps,0.05,8,1.0,0.0,1.0,0.0,0.0,0.0,0.0,0.0,0.0,0.0,0.0,0.0020769168622791767
main,sparse,timestamps,0.05,9,1.0,0.0,1.0,0.0,0.0,0.0,0.0,0.0,0.0,0.0,0.0,0.002275874838232994
main,sparse,timestamps,0.05,10,1.0,0.0,1.0,0.0,0.0,0.0,0.0,0.0,0.0,0.0,0.0,0.0021048751659691334
main,sparse,timestamps,0.05,11,1.0,0.0,1.0,0.0,0.0,0.0,0.0,0.0,0.0,0.0,0.0,0.002099542412906885
main,sparse,timestamps,0.05,12,1.0,0.0,1.0,0.0,0.0,0.0,0.0,0.0,0.0,0.0,0.0,0.00223808316513896
main,sparse,timestamps,0.05,13,1.0,0.0,1.0,0.0,0.0,0.0,0.0,0.0,0.0,0.0,0.0,0.0021233749575912952
main,sparse,timestamps,0.05,14,1.0,0.0,1.0,0.0,0.0,0.0,0.0,0.0,0.0,0.0,0.0,0.0021903752349317074
main,sparse,timestamps,0.05,15,1.0,0.0,1.0,0.0,0.0,0.0,0.0,0.0,0.0,0.0,0.0,0.002058541402220726
main,sparse,timestamps,0.05,16,1.0,0.0,1.0,0.0,0.0,0.0,0.0,0.0,0.0,0.0,0.0,0.002201917115598917
main,sparse,timestamps,0.05,17,1.0,0.0,1.0,0.0,0.0,0.0,0.0,0.0,0.0,0.0,0.0,0.0021229172125458717
main,sparse,timestamps,0.05,18,1.0,0.0,1.0,0.0,0.0,0.0,0.0,0.0,0.0,0.0,0.0,0.0020512500777840614
main,sparse,timestamps,0.05,19,1.0,0.0,1.0,0.0,0.0,0.0,0.0,0.0,0.0,0.0,0.0,0.00207708403468132
main,sparse,timestamps,0.1,0,1.0,0.0,1.0,0.0,0.0,0.0,0.0,0.0,0.0,0.0,0.0,0.0021873749792575836
main,sparse,timestamps,0.1,1,1.0,0.0,1.0,0.0,0.0,0.0,0.0,0.0,0.0,0.0,0.0,0.0021764999255537987
main,sparse,timestamps,0.1,2,1.0,0.0,1.0,0.0,0.0,0.0,0.0,0.0,0.0,0.0,0.0,0.00213908264413476
main,sparse,timestamps,0.1,3,1.0,0.0,1.0,0.0,0.0,0.0,0.0,0.0,0.0,0.0,0.0,0.0020278342999517918
main,sparse,timestamps,0.1,4,1.0,0.0,1.0,0.0,0.0,0.0,0.0,0.0,0.0,0.0,0.0,0.002084207721054554
main,sparse,timestamps,0.1,5,1.0,0.0,1.0,0.0,0.0,0.0,0.0,0.0,0.0,0.0,0.0,0.0020996248349547386
main,sparse,timestamps,0.1,6,1.0,0.0,1.0,0.0,0.0,0.0,0.0,0.0,0.0,0.0,0.0,0.002080583944916725
main,sparse,timestamps,0.1,7,1.0,0.0,1.0,0.0,0.0,0.0,0.0,0.0,0.0,0.0,0.0,0.002236458007246256
main,sparse,timestamps,0.1,8,1.0,0.0,1.0,0.0,0.0,0.0,0.0,0.0,0.0,0.0,0.0,0.002021833322942257
main,sparse,timestamps,0.1,9,1.0,0.0,1.0,0.0,0.0,0.0,0.0,0.0,0.0,0.0,0.0,0.0021138330921530724
main,sparse,timestamps,0.1,10,1.0,0.0,1.0,0.0,0.0,0.0,0.0,0.0,0.0,0.0,0.0,0.0021584173664450645
main,sparse,timestamps,0.1,11,1.0,0.0,1.0,0.0,0.0,0.0,0.0,0.0,0.0,0.0,0.0,0.0021698749624192715
main,sparse,timestamps,0.1,12,1.0,0.0,1.0,0.0,0.0,0.0,0.0,0.0,0.0,0.0,0.0,0.0020595411770045757
main,sparse,timestamps,0.1,13,1.0,0.0,1.0,0.0,0.0,0.0,0.0,0.0,0.0,0.0,0.0,0.0020729168318212032
main,sparse,timestamps,0.1,14,1.0,0.0,1.0,0.0,0.0,0.0,0.0,0.0,0.0,0.0,0.0,0.0020777909085154533
main,sparse,timestamps,0.1,15,1.0,0.0,1.0,0.0,0.0,0.0,0.0,0.0,0.0,0.0,0.0,0.002045583911240101
main,sparse,timestamps,0.1,16,1.0,0.0,1.0,0.0,0.0,0.0,0.0,0.0,0.0,0.0,0.0,0.0020317076705396175
main,sparse,timestamps,0.1,17,1.0,0.0,1.0,0.0,0.0,0.0,0.0,0.0,0.0,0.0,0.0,0.001983500085771084
main,sparse,timestamps,0.1,18,1.0,0.0,1.0,0.0,0.0,0.0,0.0,0.0,0.0,0.0,0.0,0.0020968751050531864
main,sparse,timestamps,0.1,19,1.0,0.0,1.0,0.0,0.0,0.0,0.0,0.0,0.0,0.0,0.0,0.0020627081394195557
main,sparse,timestamps,0.2,0,1.0,0.0,1.0,0.0,0.0,0.0,0.0,0.0,0.0,0.0,0.0,0.0021082907915115356
main,sparse,timestamps,0.2,1,1.0,0.0,1.0,0.0,0.0,0.0,0.0,0.0,0.0,0.0,0.0,0.002086208201944828
main,sparse,timestamps,0.2,2,1.0,0.0,1.0,0.0,0.0,0.0,0.0,0.0,0.0,0.0,0.0,0.0020782076753675938
main,sparse,timestamps,0.2,3,1.0,0.0,1.0,0.0,0.0,0.0,0.0,0.0,0.0,0.0,0.0,0.002191583625972271
main,sparse,timestamps,0.2,4,1.0,0.0,1.0,0.0,0.0,0.0,0.0,0.0,0.0,0.0,0.0,0.00215766578912735
main,sparse,timestamps,0.2,5,1.0,0.0,1.0,0.0,0.0,0.0,0.0,0.0,0.0,0.0,0.0,0.0021547088399529457
main,sparse,timestamps,0.2,6,1.0,0.0,1.0,0.0,0.0,0.0,0.0,0.0,0.0,0.0,0.0,0.002120083197951317
main,sparse,timestamps,0.2,7,1.0,0.0,1.0,0.0,0.0,0.0,0.0,0.0,0.0,0.0,0.0,0.0021838750690221786
main,sparse,timestamps,0.2,8,1.0,0.0,1.0,0.0,0.0,0.0,0.0,0.0,0.0,0.0,0.0,0.0020967498421669006
main,sparse,timestamps,0.2,9,1.0,0.0,1.0,0.0,0.0,0.0,0.0,0.0,0.0,0.0,0.0,0.002110792323946953
main,sparse,timestamps,0.2,10,1.0,0.0,1.0,0.0,0.0,0.0,0.0,0.0,0.0,0.0,0.0,0.0021335831843316555
main,sparse,timestamps,0.2,11,1.0,0.0,1.0,0.0,0.0,0.0,0.0,0.0,0.0,0.0,0.0,0.0020889160223305225
main,sparse,timestamps,0.2,12,1.0,0.0,1.0,0.0,0.0,0.0,0.0,0.0,0.0,0.0,0.0,0.002187249716371298
main,sparse,timestamps,0.2,13,1.0,0.0,1.0,0.0,0.0,0.0,0.0,0.0,0.0,0.0,0.0,0.0021328330039978027
main,sparse,timestamps,0.2,14,1.0,0.0,1.0,0.0,0.0,0.0,0.0,0.0,0.0,0.0,0.0,0.0022215000353753567
main,sparse,timestamps,0.2,15,1.0,0.0,1.0,0.0,0.0,0.0,0.0,0.0,0.0,0.0,0.0,0.002181083895266056
main,sparse,timestamps,0.2,16,1.0,0.0,1.0,0.0,0.0,0.0,0.0,0.0,0.0,0.0,0.0,0.0020237090066075325
main,sparse,timestamps,0.2,17,1.0,0.0,1.0,0.0,0.0,0.0,0.0,0.0,0.0,0.0,0.0,0.002097625285387039
main,sparse,timestamps,0.2,18,1.0,0.0,1.0,0.0,0.0,0.0,0.0,0.0,0.0,0.0,0.0,0.002075541764497757
main,sparse,timestamps,0.2,19,1.0,0.0,1.0,0.0,0.0,0.0,0.0,0.0,0.0,0.0,0.0,0.002123124897480011
main,sparse,timestamps,0.4,0,1.0,0.0,1.0,0.0,0.0,0.0,0.0,0.0,0.0,0.0,0.0,0.0021018749102950096
main,sparse,timestamps,0.4,1,1.0,0.0,1.0,0.0,0.0,0.0,0.0,0.0,0.0,0.0,0.0,0.002131916582584381
main,sparse,timestamps,0.4,2,1.0,0.0,1.0,0.0,0.0,0.0,0.0,0.0,0.0,0.0,0.0,0.0020457920618355274
main,sparse,timestamps,0.4,3,1.0,0.0,1.0,0.0,0.0,0.0,0.0,0.0,0.0,0.0,0.0,0.001958874985575676
main,sparse,timestamps,0.4,4,1.0,0.0,1.0,0.0,0.0,0.0,0.0,0.0,0.0,0.0,0.0,0.002281708177179098
main,sparse,timestamps,0.4,5,1.0,0.0,1.0,0.0,0.0,0.0,0.0,0.0,0.0,0.0,0.0,0.0019323332235217094
main,sparse,timestamps,0.4,6,1.0,0.0,1.0,0.0,0.0,0.0,0.0,0.0,0.0,0.0,0.0,0.002495458349585533
main,sparse,timestamps,0.4,7,1.0,0.0,1.0,0.0,0.0,0.0,0.0,0.0,0.0,0.0,0.0,0.0019673341885209084
main,sparse,timestamps,0.4,8,1.0,0.0,1.0,0.0,0.0,0.0,0.0,0.0,0.0,0.0,0.0,0.002158333081752062
main,sparse,timestamps,0.4,9,1.0,0.0,1.0,0.0,0.0,0.0,0.0,0.0,0.0,0.0,0.0,0.0023586656898260117
main,sparse,timestamps,0.4,10,1.0,0.0,1.0,0.0,0.0,0.0,0.0,0.0,0.0,0.0,0.0,0.0019593751057982445
main,sparse,timestamps,0.4,11,1.0,0.0,1.0,0.0,0.0,0.0,0.0,0.0,0.0,0.0,0.0,0.002099874895066023
main,sparse,timestamps,0.4,12,1.0,0.0,1.0,0.0,0.0,0.0,0.0,0.0,0.0,0.0,0.0,0.001966542098671198
main,sparse,timestamps,0.4,13,1.0,0.0,1.0,0.0,0.0,0.0,0.0,0.0,0.0,0.0,0.0,0.0019689169712364674
main,sparse,timestamps,0.4,14,1.0,0.0,1.0,0.0,0.0,0.0,0.0,0.0,0.0,0.0,0.0,0.0022007920779287815
main,sparse,timestamps,0.4,15,1.0,0.0,1.0,0.0,0.0,0.0,0.0,0.0,0.0,0.0,0.0,0.0019501252099871635
main,sparse,timestamps,0.4,16,1.0,0.0,1.0,0.0,0.0,0.0,0.0,0.0,0.0,0.0,0.0,0.002055875025689602
main,sparse,timestamps,0.4,17,1.0,0.0,1.0,0.0,0.0,0.0,0.0,0.0,0.0,0.0,0.0,0.0020883330143988132
main,sparse,timestamps,0.4,18,1.0,0.0,1.0,0.0,0.0,0.0,0.0,0.0,0.0,0.0,0.0,0.001979917287826538
main,sparse,timestamps,0.4,19,1.0,0.0,1.0,0.0,0.0,0.0,0.0,0.0,0.0,0.0,0.0,0.0021749590523540974
main,sparse,ids_plus_timestamps,0.0,0,1.0,0.0,1.0,0.0,0.0,0.0,0.0,0.0,0.0,0.0,0.0,0.0020184163004159927
main,sparse,ids_plus_timestamps,0.0,1,1.0,0.0,1.0,0.0,0.0,0.0,0.0,0.0,0.0,0.0,0.0,0.0021221251226961613
main,sparse,ids_plus_timestamps,0.0,2,1.0,0.0,1.0,0.0,0.0,0.0,0.0,0.0,0.0,0.0,0.0,0.002186042256653309
main,sparse,ids_plus_timestamps,0.0,3,1.0,0.0,1.0,0.0,0.0,0.0,0.0,0.0,0.0,0.0,0.0,0.0019672908820211887
main,sparse,ids_plus_timestamps,0.0,4,1.0,0.0,1.0,0.0,0.0,0.0,0.0,0.0,0.0,0.0,0.0,0.002255207858979702
main,sparse,ids_plus_timestamps,0.0,5,1.0,0.0,1.0,0.0,0.0,0.0,0.0,0.0,0.0,0.0,0.0,0.0019632079638540745
main,sparse,ids_plus_timestamps,0.0,6,1.0,0.0,1.0,0.0,0.0,0.0,0.0,0.0,0.0,0.0,0.0,0.002190167084336281
main,sparse,ids_plus_timestamps,0.0,7,1.0,0.0,1.0,0.0,0.0,0.0,0.0,0.0,0.0,0.0,0.0,0.0019682077690958977
main,sparse,ids_plus_timestamps,0.0,8,1.0,0.0,1.0,0.0,0.0,0.0,0.0,0.0,0.0,0.0,0.0,0.002065083011984825
main,sparse,ids_plus_timestamps,0.0,9,1.0,0.0,1.0,0.0,0.0,0.0,0.0,0.0,0.0,0.0,0.0,0.0022759162820875645
main,sparse,ids_plus_timestamps,0.0,10,1.0,0.0,1.0,0.0,0.0,0.0,0.0,0.0,0.0,0.0,0.0,0.0019628331065177917
main,sparse,ids_plus_timestamps,0.0,11,1.0,0.0,1.0,0.0,0.0,0.0,0.0,0.0,0.0,0.0,0.0,0.002126541920006275
main,sparse,ids_plus_timestamps,0.0,12,1.0,0.0,1.0,0.0,0.0,0.0,0.0,0.0,0.0,0.0,0.0,0.0020905830897390842
main,sparse,ids_plus_timestamps,0.0,13,1.0,0.0,1.0,0.0,0.0,0.0,0.0,0.0,0.0,0.0,0.0,0.0020780409686267376
main,sparse,ids_plus_timestamps,0.0,14,1.0,0.0,1.0,0.0,0.0,0.0,0.0,0.0,0.0,0.0,0.0,0.0021100421436131
main,sparse,ids_plus_timestamps,0.0,15,1.0,0.0,1.0,0.0,0.0,0.0,0.0,0.0,0.0,0.0,0.0,0.0019567906856536865
main,sparse,ids_plus_timestamps,0.0,16,1.0,0.0,1.0,0.0,0.0,0.0,0.0,0.0,0.0,0.0,0.0,0.00214579189196229
main,sparse,ids_plus_timestamps,0.0,17,1.0,0.0,1.0,0.0,0.0,0.0,0.0,0.0,0.0,0.0,0.0,0.0019580000080168247
main,sparse,ids_plus_timestamps,0.0,18,1.0,0.0,1.0,0.0,0.0,0.0,0.0,0.0,0.0,0.0,0.0,0.002091249916702509
main,sparse,ids_plus_timestamps,0.0,19,1.0,0.0,1.0,0.0,0.0,0.0,0.0,0.0,0.0,0.0,0.0,0.0021342081017792225
main,sparse,ids_plus_timestamps,0.01,0,1.0,0.0,1.0,0.0,0.0075,0.00125,0.0125,0.625,0.01875,0.375,0.39375,0.0020218752324581146
main,sparse,ids_plus_timestamps,0.01,1,0.99875,0.00125,0.9975,0.0,0.005,0.0008333333333333334,0.0075,0.375,0.01125,0.25,0.26125,0.0023207091726362705
main,sparse,ids_plus_timestamps,0.01,2,1.0,0.0,1.0,0.0,0.005,0.0008333333333333334,0.0075,0.375,0.01125,0.25,0.26125,0.001988000236451626
main,sparse,ids_plus_timestamps,0.01,3,1.0,0.0,1.0,0.0,0.0025,0.0004166666666666667,0.01,0.5,0.015,0.125,0.14,0.002265500370413065
main,sparse,ids_plus_timestamps,0.01,4,0.99875,0.00125,0.9975,0.0,0.01,0.0016666666666666668,0.015,0.75,0.0225,0.5,0.5225,0.0022845002822577953
main,sparse,ids_plus_timestamps,0.01,5,1.0,0.0,1.0,0.0,0.0075,0.00125,0.01,0.5,0.015,0.375,0.39,0.0019984170794487
main,sparse,ids_plus_timestamps,0.01,6,1.0,0.0,1.0,0.0,0.005,0.0008333333333333334,0.0125,0.625,0.01875,0.25,0.26875,0.002228083088994026
main,sparse,ids_plus_timestamps,0.01,7,0.99875,0.00125,0.9975,0.0,0.01,0.0016666666666666668,0.015,0.75,0.0225,0.5,0.5225,0.002012333832681179
main,sparse,ids_plus_timestamps,0.01,8,0.99875,0.00125,0.9975,0.0,0.0075,0.00125,0.0175,0.875,0.02625,0.375,0.40125,0.0021132919937372208
main,sparse,ids_plus_timestamps,0.01,9,1.0,0.0,1.0,0.0,0.0075,0.00125,0.0175,0.875,0.02625,0.375,0.40125,0.0021462501026690006
main,sparse,ids_plus_timestamps,0.01,10,0.9975,0.0012515644555694619,0.995,0.0,0.0075,0.00125,0.0225,1.125,0.03375,0.375,0.40875,0.0021858750842511654
main,sparse,ids_plus_timestamps,0.01,11,1.0,0.0,1.0,0.0,0.005,0.0008333333333333334,0.0125,0.625,0.01875,0.25,0.26875,0.002155708149075508
main,sparse,ids_plus_timestamps,0.01,12,0.99875,0.00125,0.9975,0.0,0.0025,0.0004166666666666667,0.0075,0.375,0.01125,0.125,0.13625,0.002003167290240526
main,sparse,ids_plus_timestamps,0.01,13,1.0,0.0,1.0,0.0,0.0,0.0,0.0025,0.125,0.00375,0.0,0.00375,0.0021473332308232784
main,sparse,ids_plus_timestamps,0.01,14,1.0,0.0,1.0,0.0,0.0025,0.0004166666666666667,0.005,0.25,0.0075,0.125,0.1325,0.002170083113014698
main,sparse,ids_plus_timestamps,0.01,15,0.9975,0.0012515644555694619,0.995,0.0,0.0075,0.00125,0.0125,0.625,0.01875,0.375,0.39375,0.002247416879981756
main,sparse,ids_plus_timestamps,0.01,16,1.0,0.0,1.0,0.0,0.0025,0.0004166666666666667,0.0075,0.375,0.01125,0.125,0.13625,0.0021013342775404453
main,sparse,ids_plus_timestamps,0.01,17,1.0,0.0,1.0,0.0,0.0025,0.0004166666666666667,0.01,0.5,0.015,0.125,0.14,0.002140750177204609
main,sparse,ids_plus_timestamps,0.01,18,0.99875,0.00125,0.9975,0.0,0.0025,0.0004166666666666667,0.005,0.25,0.0075,0.125,0.1325,0.0021514580585062504
main,sparse,ids_plus_timestamps,0.01,19,1.0,0.0,1.0,0.0,0.0,0.0,0.0075,0.375,0.01125,0.0,0.01125,0.002379958052188158
main,sparse,ids_plus_timestamps,0.05,0,0.99625,0.0025031289111389237,0.9925,0.0,0.02,0.0033333333333333335,0.0575,2.875,0.08625,1.0,1.08625,0.0022425828501582146
main,sparse,ids_plus_timestamps,0.05,1,0.99875,0.0,0.9975,0.0,0.015,0.0025,0.055,2.625,0.08125,0.75,0.83125,0.0026154168881475925
main,sparse,ids_plus_timestamps,0.05,2,0.9975,0.0025,0.995,0.0,0.0225,0.00375,0.055,2.75,0.0825,1.125,1.2075,0.0023548337630927563
main,sparse,ids_plus_timestamps,0.05,3,0.99625,0.0012531328320802004,0.9925,0.0,0.025,0.004166666666666667,0.075,3.5,0.11,1.25,1.36,0.0024455408565700054
main,sparse,ids_plus_timestamps,0.05,4,0.99,0.005025125628140704,0.985,0.0,0.0475,0.007916666666666667,0.0825,3.875,0.12125,2.375,2.49625,0.002417250070720911
main,sparse,ids_plus_timestamps,0.05,5,0.99625,0.00375,0.9925,0.0,0.025,0.004166666666666667,0.0725,3.625,0.10875,1.25,1.35875,0.002582583110779524
main,sparse,ids_plus_timestamps,0.05,6,0.9954166666666666,0.0,0.9925,0.0,0.0175,0.002916666666666667,0.0475,2.25,0.07,0.875,0.945,0.0022668330930173397
main,sparse,ids_plus_timestamps,0.05,7,0.9933333333333333,0.004592901878914405,0.99,0.0,0.0225,0.004166666666666667,0.075,3.75,0.1125,1.25,1.3625,0.002479666844010353
main,sparse,ids_plus_timestamps,0.05,8,0.9929166666666667,0.005840634125990822,0.9875,0.0,0.0425,0.007083333333333333,0.0775,3.875,0.11625,2.125,2.24125,0.0023833326995372772
main,sparse,ids_plus_timestamps,0.05,9,0.9954166666666666,0.003337505214851898,0.9925,0.0,0.0175,0.002916666666666667,0.0575,2.875,0.08625,0.875,0.96125,0.002347791101783514
main,sparse,ids_plus_timestamps,0.05,10,0.99625,0.0025031289111389237,0.9925,0.0,0.0275,0.004583333333333333,0.0475,2.375,0.07125,1.375,1.44625,0.002304582856595516
main,sparse,ids_plus_timestamps,0.05,11,1.0,0.0,1.0,0.0,0.0275,0.004583333333333333,0.06,3.0,0.09,1.375,1.465,0.0023031248711049557
main,sparse,ids_plus_timestamps,0.05,12,0.9975,0.0,0.9975,0.0,0.0175,0.002916666666666667,0.05,2.5,0.075,0.875,0.95,0.002315749879926443
main,sparse,ids_plus_timestamps,0.05,13,0.9925,0.005843071786310518,0.9875,0.0,0.0275,0.004583333333333333,0.0725,3.5,0.1075,1.375,1.4825,0.002445999998599291
main,sparse,ids_plus_timestamps,0.05,14,0.9954166666666666,0.0,0.9925,0.0,0.0275,0.005,0.065,3.125,0.09625,1.5,1.59625,0.0023966669104993343
main,sparse,ids_plus_timestamps,0.05,15,0.98875,0.00628140703517588,0.98,0.0,0.035,0.005833333333333334,0.075,3.5,0.11,1.75,1.86,0.0023175831884145737
main,sparse,ids_plus_timestamps,0.05,16,0.99625,0.0012531328320802004,0.9925,0.0,0.03,0.005,0.07,3.375,0.10375,1.5,1.60375,0.0026025832630693913
main,sparse,ids_plus_timestamps,0.05,17,0.9916666666666667,0.004600585529067336,0.985,0.0,0.0275,0.004583333333333333,0.065,3.0,0.095,1.375,1.47,0.002161916811019182
main,sparse,ids_plus_timestamps,0.05,18,0.9975,0.0012515644555694619,0.995,0.0,0.0275,0.004583333333333333,0.055,2.75,0.0825,1.375,1.4575,0.002482959069311619
main,sparse,ids_plus_timestamps,0.05,19,0.99625,0.0012531328320802004,0.9925,0.0,0.0225,0.00375,0.06,2.875,0.08875,1.125,1.21375,0.0024748751893639565
main,sparse,ids_plus_timestamps,0.1,0,0.9783333333333334,0.009700548291859975,0.9625,0.0,0.07,0.011666666666666667,0.1325,6.125,0.19375,3.5,3.69375,0.0023201671428978443
main,sparse,ids_plus_timestamps,0.1,1,0.9741666666666666,0.01764705882352941,0.9625,0.0,0.065,0.010833333333333334,0.145,7.0,0.215,3.25,3.465,0.0024177078157663345
main,sparse,ids_plus_timestamps,0.1,2,0.99,0.0029374737725556023,0.9825,0.0,0.05,0.00875,0.14,6.5,0.205,2.625,2.83,0.002371750306338072
main,sparse,ids_plus_timestamps,0.1,3,0.9829166666666667,0.003800675675675676,0.97,0.0,0.075,0.012916666666666667,0.1675,7.75,0.245,3.875,4.12,0.0026461672969162464
main,sparse,ids_plus_timestamps,0.1,4,0.9770833333333333,0.006355932203389831,0.96,0.0,0.07,0.011666666666666667,0.12,5.0,0.17,3.5,3.67,0.0025226660072803497
main,sparse,ids_plus_timestamps,0.1,5,0.9833333333333333,0.006734006734006734,0.9725,0.0,0.07,0.011666666666666667,0.155,7.25,0.2275,3.5,3.7275,0.0029029580764472485
main,sparse,ids_plus_timestamps,0.1,6,0.9858333333333333,0.003789473684210526,0.975,0.0,0.0575,0.01,0.1225,5.5,0.1775,3.0,3.1775,0.002459541894495487
main,sparse,ids_plus_timestamps,0.1,7,0.9816666666666667,0.00590717299578059,0.9675,0.0,0.05,0.00875,0.135,5.875,0.19375,2.625,2.81875,0.0026631252840161324
main,sparse,ids_plus_timestamps,0.1,8,0.9770833333333333,0.0038232795242141037,0.955,0.0,0.08,0.01375,0.155,6.625,0.22125,4.125,4.34625,0.002646292094141245
main,sparse,ids_plus_timestamps,0.1,9,0.9829166666666667,0.0058997050147492625,0.965,0.0,0.0775,0.013333333333333334,0.155,7.125,0.22625,4.0,4.22625,0.0026425840333104134
main,sparse,ids_plus_timestamps,0.1,10,0.98625,0.003787878787878788,0.975,0.0,0.065,0.010833333333333334,0.13,6.125,0.19125,3.25,3.44125,0.002824209164828062
main,sparse,ids_plus_timestamps,0.1,11,0.9775,0.009290540540540541,0.955,0.0,0.065,0.01125,0.135,5.625,0.19125,3.375,3.56625,0.002532042097300291
main,sparse,ids_plus_timestamps,0.1,12,0.9754166666666667,0.011819333051920641,0.965,0.0,0.055,0.009583333333333333,0.1475,7.0,0.2175,2.875,3.0925,0.002682541962713003
main,sparse,ids_plus_timestamps,0.1,13,0.9825,0.008410428931875526,0.9675,0.0,0.07,0.011666666666666667,0.135,6.25,0.1975,3.5,3.6975,0.0023494171909987926
main,sparse,ids_plus_timestamps,0.1,14,0.9833333333333333,0.008403361344537815,0.97,0.0,0.05,0.008333333333333333,0.1275,5.875,0.18625,2.5,2.68625,0.0026122499257326126
main,sparse,ids_plus_timestamps,0.1,15,0.9854166666666667,0.007553503986571549,0.9725,0.0,0.0525,0.00875,0.1325,6.0,0.1925,2.625,2.8175,0.002477833069860935
main,sparse,ids_plus_timestamps,0.1,16,0.9754166666666667,0.008890770533446233,0.9525,0.0,0.1,0.016666666666666666,0.1775,7.75,0.255,5.0,5.255,0.0026194588281214237
main,sparse,ids_plus_timestamps,0.1,17,0.98375,0.007148864592094197,0.975,0.0,0.0625,0.01125,0.13,6.0,0.19,3.375,3.565,0.00249683391302824
main,sparse,ids_plus_timestamps,0.1,18,0.9691666666666666,0.010633772862611655,0.9475,0.0,0.0925,0.016666666666666666,0.2025,9.25,0.295,5.0,5.295,0.002760083880275488
main,sparse,ids_plus_timestamps,0.1,19,0.98875,0.005031446540880503,0.9775,0.0,0.05,0.00875,0.135,6.375,0.19875,2.625,2.82375,0.002475959248840809
main,sparse,ids_plus_timestamps,0.2,0,0.9233333333333333,0.013357079252003561,0.87,0.0,0.17,0.03,0.3075,12.125,0.42875,9.0,9.42875,0.0028247497975826263
main,sparse,ids_plus_timestamps,0.2,1,0.9279166666666666,0.02367382726874178,0.885,0.0,0.155,0.027916666666666666,0.2875,12.0,0.4075,8.375,8.7825,0.0027871672064065933
main,sparse,ids_plus_timestamps,0.2,2,0.9358333333333333,0.02220287331301698,0.895,0.0,0.1875,0.03333333333333333,0.335,14.75,0.4825,10.0,10.4825,0.002972708083689213
main,sparse,ids_plus_timestamps,0.2,3,0.93,0.010638297872340425,0.8725,0.0,0.2,0.035,0.3625,14.75,0.51,10.5,11.01,0.003025582991540432
main,sparse,ids_plus_timestamps,0.2,4,0.9329166666666666,0.021843599825251202,0.885,0.0,0.18,0.03208333333333333,0.3125,12.375,0.43625,9.625,10.06125,0.0032024169340729713
main,sparse,ids_plus_timestamps,0.2,5,0.9295833333333333,0.022348816827344433,0.8725,0.0,0.1775,0.0325,0.345,13.75,0.4825,9.75,10.2325,0.0031292089261114597
main,sparse,ids_plus_timestamps,0.2,6,0.9283333333333333,0.01763668430335097,0.885,0.0,0.1725,0.0325,0.33,13.25,0.4625,9.75,10.2125,0.00296708382666111
main,sparse,ids_plus_timestamps,0.2,7,0.93375,0.015377855887521968,0.88,0.0,0.1575,0.03,0.3175,13.125,0.44875,9.0,9.44875,0.002891708165407181
main,sparse,ids_plus_timestamps,0.2,8,0.9154166666666667,0.027445772465692783,0.865,0.0,0.205,0.037083333333333336,0.4,16.375,0.56375,11.125,11.68875,0.003288125153630972
main,sparse,ids_plus_timestamps,0.2,9,0.9295833333333333,0.01239486498450642,0.875,0.0,0.19,0.0325,0.345,13.625,0.48125,9.75,10.23125,0.0031098327599465847
main,sparse,ids_plus_timestamps,0.2,10,0.9041666666666667,0.03168228469433289,0.84,0.0,0.1875,0.0325,0.3425,13.25,0.475,9.75,10.225,0.0028487923555076122
main,sparse,ids_plus_timestamps,0.2,11,0.9258333333333333,0.015507310589277802,0.8775,0.0,0.1925,0.035416666666666666,0.325,12.625,0.45125,10.625,11.07625,0.0030155410058796406
main,sparse,ids_plus_timestamps,0.2,12,0.9258333333333333,0.019850022055580063,0.875,0.0,0.1775,0.03208333333333333,0.33,13.5,0.465,9.625,10.09,0.0029773330315947533
main,sparse,ids_plus_timestamps,0.2,13,0.9358333333333333,0.01921397379912664,0.8825,0.0,0.1925,0.03375,0.3175,13.0,0.4475,10.125,10.5725,0.0029179169796407223
main,sparse,ids_plus_timestamps,0.2,14,0.93125,0.015852047556142668,0.8775,0.0,0.1675,0.03,0.31,12.375,0.43375,9.0,9.43375,0.0029995408840477467
main,sparse,ids_plus_timestamps,0.2,15,0.9004166666666666,0.0270148581719946,0.84,0.0,0.2,0.03625,0.315,11.625,0.43125,10.875,11.30625,0.002811499871313572
main,sparse,ids_plus_timestamps,0.2,16,0.9220833333333334,0.027680140597539545,0.8675,0.0,0.195,0.035,0.375,16.25,0.5375,10.5,11.0375,0.0031411251984536648
main,sparse,ids_plus_timestamps,0.2,17,0.91875,0.018691588785046728,0.8575,0.0,0.1775,0.034166666666666665,0.35,13.5,0.485,10.25,10.735,0.0029162089340388775
main,sparse,ids_plus_timestamps,0.2,18,0.9091666666666667,0.018884892086330936,0.85,0.0,0.1975,0.03625,0.3475,13.875,0.48625,10.875,11.36125,0.002968417014926672
main,sparse,ids_plus_timestamps,0.2,19,0.9233333333333333,0.01159678858162355,0.865,0.0,0.19,0.03333333333333333,0.3125,12.25,0.435,10.0,10.435,0.002981875091791153
main,sparse,ids_plus_timestamps,0.4,0,0.6604166666666667,0.07201405152224824,0.4875,0.0,0.5525,0.12458333333333334,0.845,26.125,1.10625,37.375,38.48125,0.0036658337339758873
main,sparse,ids_plus_timestamps,0.4,1,0.6925,0.04482758620689655,0.5525,0.0,0.515,0.11833333333333333,0.7525,23.5,0.9875,35.5,36.4875,0.003360541071742773
main,sparse,ids_plus_timestamps,0.4,2,0.6983333333333334,0.04772727272727273,0.525,0.0,0.51,0.11208333333333333,0.805,23.75,1.0425,33.625,34.6675,0.0035079168155789375
main,sparse,ids_plus_timestamps,0.4,3,0.6729166666666667,0.06322505800464037,0.5225,0.0,0.54,0.12125,0.855,29.875,1.15375,36.375,37.52875,0.003585375379770994
main,sparse,ids_plus_timestamps,0.4,4,0.6920833333333334,0.05463858850313034,0.505,0.0,0.55,0.11625,0.8425,27.875,1.12125,34.875,35.99625,0.00362649979069829
main,sparse,ids_plus_timestamps,0.4,5,0.6929166666666666,0.07405345211581292,0.525,0.0,0.5225,0.11041666666666666,0.805,27.75,1.0825,33.125,34.2075,0.0035622501745820045
main,sparse,ids_plus_timestamps,0.4,6,0.6829166666666666,0.03927315357561548,0.5325,0.0,0.5025,0.10708333333333334,0.825,27.125,1.09625,32.125,33.22125,0.0035219998098909855
main,sparse,ids_plus_timestamps,0.4,7,0.6620833333333334,0.07076023391812865,0.5,0.0,0.5325,0.11708333333333333,0.785,24.625,1.03125,35.125,36.15625,0.0033297091722488403
main,sparse,ids_plus_timestamps,0.4,8,0.6445833333333333,0.0764179104477612,0.47,0.0,0.5775,0.12791666666666668,0.8675,27.75,1.145,38.375,39.52,0.0034487913362681866
main,sparse,ids_plus_timestamps,0.4,9,0.6770833333333334,0.04467960023515579,0.4875,0.0,0.555,0.12208333333333334,0.8725,28.875,1.16125,36.625,37.78625,0.0036286660470068455
main,sparse,ids_plus_timestamps,0.4,10,0.6829166666666666,0.06128293241695303,0.5025,0.0,0.55,0.12125,0.8025,25.75,1.06,36.375,37.435,0.003467750269919634
main,sparse,ids_plus_timestamps,0.4,11,0.6925,0.0508280982295831,0.52,0.0,0.515,0.11333333333333333,0.765,23.25,0.9975,34.0,34.9975,0.0033069998025894165
main,sparse,ids_plus_timestamps,0.4,12,0.65375,0.07651559741024132,0.485,0.0,0.5625,0.11916666666666667,0.845,27.25,1.1175,35.75,36.8675,0.00345037505030632
main,sparse,ids_plus_timestamps,0.4,13,0.6570833333333334,0.07453051643192488,0.4975,0.0,0.545,0.11958333333333333,0.8275,26.5,1.0925,35.875,36.9675,0.003434167243540287
main,sparse,ids_plus_timestamps,0.4,14,0.65375,0.04678007290400972,0.485,0.0,0.56,0.12291666666666666,0.8375,26.125,1.09875,36.875,37.97375,0.0034834998659789562
main,sparse,ids_plus_timestamps,0.4,15,0.68375,0.04203152364273205,0.535,0.0,0.525,0.11625,0.83,26.625,1.09625,34.875,35.97125,0.0037220418453216553
main,sparse,ids_plus_timestamps,0.4,16,0.6791666666666667,0.049008168028004666,0.5175,0.0,0.53,0.11833333333333333,0.83,25.5,1.085,35.5,36.585,0.0034843329340219498
main,sparse,ids_plus_timestamps,0.4,17,0.6766666666666666,0.053613053613053616,0.52,0.0,0.5275,0.11916666666666667,0.8,25.875,1.05875,35.75,36.80875,0.003384791314601898
main,sparse,ids_plus_timestamps,0.4,18,0.6870833333333334,0.06677985285795134,0.52,0.0,0.53,0.11291666666666667,0.785,24.75,1.0325,33.875,34.9075,0.0035497089847922325
main,sparse,ids_plus_timestamps,0.4,19,0.6333333333333333,0.06403940886699508,0.49,0.0,0.5525,0.13125,0.835,26.125,1.09625,39.375,40.47125,0.003656333312392235
main,sparse,combined,0.0,0,1.0,0.0,1.0,0.0,0.0,0.0,0.0,0.0,0.0,0.0,0.0,0.002343416679650545
main,sparse,combined,0.0,1,1.0,0.0,1.0,0.0,0.0,0.0,0.0,0.0,0.0,0.0,0.0,0.0022964170202612877
main,sparse,combined,0.0,2,1.0,0.0,1.0,0.0,0.0,0.0,0.0,0.0,0.0,0.0,0.0,0.002227500081062317
main,sparse,combined,0.0,3,1.0,0.0,1.0,0.0,0.0,0.0,0.0,0.0,0.0,0.0,0.0,0.0020885001868009567
main,sparse,combined,0.0,4,1.0,0.0,1.0,0.0,0.0,0.0,0.0,0.0,0.0,0.0,0.0,0.002209292259067297
main,sparse,combined,0.0,5,1.0,0.0,1.0,0.0,0.0,0.0,0.0,0.0,0.0,0.0,0.0,0.0021774591878056526
main,sparse,combined,0.0,6,1.0,0.0,1.0,0.0,0.0,0.0,0.0,0.0,0.0,0.0,0.0,0.0023535829968750477
main,sparse,combined,0.0,7,1.0,0.0,1.0,0.0,0.0,0.0,0.0,0.0,0.0,0.0,0.0,0.0019944580271840096
main,sparse,combined,0.0,8,1.0,0.0,1.0,0.0,0.0,0.0,0.0,0.0,0.0,0.0,0.0,0.0021389173343777657
main,sparse,combined,0.0,9,1.0,0.0,1.0,0.0,0.0,0.0,0.0,0.0,0.0,0.0,0.0,0.002269791904836893
main,sparse,combined,0.0,10,1.0,0.0,1.0,0.0,0.0,0.0,0.0,0.0,0.0,0.0,0.0,0.0019513750448822975
main,sparse,combined,0.0,11,1.0,0.0,1.0,0.0,0.0,0.0,0.0,0.0,0.0,0.0,0.0,0.002267042174935341
main,sparse,combined,0.0,12,1.0,0.0,1.0,0.0,0.0,0.0,0.0,0.0,0.0,0.0,0.0,0.0021986248902976513
main,sparse,combined,0.0,13,1.0,0.0,1.0,0.0,0.0,0.0,0.0,0.0,0.0,0.0,0.0,0.0021812082268297672
main,sparse,combined,0.0,14,1.0,0.0,1.0,0.0,0.0,0.0,0.0,0.0,0.0,0.0,0.0,0.002199416048824787
main,sparse,combined,0.0,15,1.0,0.0,1.0,0.0,0.0,0.0,0.0,0.0,0.0,0.0,0.0,0.002187874633818865
main,sparse,combined,0.0,16,1.0,0.0,1.0,0.0,0.0,0.0,0.0,0.0,0.0,0.0,0.0,0.002156957983970642
main,sparse,combined,0.0,17,1.0,0.0,1.0,0.0,0.0,0.0,0.0,0.0,0.0,0.0,0.0,0.0021950830705463886
main,sparse,combined,0.0,18,1.0,0.0,1.0,0.0,0.0,0.0,0.0,0.0,0.0,0.0,0.0,0.0022398331202566624
main,sparse,combined,0.0,19,1.0,0.0,1.0,0.0,0.0,0.0,0.0,0.0,0.0,0.0,0.0,0.002143915742635727
main,sparse,combined,0.01,0,0.9670833333333333,0.011077971878994461,0.9325,0.0625,0.08,0.015416666666666667,0.085,4.135,0.12634999999999993,4.625,4.7513499999999995,0.0022889580577611923
main,sparse,combined,0.01,1,0.9804166666666667,0.012174643157010915,0.9575,0.04,0.0575,0.011666666666666667,0.075,3.6975,0.11197499999999998,3.5,3.6119749999999997,0.0021492918021976948
main,sparse,combined,0.01,2,0.9666666666666667,0.01944209636517329,0.9325,0.0625,0.0775,0.017916666666666668,0.095,4.6475,0.14147500000000002,5.375,5.516475000000001,0.0021784999407827854
main,sparse,combined,0.01,3,0.9654166666666667,0.01946677951756242,0.9325,0.0675,0.07,0.017083333333333332,0.0975,4.63,0.14379999999999996,5.125,5.2688,0.002208166290074587
main,sparse,combined,0.01,4,0.985,0.004212299915754001,0.955,0.04,0.06,0.011666666666666667,0.075,3.685,0.11185,3.5,3.61185,0.002323583234101534
main,sparse,combined,0.01,5,0.9754166666666667,0.008890770533446233,0.935,0.065,0.075,0.01625,0.0875,4.2575,0.130075,4.875,5.005075,0.002169374842196703
main,sparse,combined,0.01,6,0.9745833333333334,0.009318085556967387,0.95,0.0475,0.0625,0.012083333333333333,0.09,4.425,0.13425000000000004,3.625,3.75925,0.0025330842472612858
main,sparse,combined,0.01,7,0.965,0.02030456852791878,0.925,0.075,0.0775,0.01875,0.1125,5.5075,0.16757500000000003,5.625,5.792575,0.002432958222925663
main,sparse,combined,0.01,8,0.9695833333333334,0.012728044123886296,0.93,0.0625,0.085,0.017083333333333332,0.115,5.5125,0.170125,5.125,5.2951250000000005,0.0023960829712450504
main,sparse,combined,0.01,9,0.97375,0.017654476670870115,0.9425,0.0525,0.08,0.015833333333333335,0.0975,4.795,0.14545000000000002,4.75,4.89545,0.0025331666693091393
main,sparse,combined,0.01,10,0.9745833333333334,0.011411665257819104,0.935,0.0575,0.0775,0.015833333333333335,0.1,4.91,0.14910000000000007,4.75,4.899100000000001,0.002365624997764826
main,sparse,combined,0.01,11,0.9683333333333334,0.01692047377326565,0.9375,0.0625,0.075,0.017083333333333332,0.1,4.7675,0.147675,5.125,5.2726750000000004,0.002413583919405937
main,sparse,combined,0.01,12,0.9629166666666666,0.009429918559794257,0.92,0.0775,0.0875,0.02,0.0975,4.7275,0.14477500000000001,6.0,6.144774999999999,0.0024400828406214714
main,sparse,combined,0.01,13,0.9733333333333334,0.014761703922395614,0.935,0.06,0.07,0.01625,0.08,3.9025,0.11902500000000003,4.875,4.994025000000001,0.0023229997605085373
main,sparse,combined,0.01,14,0.9620833333333333,0.023678646934460888,0.93,0.0625,0.075,0.017916666666666668,0.0925,4.5175,0.137675,5.375,5.512675000000001,0.002307083923369646
main,sparse,combined,0.01,15,0.98125,0.01174989509022241,0.9625,0.0325,0.04,0.00875,0.065,3.2,0.09700000000000002,2.625,2.722,0.0023162500001490116
main,sparse,combined,0.01,16,0.98125,0.013405948889819858,0.9575,0.04,0.0525,0.01125,0.0675,3.3225,0.100725,3.375,3.4757249999999997,0.0022698333486914635
main,sparse,combined,0.01,17,0.9695833333333334,0.008943781942078365,0.935,0.06,0.0725,0.016666666666666666,0.0875,4.1475,0.12897500000000003,5.0,5.1289750000000005,0.002383624669164419
main,sparse,combined,0.01,18,0.9816666666666667,0.009667927700714587,0.9625,0.0375,0.0375,0.009166666666666667,0.05,2.455,0.07454999999999998,2.75,2.82455,0.0023580417037010193
main,sparse,combined,0.01,19,0.9733333333333334,0.013929928239763613,0.9375,0.0525,0.0775,0.016666666666666666,0.0975,4.7925,0.14542500000000003,5.0,5.145425,0.0023535406216979027
main,sparse,combined,0.05,0,0.8675,0.056210335448776065,0.7175,0.2475,0.315,0.07458333333333333,0.3925,17.445,0.5669499999999995,22.375,22.941950000000002,0.0030377497896552086
main,sparse,combined,0.05,1,0.8620833333333333,0.06464737793851717,0.725,0.26,0.315,0.07291666666666667,0.4175,18.545,0.6029499999999994,21.875,22.47795,0.00316079193726182
main,sparse,combined,0.05,2,0.8575,0.0658193372673627,0.71,0.2775,0.3325,0.08041666666666666,0.4325,19.1725,0.6242249999999988,24.125,24.749224999999996,0.0031233751215040684
main,sparse,combined,0.05,3,0.865,0.05507510241238052,0.72,0.2575,0.32,0.08458333333333333,0.39,16.2875,0.5528749999999999,25.375,25.927875,0.00293933367356658
main,sparse,combined,0.05,4,0.8804166666666666,0.06463036741921203,0.7575,0.22,0.28,0.06833333333333333,0.3825,17.8275,0.5607749999999996,20.5,21.060775,0.0029724999330937862
main,sparse,combined,0.05,5,0.8620833333333333,0.06039963669391462,0.7325,0.245,0.295,0.07958333333333334,0.42,19.105,0.6110499999999996,23.875,24.48605,0.0032004998065531254
main,sparse,combined,0.05,6,0.8633333333333333,0.05084745762711865,0.74,0.245,0.3,0.08,0.395,17.8975,0.5739749999999997,24.0,24.573975,0.002996958326548338
main,sparse,combined,0.05,7,0.8720833333333333,0.05379746835443038,0.715,0.2625,0.3275,0.07833333333333334,0.4325,18.98,0.6222999999999996,23.5,24.1223,0.0030202502384781837
main,sparse,combined,0.05,8,0.88125,0.046008119079837616,0.735,0.2325,0.305,0.07291666666666667,0.41,18.5125,0.5951249999999997,21.875,22.470125,0.0030748751014471054
main,sparse,combined,0.05,9,0.8720833333333333,0.042105263157894736,0.7125,0.27,0.3375,0.0825,0.435,19.3675,0.6286749999999998,24.75,25.378674999999998,0.0033162501640617847
main,sparse,combined,0.05,10,0.8429166666666666,0.07961783439490445,0.6875,0.2975,0.34,0.08458333333333333,0.43,19.4025,0.6240249999999995,25.375,25.999025000000003,0.0032010418362915516
main,sparse,combined,0.05,11,0.8629166666666667,0.06331976481230213,0.7325,0.2525,0.32,0.0775,0.4175,18.835,0.6058499999999999,23.25,23.85585,0.0029979590326547623
main,sparse,combined,0.05,12,0.875,0.052346570397111915,0.7375,0.235,0.3075,0.07291666666666667,0.4025,18.4325,0.5868250000000002,21.875,22.461824999999997,0.002991749905049801
main,sparse,combined,0.05,13,0.8804166666666666,0.05585344057193923,0.7475,0.235,0.2975,0.06958333333333333,0.38,16.8375,0.5483750000000003,20.875,21.423375,0.002967250067740679
main,sparse,combined,0.05,14,0.8854166666666666,0.04192966636609558,0.745,0.24,0.2975,0.07291666666666667,0.4025,17.6075,0.5785749999999996,21.875,22.453575,0.003158249892294407
main,sparse,combined,0.05,15,0.8641666666666666,0.05210237659963437,0.715,0.255,0.36,0.08291666666666667,0.4475,20.515,0.65265,24.875,25.527649999999998,0.0031794155947864056
main,sparse,combined,0.05,16,0.8445833333333334,0.07695810564663023,0.675,0.2875,0.365,0.08791666666666667,0.49,21.8,0.7079999999999994,26.375,27.083,0.003082750365138054
main,sparse,combined,0.05,17,0.82625,0.08701657458563536,0.68,0.305,0.3575,0.09,0.475,21.85,0.6935000000000002,27.0,27.6935,0.003303457982838154
main,sparse,combined,0.05,18,0.8804166666666666,0.049910071942446045,0.75,0.245,0.295,0.07458333333333333,0.3975,17.965,0.5771499999999997,22.375,22.952150000000003,0.0030729169957339764
main,sparse,combined,0.05,19,0.8783333333333333,0.05002253267237494,0.7575,0.2325,0.2825,0.07041666666666667,0.3925,17.6825,0.569325,21.125,21.694325,0.0030883331783115864
main,sparse,combined,0.1,0,0.73375,0.0959958932238193,0.4775,0.4775,0.5875,0.17291666666666666,0.805,33.1425,1.1364249999999987,51.875,53.011425,0.0037372922524809837
main,sparse,combined,0.1,1,0.7091666666666666,0.09419904204364024,0.4575,0.5075,0.5925,0.1775,0.81,32.0775,1.1307749999999996,53.25,54.380775,0.003434833139181137
main,sparse,combined,0.1,2,0.7179166666666666,0.09028511087645195,0.4625,0.5175,0.58,0.16791666666666666,0.8025,32.5975,1.128475,50.375,51.503475,0.0036021657288074493
main,sparse,combined,0.1,3,0.7558333333333334,0.09163745618427642,0.48,0.47,0.5775,0.16083333333333333,0.8125,33.4675,1.147174999999998,48.25,49.397175,0.003926832694560289
main,sparse,combined,0.1,4,0.7275,0.09486780715396578,0.475,0.4925,0.565,0.1725,0.78,30.67,1.0866999999999991,51.75,52.8367,0.003641874995082617
main,sparse,combined,0.1,5,0.74125,0.08675564681724846,0.49,0.4575,0.56,0.14416666666666667,0.785,30.2625,1.087624999999999,43.25,44.337624999999996,0.0035952921025455
main,sparse,combined,0.1,6,0.7358333333333333,0.10400811770674784,0.4975,0.48,0.5425,0.16333333333333333,0.7775,31.5525,1.093024999999999,49.0,50.093025,0.003608833998441696
main,sparse,combined,0.1,7,0.7479166666666667,0.09113924050632911,0.4925,0.4625,0.5675,0.1575,0.76,30.15,1.0615000000000003,47.25,48.311499999999995,0.003441500011831522
main,sparse,combined,0.1,8,0.74125,0.11492537313432835,0.515,0.46,0.535,0.15041666666666667,0.7475,31.125,1.0587499999999996,45.125,46.18375,0.0036177500151097775
main,sparse,combined,0.1,9,0.7395833333333334,0.10353535353535354,0.4825,0.4875,0.57,0.16666666666666666,0.8025,32.4525,1.127025,50.0,51.127025,0.0036944998428225517
main,sparse,combined,0.1,10,0.76125,0.09239940387481371,0.5075,0.45,0.5525,0.15333333333333332,0.73,29.055,1.0205500000000007,46.0,47.02055,0.003510416019707918
main,sparse,combined,0.1,11,0.7141666666666666,0.12595614482406936,0.44,0.5,0.62,0.17458333333333334,0.8125,32.5475,1.1379750000000015,52.375,53.512975000000004,0.003674417268484831
main,sparse,combined,0.1,12,0.7004166666666667,0.11572856391372961,0.4575,0.5025,0.595,0.17416666666666666,0.825,33.465,1.1596499999999998,52.25,53.40965,0.00375045882537961
main,sparse,combined,0.1,13,0.7270833333333333,0.1096938775510204,0.46,0.48,0.5925,0.16375,0.7975,32.6825,1.1243249999999996,49.125,50.249325,0.003614082932472229
main,sparse,combined,0.1,14,0.7441666666666666,0.1061061061061061,0.5025,0.455,0.5575,0.16166666666666665,0.7775,31.0975,1.0884750000000005,48.5,49.588474999999995,0.0035599577240645885
main,sparse,combined,0.1,15,0.71375,0.1119751166407465,0.485,0.4825,0.5775,0.17041666666666666,0.82,33.3,1.1529999999999994,51.125,52.278,0.003786040935665369
main,sparse,combined,0.1,16,0.7375,0.11764705882352941,0.49,0.47,0.5625,0.1625,0.81,31.86,1.128599999999999,48.75,49.8786,0.003763374872505665
main,sparse,combined,0.1,17,0.7495833333333334,0.10363726955655207,0.4875,0.4725,0.56,0.16041666666666668,0.8175,33.87,1.1562,48.125,49.2812,0.0037889997474849224
main,sparse,combined,0.1,18,0.74625,0.09727822580645161,0.4625,0.475,0.58,0.16333333333333333,0.8075,32.3775,1.131275000000001,49.0,50.131275,0.0036009997129440308
main,sparse,combined,0.1,19,0.7795833333333333,0.06776283009466866,0.5225,0.425,0.53,0.14583333333333334,0.7425,30.77,1.050200000000001,43.75,44.800200000000004,0.0035437503829598427
main,sparse,combined,0.2,0,0.5391666666666667,0.1136986301369863,0.2025,0.7175,0.8225,0.30833333333333335,1.185,38.57,1.5707000000000004,92.5,94.0707,0.003834250383079052
main,sparse,combined,0.2,1,0.5175,0.12842105263157894,0.1875,0.7475,0.85,0.32416666666666666,1.275,40.025,1.6752499999999997,97.25,98.92524999999999,0.003879417199641466
main,sparse,combined,0.2,2,0.5195833333333333,0.12552594670406733,0.19,0.7625,0.845,0.3179166666666667,1.2575,41.1475,1.6689749999999968,95.375,97.04397499999999,0.00389391602948308
main,sparse,combined,0.2,3,0.50625,0.14736842105263157,0.1625,0.7625,0.88,0.34541666666666665,1.2775,40.17,1.6792000000000002,103.625,105.3042,0.0038931253366172314
main,sparse,combined,0.2,4,0.5279166666666667,0.13750850918992513,0.18,0.7425,0.855,0.32416666666666666,1.2975,40.9875,1.707374999999998,97.25,98.957375,0.004008791875094175
main,sparse,combined,0.2,5,0.5129166666666667,0.1522038567493113,0.1875,0.745,0.84,0.32458333333333333,1.2225,39.345,1.615949999999998,97.375,98.99095,0.0039498331025242805
main,sparse,combined,0.2,6,0.5633333333333334,0.14376187460417986,0.205,0.7375,0.84,0.3075,1.2,39.5375,1.5953749999999984,92.25,93.845375,0.003983583301305771
main,sparse,combined,0.2,7,0.5320833333333334,0.13599458728010824,0.215,0.705,0.815,0.31,1.26,41.8875,1.6788749999999972,93.0,94.67887499999999,0.0041931248269975185
main,sparse,combined,0.2,8,0.5254166666666666,0.14739688979039892,0.185,0.74,0.85,0.32208333333333333,1.31,42.31,1.7330999999999974,96.625,98.3581,0.003994791768491268
main,sparse,combined,0.2,9,0.5191666666666667,0.1188118811881188,0.1975,0.7425,0.84,0.32458333333333333,1.225,39.17,1.6166999999999996,97.375,98.9917,0.0038131671026349068
main,sparse,combined,0.2,10,0.5445833333333333,0.13156146179401992,0.2075,0.72,0.8225,0.30333333333333334,1.275,42.655,1.7015499999999981,91.0,92.70155000000001,0.003961457870900631
main,sparse,combined,0.2,11,0.49666666666666665,0.16526610644257703,0.1875,0.7575,0.8475,0.34458333333333335,1.2525,40.1775,1.6542749999999997,103.375,105.029275,0.0039420840330421925
main,sparse,combined,0.2,12,0.5525,0.12185430463576159,0.2025,0.7325,0.84,0.31083333333333335,1.3,42.94,1.729399999999997,93.25,94.9794,0.004025707952678204
main,sparse,combined,0.2,13,0.54125,0.14257425742574256,0.23,0.6975,0.825,0.31333333333333335,1.2075,39.7625,1.605124999999999,94.0,95.605125,0.004005458205938339
main,sparse,combined,0.2,14,0.5291666666666667,0.14304993252361672,0.205,0.7225,0.825,0.3179166666666667,1.2325,41.65,1.6490000000000002,95.375,97.024,0.004169458989053965
main,sparse,combined,0.2,15,0.5345833333333333,0.15089344804765056,0.1875,0.7425,0.8375,0.3120833333333333,1.2525,39.23,1.6447999999999992,93.625,95.26979999999999,0.004016791936010122
main,sparse,combined,0.2,16,0.5541666666666667,0.13636363636363635,0.235,0.695,0.815,0.30375,1.2725,42.175,1.6942499999999965,91.125,92.81925,0.0039989580400288105
main,sparse,combined,0.2,17,0.5270833333333333,0.13886997957794417,0.21,0.745,0.84,0.3229166666666667,1.22,39.9675,1.6196749999999995,96.875,98.494675,0.003994958009570837
main,sparse,combined,0.2,18,0.5341666666666667,0.12311901504787962,0.195,0.7425,0.83,0.3258333333333333,1.245,39.0375,1.635374999999998,97.75,99.38537500000001,0.003814541269093752
main,sparse,combined,0.2,19,0.5141666666666667,0.12606232294617564,0.2175,0.725,0.8225,0.32958333333333334,1.2075,39.45,1.6019999999999965,98.875,100.47699999999999,0.0039877076633274555
main,sparse,combined,0.4,0,0.21958333333333332,0.11428571428571428,0.0125,0.9675,0.9925,0.6420833333333333,1.38,25.545,1.6354499999999998,192.625,194.26045,0.0032133329659700394
main,sparse,combined,0.4,1,0.22375,0.13665594855305466,0.01,0.95,0.995,0.6141666666666666,1.3675,25.2425,1.6199249999999987,184.25,185.869925,0.003269166685640812
main,sparse,combined,0.4,2,0.2325,0.1267605633802817,0.015,0.94,0.9925,0.6058333333333333,1.475,27.5125,1.7501250000000015,181.75,183.500125,0.0033045830205082893
main,sparse,combined,0.4,3,0.23083333333333333,0.1606060606060606,0.0,0.965,1.0,0.6241666666666666,1.48,27.31,1.753099999999998,187.25,189.00310000000002,0.0031733750365674496
main,sparse,combined,0.4,4,0.21041666666666667,0.16666666666666666,0.02,0.9575,0.98,0.6166666666666667,1.3975,25.7275,1.6547749999999986,185.0,186.654775,0.0032852920703589916
main,sparse,combined,0.4,5,0.21375,0.1464226289517471,0.01,0.965,0.9925,0.6120833333333333,1.38,26.75,1.6474999999999982,183.625,185.2725,0.0032604578882455826
main,sparse,combined,0.4,6,0.24583333333333332,0.15834522111269614,0.0125,0.95,0.99,0.5995833333333334,1.4425,28.6275,1.7287750000000006,179.875,181.60377499999998,0.003356541972607374
main,sparse,combined,0.4,7,0.21916666666666668,0.16507936507936508,0.015,0.955,0.99,0.6245833333333334,1.3875,24.4125,1.6316249999999997,187.375,189.00662499999999,0.003220417071133852
main,sparse,combined,0.4,8,0.24083333333333334,0.13213213213213212,0.03,0.94,0.9775,0.61875,1.4375,27.27,1.7102000000000002,185.625,187.33520000000001,0.0033619171008467674
main,sparse,combined,0.4,9,0.24708333333333332,0.11755952380952381,0.025,0.94,0.98,0.62125,1.415,27.1225,1.6862249999999996,186.375,188.061225,0.0032857079058885574
main,sparse,combined,0.4,10,0.24791666666666667,0.12371134020618557,0.0125,0.965,0.9875,0.6158333333333333,1.4275,26.9675,1.6971750000000005,184.75,186.447175,0.003320625051856041
main,sparse,combined,0.4,11,0.24208333333333334,0.12368024132730016,0.015,0.94,0.9925,0.5983333333333334,1.415,28.2475,1.6974749999999978,179.5,181.19747500000003,0.0033418750390410423
main,sparse,combined,0.4,12,0.23291666666666666,0.14786585365853658,0.015,0.9575,0.995,0.6141666666666666,1.4825,28.445,1.7669499999999991,184.25,186.01695,0.003317374736070633
main,sparse,combined,0.4,13,0.24166666666666667,0.1773049645390071,0.015,0.955,0.99,0.6020833333333333,1.395,28.515,1.6801499999999987,180.625,182.30515,0.0032907500863075256
main,sparse,combined,0.4,14,0.24625,0.13973799126637554,0.0275,0.955,0.98,0.62125,1.4625,29.2,1.7544999999999973,186.375,188.1295,0.0032799160107970238
main,sparse,combined,0.4,15,0.24,0.17360114777618366,0.0075,0.95,0.9925,0.6108333333333333,1.5225,29.9175,1.8216749999999984,183.25,185.071675,0.003388708923012018
main,sparse,combined,0.4,16,0.22,0.16057233704292528,0.01,0.945,0.995,0.6245833333333334,1.4425,27.7325,1.7198249999999975,187.375,189.094825,0.0032885842956602573
main,sparse,combined,0.4,17,0.22666666666666666,0.15919629057187018,0.01,0.9625,0.9925,0.6258333333333334,1.4825,28.9125,1.7716250000000013,187.75,189.52162499999997,0.0035271248780190945
main,sparse,combined,0.4,18,0.22791666666666666,0.14930015552099535,0.01,0.96,0.99,0.6179166666666667,1.4025,25.2675,1.655174999999996,185.375,187.03017499999999,0.003460375126451254
main,sparse,combined,0.4,19,0.20833333333333334,0.13043478260869565,0.0,0.9625,1.0,0.6291666666666667,1.4575,28.025,1.7377499999999977,188.75,190.48775,0.0032663331367075443
main,dense,intent_links,0.0,0,1.0,0.0,1.0,0.0,0.0,0.0,0.0,0.0,0.0,0.0,0.0,0.0064165000803768635
main,dense,intent_links,0.0,1,1.0,0.0,1.0,0.0,0.0,0.0,0.0,0.0,0.0,0.0,0.0,0.006078333128243685
main,dense,intent_links,0.0,2,1.0,0.0,1.0,0.0,0.0,0.0,0.0,0.0,0.0,0.0,0.0,0.006326333153992891
main,dense,intent_links,0.0,3,1.0,0.0,1.0,0.0,0.0,0.0,0.0,0.0,0.0,0.0,0.0,0.006290584336966276
main,dense,intent_links,0.0,4,1.0,0.0,1.0,0.0,0.0,0.0,0.0,0.0,0.0,0.0,0.0,0.006312000099569559
main,dense,intent_links,0.0,5,1.0,0.0,1.0,0.0,0.0,0.0,0.0,0.0,0.0,0.0,0.0,0.006250292062759399
main,dense,intent_links,0.0,6,1.0,0.0,1.0,0.0,0.0,0.0,0.0,0.0,0.0,0.0,0.0,0.006598417181521654
main,dense,intent_links,0.0,7,1.0,0.0,1.0,0.0,0.0,0.0,0.0,0.0,0.0,0.0,0.0,0.006188625004142523
main,dense,intent_links,0.0,8,1.0,0.0,1.0,0.0,0.0,0.0,0.0,0.0,0.0,0.0,0.0,0.006420333869755268
main,dense,intent_links,0.0,9,1.0,0.0,1.0,0.0,0.0,0.0,0.0,0.0,0.0,0.0,0.0,0.006251791026443243
main,dense,intent_links,0.0,10,1.0,0.0,1.0,0.0,0.0,0.0,0.0,0.0,0.0,0.0,0.0,0.0068806251510977745
main,dense,intent_links,0.0,11,1.0,0.0,1.0,0.0,0.0,0.0,0.0,0.0,0.0,0.0,0.0,0.0066646249033510685
main,dense,intent_links,0.0,12,1.0,0.0,1.0,0.0,0.0,0.0,0.0,0.0,0.0,0.0,0.0,0.006375458091497421
main,dense,intent_links,0.0,13,1.0,0.0,1.0,0.0,0.0,0.0,0.0,0.0,0.0,0.0,0.0,0.006385374814271927
main,dense,intent_links,0.0,14,1.0,0.0,1.0,0.0,0.0,0.0,0.0,0.0,0.0,0.0,0.0,0.006439124699681997
main,dense,intent_links,0.0,15,1.0,0.0,1.0,0.0,0.0,0.0,0.0,0.0,0.0,0.0,0.0,0.00652866717427969
main,dense,intent_links,0.0,16,1.0,0.0,1.0,0.0,0.0,0.0,0.0,0.0,0.0,0.0,0.0,0.006577000021934509
main,dense,intent_links,0.0,17,1.0,0.0,1.0,0.0,0.0,0.0,0.0,0.0,0.0,0.0,0.0,0.006501124706119299
main,dense,intent_links,0.0,18,1.0,0.0,1.0,0.0,0.0,0.0,0.0,0.0,0.0,0.0,0.0,0.006559125147759914
main,dense,intent_links,0.0,19,1.0,0.0,1.0,0.0,0.0,0.0,0.0,0.0,0.0,0.0,0.0,0.006494041066616774
main,dense,intent_links,0.01,0,0.9995833333333334,0.0004166666666666667,0.9975,0.0,0.0033333333333333335,0.0005555555555555556,0.01,1.5,0.025,0.16666666666666666,0.19166666666666668,0.006799791008234024
main,dense,intent_links,0.01,1,0.9998611111111111,0.0001388888888888889,0.9991666666666666,0.0,0.005,0.0008333333333333334,0.010833333333333334,1.625,0.027083333333333334,0.25,0.27708333333333335,0.006755957845598459
main,dense,intent_links,0.01,2,0.9997222222222222,0.0002777777777777778,0.9983333333333333,0.0,0.005,0.0008333333333333334,0.009166666666666667,1.375,0.022916666666666665,0.25,0.27291666666666664,0.006639166735112667
main,dense,intent_links,0.01,3,0.9995833333333334,0.0004166666666666667,0.9975,0.0,0.005,0.0008333333333333334,0.010833333333333334,1.625,0.027083333333333334,0.25,0.27708333333333335,0.006766417063772678
main,dense,intent_links,0.01,4,0.9998611111111111,0.0001388888888888889,0.9991666666666666,0.0,0.005,0.0008333333333333334,0.0125,1.875,0.03125,0.25,0.28125,0.006674541160464287
main,dense,intent_links,0.01,5,0.9998611111111111,0.0001388888888888889,0.9991666666666666,0.0,0.0008333333333333334,0.0001388888888888889,0.004166666666666667,0.625,0.010416666666666666,0.041666666666666664,0.052083333333333336,0.006735708098858595
main,dense,intent_links,0.01,6,0.9997222222222222,0.0002777777777777778,0.9983333333333333,0.0,0.005,0.0008333333333333334,0.011666666666666667,1.75,0.029166666666666667,0.25,0.2791666666666667,0.006826833356171846
main,dense,intent_links,0.01,7,0.9998611111111111,0.0001388888888888889,0.9991666666666666,0.0,0.008333333333333333,0.001388888888888889,0.009166666666666667,1.375,0.022916666666666665,0.4166666666666667,0.4395833333333333,0.0066674998961389065
main,dense,intent_links,0.01,8,0.9997222222222222,0.0002777777777777778,0.9983333333333333,0.0,0.005,0.0008333333333333334,0.013333333333333334,2.0,0.03333333333333333,0.25,0.2833333333333333,0.006801167037338018
main,dense,intent_links,0.01,9,1.0,0.0,1.0,0.0,0.004166666666666667,0.0006944444444444445,0.013333333333333334,2.0,0.03333333333333333,0.20833333333333334,0.24166666666666667,0.008787916973233223
main,dense,intent_links,0.01,10,1.0,0.0,1.0,0.0,0.005,0.0008333333333333334,0.014166666666666666,2.125,0.035416666666666666,0.25,0.28541666666666665,0.006814749911427498
main,dense,intent_links,0.01,11,0.9995833333333334,0.0004166666666666667,0.9975,0.0,0.0075,0.00125,0.013333333333333334,2.0,0.03333333333333333,0.375,0.4083333333333333,0.006967082619667053
main,dense,intent_links,0.01,12,1.0,0.0,1.0,0.0,0.004166666666666667,0.0006944444444444445,0.005833333333333334,0.875,0.014583333333333334,0.20833333333333334,0.22291666666666668,0.006555791944265366
main,dense,intent_links,0.01,13,0.9997222222222222,0.0002777777777777778,0.9983333333333333,0.0,0.0033333333333333335,0.0005555555555555556,0.005,0.75,0.0125,0.16666666666666666,0.17916666666666667,0.00664912536740303
main,dense,intent_links,0.01,14,0.9998611111111111,0.0001388888888888889,0.9991666666666666,0.0,0.0008333333333333334,0.0001388888888888889,0.005833333333333334,0.875,0.014583333333333334,0.041666666666666664,0.05625,0.006672916933894157
main,dense,intent_links,0.01,15,0.9998611111111111,0.0001388888888888889,0.9991666666666666,0.0,0.0033333333333333335,0.0005555555555555556,0.010833333333333334,1.625,0.027083333333333334,0.16666666666666666,0.19375,0.006333124823868275
main,dense,intent_links,0.01,16,1.0,0.0,1.0,0.0,0.0025,0.0004166666666666667,0.008333333333333333,1.25,0.020833333333333332,0.125,0.14583333333333334,0.0068330420181155205
main,dense,intent_links,0.01,17,0.9998611111111111,0.0001388888888888889,0.9991666666666666,0.0,0.005,0.0008333333333333334,0.0075,1.125,0.01875,0.25,0.26875,0.006412458140403032
main,dense,intent_links,0.01,18,0.9995833333333334,0.0004166666666666667,0.9975,0.0,0.005833333333333334,0.0009722222222222222,0.0075,1.125,0.01875,0.2916666666666667,0.3104166666666667,0.006405083928257227
main,dense,intent_links,0.01,19,1.0,0.0,1.0,0.0,0.0033333333333333335,0.0005555555555555556,0.0125,1.875,0.03125,0.16666666666666666,0.19791666666666666,0.006428207736462355
main,dense,intent_links,0.05,0,0.9983333333333333,0.0016666666666666668,0.99,0.0,0.0225,0.00375,0.049166666666666664,7.375,0.12291666666666666,1.125,1.2479166666666666,0.00746924988925457
main,dense,intent_links,0.05,1,0.9990277777777777,0.0009722222222222222,0.9941666666666666,0.0,0.018333333333333333,0.0030555555555555557,0.04666666666666667,7.0,0.11666666666666667,0.9166666666666666,1.0333333333333334,0.007175958715379238
main,dense,intent_links,0.05,2,0.9988888888888889,0.0011111111111111111,0.9933333333333333,0.0,0.0225,0.00375,0.051666666666666666,7.75,0.12916666666666668,1.125,1.2541666666666667,0.007797833997756243
main,dense,intent_links,0.05,3,0.9983333333333333,0.0016666666666666668,0.99,0.0,0.03,0.005,0.059166666666666666,8.875,0.14791666666666667,1.5,1.6479166666666667,0.007923374883830547
main,dense,intent_links,0.05,4,0.9988888888888889,0.0011111111111111111,0.9933333333333333,0.0,0.0225,0.00375,0.056666666666666664,8.5,0.14166666666666666,1.125,1.2666666666666666,0.007697165943682194
main,dense,intent_links,0.05,5,0.9988888888888889,0.0011111111111111111,0.9933333333333333,0.0,0.021666666666666667,0.003611111111111111,0.055,8.25,0.1375,1.0833333333333333,1.2208333333333334,0.008110042195767164
main,dense,intent_links,0.05,6,0.9994444444444445,0.0005555555555555556,0.9966666666666667,0.0,0.015,0.0025,0.04083333333333333,6.125,0.10208333333333333,0.75,0.8520833333333333,0.007040834054350853
main,dense,intent_links,0.05,7,0.9990277777777777,0.0009722222222222222,0.9941666666666666,0.0,0.014166666666666666,0.002361111111111111,0.056666666666666664,8.5,0.14166666666666666,0.7083333333333334,0.85,0.008100207895040512
main,dense,intent_links,0.05,8,0.9983333333333333,0.0016666666666666668,0.99,0.0,0.023333333333333334,0.0038888888888888888,0.0525,7.875,0.13125,1.1666666666666667,1.2979166666666666,0.007672542240470648
main,dense,intent_links,0.05,9,0.9990277777777777,0.0009722222222222222,0.9941666666666666,0.0,0.0225,0.00375,0.0525,7.875,0.13125,1.125,1.25625,0.00741412490606308
main,dense,intent_links,0.05,10,0.9993055555555556,0.0006944444444444445,0.9958333333333333,0.0,0.015,0.0025,0.03916666666666667,5.875,0.09791666666666667,0.75,0.8479166666666667,0.007503083907067776
main,dense,intent_links,0.05,11,0.9990277777777777,0.0009722222222222222,0.9941666666666666,0.0,0.015,0.0025,0.05,7.5,0.125,0.75,0.875,0.00754474988207221
main,dense,intent_links,0.05,12,0.9988888888888889,0.0011111111111111111,0.9933333333333333,0.0,0.024166666666666666,0.004027777777777778,0.051666666666666666,7.75,0.12916666666666668,1.2083333333333333,1.3375,0.007932666689157486
main,dense,intent_links,0.05,13,0.9980555555555556,0.0019444444444444444,0.9883333333333333,0.0,0.03166666666666667,0.005277777777777778,0.056666666666666664,8.5,0.14166666666666666,1.5833333333333333,1.725,0.008160708006471395
main,dense,intent_links,0.05,14,0.9990277777777777,0.0009722222222222222,0.9941666666666666,0.0,0.021666666666666667,0.003611111111111111,0.045,6.75,0.1125,1.0833333333333333,1.1958333333333333,0.007502542342990637
main,dense,intent_links,0.05,15,0.9977777777777778,0.0022222222222222222,0.9866666666666667,0.0,0.0325,0.005416666666666667,0.060833333333333336,9.125,0.15208333333333332,1.625,1.7770833333333333,0.007670499850064516
main,dense,intent_links,0.05,16,0.9990277777777777,0.0009722222222222222,0.9941666666666666,0.0,0.020833333333333332,0.003472222222222222,0.0425,6.375,0.10625,1.0416666666666667,1.1479166666666667,0.0072029996663331985
main,dense,intent_links,0.05,17,0.9990277777777777,0.0009722222222222222,0.9941666666666666,0.0,0.02,0.0033333333333333335,0.04666666666666667,7.0,0.11666666666666667,1.0,1.1166666666666667,0.00802341615781188
main,dense,intent_links,0.05,18,0.9984722222222222,0.0015277777777777779,0.9908333333333333,0.0,0.020833333333333332,0.003472222222222222,0.04833333333333333,7.25,0.12083333333333333,1.0416666666666667,1.1625,0.007244375068694353
main,dense,intent_links,0.05,19,0.9993055555555556,0.0006944444444444445,0.9958333333333333,0.0,0.018333333333333333,0.0030555555555555557,0.0525,7.875,0.13125,0.9166666666666666,1.0479166666666666,0.007905417121946812
main,dense,intent_links,0.1,0,0.9988888888888889,0.0011111111111111111,0.9933333333333333,0.0,0.034166666666666665,0.005694444444444445,0.09666666666666666,14.5,0.24166666666666667,1.7083333333333333,1.95,0.008635374717414379
main,dense,intent_links,0.1,1,0.9979166666666667,0.0020833333333333333,0.9875,0.0,0.03666666666666667,0.006111111111111111,0.09416666666666666,14.125,0.23541666666666666,1.8333333333333333,2.06875,0.00846683420240879
main,dense,intent_links,0.1,2,0.9980555555555556,0.0019444444444444444,0.9883333333333333,0.0,0.035,0.005833333333333334,0.08333333333333333,12.5,0.20833333333333334,1.75,1.9583333333333333,0.00888775009661913
main,dense,intent_links,0.1,3,0.9979166666666667,0.0020833333333333333,0.9875,0.0,0.04583333333333333,0.007638888888888889,0.10666666666666667,16.0,0.26666666666666666,2.2916666666666665,2.558333333333333,0.008856667205691338
main,dense,intent_links,0.1,4,0.9981944444444445,0.0018055555555555555,0.9891666666666666,0.0,0.03833333333333333,0.006388888888888889,0.10416666666666667,15.625,0.2604166666666667,1.9166666666666667,2.1770833333333335,0.009170083329081535
main,dense,intent_links,0.1,5,0.9986111111111111,0.001388888888888889,0.9916666666666667,0.0,0.041666666666666664,0.006944444444444444,0.10416666666666667,15.625,0.2604166666666667,2.0833333333333335,2.34375,0.00930895796045661
main,dense,intent_links,0.1,6,0.9979166666666667,0.0020833333333333333,0.9875,0.0,0.0375,0.00625,0.085,12.75,0.2125,1.875,2.0875,0.009024624712765217
main,dense,intent_links,0.1,7,0.9981944444444445,0.0018055555555555555,0.9891666666666666,0.0,0.034166666666666665,0.005694444444444445,0.0925,13.875,0.23125,1.7083333333333333,1.9395833333333334,0.008714291732758284
main,dense,intent_links,0.1,8,0.9968055555555555,0.0031944444444444446,0.9808333333333333,0.0,0.03916666666666667,0.006527777777777778,0.10166666666666667,15.25,0.25416666666666665,1.9583333333333333,2.2125,0.008506500162184238
main,dense,intent_links,0.1,9,0.9977777777777778,0.0022222222222222222,0.9866666666666667,0.0,0.04083333333333333,0.006805555555555555,0.1025,15.375,0.25625,2.0416666666666665,2.2979166666666666,0.009072041139006615
main,dense,intent_links,0.1,10,0.9984722222222222,0.0015277777777777779,0.9908333333333333,0.0,0.03916666666666667,0.006527777777777778,0.0975,14.625,0.24375,1.9583333333333333,2.2020833333333334,0.008945791982114315
main,dense,intent_links,0.1,11,0.9984722222222222,0.0015277777777777779,0.9908333333333333,0.0,0.03916666666666667,0.006527777777777778,0.10083333333333333,15.125,0.2520833333333333,1.9583333333333333,2.2104166666666667,0.008710124995559454
main,dense,intent_links,0.1,12,0.9979166666666667,0.0020833333333333333,0.9875,0.0,0.04083333333333333,0.006805555555555555,0.1025,15.375,0.25625,2.0416666666666665,2.2979166666666666,0.008846125099807978
main,dense,intent_links,0.1,13,0.9983333333333333,0.0016666666666666668,0.99,0.0,0.0425,0.007083333333333333,0.1125,16.875,0.28125,2.125,2.40625,0.009798165876418352
main,dense,intent_links,0.1,14,0.9983333333333333,0.0016666666666666668,0.99,0.0,0.0375,0.00625,0.08916666666666667,13.375,0.22291666666666668,1.875,2.097916666666667,0.009066166821867228
main,dense,intent_links,0.1,15,0.9983333333333333,0.0016666666666666668,0.99,0.0,0.04083333333333333,0.006805555555555555,0.11083333333333334,16.625,0.27708333333333335,2.0416666666666665,2.31875,0.009535625111311674
main,dense,intent_links,0.1,16,0.9977777777777778,0.0022222222222222222,0.9866666666666667,0.0,0.0475,0.007916666666666667,0.11333333333333333,17.0,0.2833333333333333,2.375,2.658333333333333,0.009184207767248154
main,dense,intent_links,0.1,17,0.9970833333333333,0.002916666666666667,0.9825,0.0,0.0425,0.007083333333333333,0.10666666666666667,16.0,0.26666666666666666,2.125,2.3916666666666666,0.009510416071861982
main,dense,intent_links,0.1,18,0.9976388888888889,0.002361111111111111,0.9858333333333333,0.0,0.04833333333333333,0.008055555555555555,0.12166666666666667,18.25,0.30416666666666664,2.4166666666666665,2.720833333333333,0.009776541963219643
main,dense,intent_links,0.1,19,0.9979166666666667,0.0020833333333333333,0.9875,0.0,0.05,0.008333333333333333,0.11,16.5,0.275,2.5,2.775,0.009522334206849337
main,dense,intent_links,0.2,0,0.99625,0.00375,0.9775,0.0,0.08333333333333333,0.013888888888888888,0.18333333333333332,27.5,0.4583333333333333,4.166666666666667,4.625,0.01146920770406723
main,dense,intent_links,0.2,1,0.9958333333333333,0.004166666666666667,0.975,0.0,0.07166666666666667,0.011944444444444445,0.1825,27.375,0.45625,3.5833333333333335,4.039583333333334,0.011384833138436079
main,dense,intent_links,0.2,2,0.9947222222222222,0.005277777777777778,0.9683333333333334,0.0,0.09333333333333334,0.015555555555555555,0.19083333333333333,28.625,0.47708333333333336,4.666666666666667,5.14375,0.011767167132347822
main,dense,intent_links,0.2,3,0.995,0.005,0.97,0.0,0.0825,0.01375,0.20083333333333334,30.125,0.5020833333333333,4.125,4.627083333333333,0.011581041850149632
main,dense,intent_links,0.2,4,0.9951388888888889,0.004861111111111111,0.9708333333333333,0.0,0.0775,0.012916666666666667,0.19583333333333333,29.375,0.4895833333333333,3.875,4.364583333333333,0.011661875061690807
main,dense,intent_links,0.2,5,0.99625,0.00375,0.9775,0.0,0.0875,0.014583333333333334,0.20166666666666666,30.25,0.5041666666666667,4.375,4.879166666666666,0.011634791269898415
main,dense,intent_links,0.2,6,0.9965277777777778,0.003472222222222222,0.9791666666666666,0.0,0.065,0.010833333333333334,0.18416666666666667,27.625,0.46041666666666664,3.25,3.7104166666666667,0.011764333117753267
main,dense,intent_links,0.2,7,0.9952777777777778,0.004722222222222222,0.9716666666666667,0.0,0.07916666666666666,0.013194444444444444,0.20083333333333334,30.125,0.5020833333333333,3.9583333333333335,4.460416666666666,0.012154415715485811
main,dense,intent_links,0.2,8,0.9951388888888889,0.004861111111111111,0.9708333333333333,0.0,0.09833333333333333,0.01638888888888889,0.21416666666666667,32.125,0.5354166666666667,4.916666666666667,5.452083333333333,0.011981458868831396
main,dense,intent_links,0.2,9,0.9955555555555555,0.0044444444444444444,0.9733333333333334,0.0,0.08,0.013333333333333334,0.18,27.0,0.45,4.0,4.45,0.010986916720867157
main,dense,intent_links,0.2,10,0.9966666666666667,0.0033333333333333335,0.98,0.0,0.07833333333333334,0.013055555555555556,0.18333333333333332,27.5,0.4583333333333333,3.9166666666666665,4.375,0.011596791911870241
main,dense,intent_links,0.2,11,0.9956944444444444,0.0043055555555555555,0.9741666666666666,0.0,0.08833333333333333,0.014722222222222222,0.19416666666666665,29.125,0.48541666666666666,4.416666666666667,4.902083333333334,0.011777958832681179
main,dense,intent_links,0.2,12,0.9947222222222222,0.005277777777777778,0.9683333333333334,0.0,0.09166666666666666,0.015277777777777777,0.2025,30.375,0.50625,4.583333333333333,5.089583333333334,0.012123249936848879
main,dense,intent_links,0.2,13,0.9968055555555555,0.0031944444444444446,0.9808333333333333,0.0,0.07583333333333334,0.012638888888888889,0.19083333333333333,28.625,0.47708333333333336,3.7916666666666665,4.26875,0.011828083079308271
main,dense,intent_links,0.2,14,0.9958333333333333,0.004166666666666667,0.975,0.0,0.07916666666666666,0.013194444444444444,0.18333333333333332,27.5,0.4583333333333333,3.9583333333333335,4.416666666666667,0.01227916730567813
main,dense,intent_links,0.2,15,0.9970833333333333,0.002916666666666667,0.9825,0.0,0.07,0.011666666666666667,0.1775,26.625,0.44375,3.5,3.94375,0.012113874778151512
main,dense,intent_links,0.2,16,0.9952777777777778,0.004722222222222222,0.9716666666666667,0.0,0.09333333333333334,0.015555555555555555,0.20916666666666667,31.375,0.5229166666666667,4.666666666666667,5.189583333333333,0.012056874576956034
main,dense,intent_links,0.2,17,0.9958333333333333,0.004166666666666667,0.975,0.0,0.075,0.0125,0.19416666666666665,29.125,0.48541666666666666,3.75,4.235416666666667,0.011639624834060669
main,dense,intent_links,0.2,18,0.9951388888888889,0.004861111111111111,0.9708333333333333,0.0,0.08666666666666667,0.014444444444444444,0.1925,28.875,0.48125,4.333333333333333,4.814583333333333,0.011658874806016684
main,dense,intent_links,0.2,19,0.9966666666666667,0.0033333333333333335,0.98,0.0,0.07,0.011666666666666667,0.185,27.75,0.4625,3.5,3.9625,0.010869957972317934
main,dense,intent_links,0.4,0,0.9918055555555556,0.008194444444444445,0.9508333333333333,0.0,0.1675,0.027916666666666666,0.3983333333333333,59.75,0.9958333333333333,8.375,9.370833333333334,0.016903333365917206
main,dense,intent_links,0.4,1,0.9911111111111112,0.008888888888888889,0.9466666666666667,0.0,0.17833333333333334,0.029722222222222223,0.3983333333333333,59.75,0.9958333333333333,8.916666666666666,9.9125,0.016501540783792734
main,dense,intent_links,0.4,2,0.9897222222222222,0.010277777777777778,0.9383333333333334,0.0,0.17583333333333334,0.029305555555555557,0.3958333333333333,59.375,0.9895833333333334,8.791666666666666,9.78125,0.01662041572853923
main,dense,intent_links,0.4,3,0.9904166666666666,0.009583333333333333,0.9425,0.0,0.16916666666666666,0.028194444444444446,0.42,63.0,1.05,8.458333333333334,9.508333333333333,0.016925042029470205
main,dense,intent_links,0.4,4,0.9908333333333333,0.009166666666666667,0.945,0.0,0.17166666666666666,0.02861111111111111,0.405,60.75,1.0125,8.583333333333334,9.595833333333333,0.017125125043094158
main,dense,intent_links,0.4,5,0.9919444444444444,0.008055555555555555,0.9516666666666667,0.0,0.16416666666666666,0.02736111111111111,0.3908333333333333,58.625,0.9770833333333333,8.208333333333334,9.185416666666667,0.016810874920338392
main,dense,intent_links,0.4,6,0.9926388888888888,0.007361111111111111,0.9558333333333333,0.0,0.15166666666666667,0.025277777777777777,0.3925,58.875,0.98125,7.583333333333333,8.564583333333333,0.01682437490671873
main,dense,intent_links,0.4,7,0.9923611111111111,0.007638888888888889,0.9541666666666667,0.0,0.15833333333333333,0.02638888888888889,0.38083333333333336,57.125,0.9520833333333333,7.916666666666667,8.86875,0.016656541731208563
main,dense,intent_links,0.4,8,0.99,0.01,0.94,0.0,0.17833333333333334,0.029722222222222223,0.415,62.25,1.0375,8.916666666666666,9.954166666666667,0.01737966714426875
main,dense,intent_links,0.4,9,0.9888888888888889,0.011111111111111112,0.9333333333333333,0.0,0.1875,0.03125,0.44666666666666666,67.0,1.1166666666666667,9.375,10.491666666666667,0.01785199996083975
main,dense,intent_links,0.4,10,0.9915277777777778,0.008472222222222223,0.9491666666666667,0.0,0.15833333333333333,0.02638888888888889,0.3958333333333333,59.375,0.9895833333333334,7.916666666666667,8.90625,0.016973749734461308
main,dense,intent_links,0.4,11,0.9916666666666667,0.008333333333333333,0.95,0.0,0.1625,0.027083333333333334,0.3825,57.375,0.95625,8.125,9.08125,0.01705741696059704
main,dense,intent_links,0.4,12,0.9908333333333333,0.009166666666666667,0.945,0.0,0.15916666666666668,0.02652777777777778,0.39666666666666667,59.5,0.9916666666666667,7.958333333333333,8.95,0.017474832944571972
main,dense,intent_links,0.4,13,0.9927777777777778,0.007222222222222222,0.9566666666666667,0.0,0.14916666666666667,0.02486111111111111,0.3975,59.625,0.99375,7.458333333333333,8.452083333333333,0.017465041019022465
main,dense,intent_links,0.4,14,0.9901388888888889,0.00986111111111111,0.9408333333333333,0.0,0.1925,0.03208333333333333,0.4066666666666667,61.0,1.0166666666666666,9.625,10.641666666666667,0.016806582920253277
main,dense,intent_links,0.4,15,0.9920833333333333,0.007916666666666667,0.9525,0.0,0.165,0.0275,0.40166666666666667,60.25,1.0041666666666667,8.25,9.254166666666666,0.016840666998177767
main,dense,intent_links,0.4,16,0.9909722222222223,0.009027777777777777,0.9458333333333333,0.0,0.18,0.03,0.4083333333333333,61.25,1.0208333333333333,9.0,10.020833333333334,0.018414041958749294
main,dense,intent_links,0.4,17,0.9916666666666667,0.008333333333333333,0.95,0.0,0.16833333333333333,0.028055555555555556,0.3983333333333333,59.75,0.9958333333333333,8.416666666666666,9.4125,0.01710708299651742
main,dense,intent_links,0.4,18,0.9923611111111111,0.007638888888888889,0.9541666666666667,0.0,0.1575,0.02625,0.38166666666666665,57.25,0.9541666666666667,7.875,8.829166666666667,0.015907499939203262
main,dense,intent_links,0.4,19,0.9915277777777778,0.008472222222222223,0.9491666666666667,0.0,0.1675,0.027916666666666666,0.4091666666666667,61.375,1.0229166666666667,8.375,9.397916666666667,0.016540625132620335
main,dense,approval_links,0.0,0,1.0,0.0,1.0,0.0,0.0,0.0,0.0,0.0,0.0,0.0,0.0,0.0063718329183757305
main,dense,approval_links,0.0,1,1.0,0.0,1.0,0.0,0.0,0.0,0.0,0.0,0.0,0.0,0.0,0.006534040905535221
main,dense,approval_links,0.0,2,1.0,0.0,1.0,0.0,0.0,0.0,0.0,0.0,0.0,0.0,0.0,0.006068750284612179
main,dense,approval_links,0.0,3,1.0,0.0,1.0,0.0,0.0,0.0,0.0,0.0,0.0,0.0,0.0,0.006623290944844484
main,dense,approval_links,0.0,4,1.0,0.0,1.0,0.0,0.0,0.0,0.0,0.0,0.0,0.0,0.0,0.006295583210885525
main,dense,approval_links,0.0,5,1.0,0.0,1.0,0.0,0.0,0.0,0.0,0.0,0.0,0.0,0.0,0.006731792353093624
main,dense,approval_links,0.0,6,1.0,0.0,1.0,0.0,0.0,0.0,0.0,0.0,0.0,0.0,0.0,0.0061970422975718975
main,dense,approval_links,0.0,7,1.0,0.0,1.0,0.0,0.0,0.0,0.0,0.0,0.0,0.0,0.0,0.0059874169528484344
main,dense,approval_links,0.0,8,1.0,0.0,1.0,0.0,0.0,0.0,0.0,0.0,0.0,0.0,0.0,0.006152417045086622
main,dense,approval_links,0.0,9,1.0,0.0,1.0,0.0,0.0,0.0,0.0,0.0,0.0,0.0,0.0,0.00652870861813426
main,dense,approval_links,0.0,10,1.0,0.0,1.0,0.0,0.0,0.0,0.0,0.0,0.0,0.0,0.0,0.006459040567278862
main,dense,approval_links,0.0,11,1.0,0.0,1.0,0.0,0.0,0.0,0.0,0.0,0.0,0.0,0.0,0.006997499614953995
main,dense,approval_links,0.0,12,1.0,0.0,1.0,0.0,0.0,0.0,0.0,0.0,0.0,0.0,0.0,0.006144666112959385
main,dense,approval_links,0.0,13,1.0,0.0,1.0,0.0,0.0,0.0,0.0,0.0,0.0,0.0,0.0,0.0060929590836167336
main,dense,approval_links,0.0,14,1.0,0.0,1.0,0.0,0.0,0.0,0.0,0.0,0.0,0.0,0.0,0.006194042041897774
main,dense,approval_links,0.0,15,1.0,0.0,1.0,0.0,0.0,0.0,0.0,0.0,0.0,0.0,0.0,0.006301166955381632
main,dense,approval_links,0.0,16,1.0,0.0,1.0,0.0,0.0,0.0,0.0,0.0,0.0,0.0,0.0,0.006657334044575691
main,dense,approval_links,0.0,17,1.0,0.0,1.0,0.0,0.0,0.0,0.0,0.0,0.0,0.0,0.0,0.006326583214104176
main,dense,approval_links,0.0,18,1.0,0.0,1.0,0.0,0.0,0.0,0.0,0.0,0.0,0.0,0.0,0.0066167921759188175
main,dense,approval_links,0.0,19,1.0,0.0,1.0,0.0,0.0,0.0,0.0,0.0,0.0,0.0,0.0,0.0064904168248176575
main,dense,approval_links,0.01,0,0.9991666666666666,0.0008333333333333334,0.995,0.0,0.01,0.0016666666666666668,0.01,1.5,0.025,0.5,0.525,0.006641417276114225
main,dense,approval_links,0.01,1,0.9986111111111111,0.001388888888888889,0.9916666666666667,0.0,0.010833333333333334,0.0018055555555555555,0.010833333333333334,1.625,0.027083333333333334,0.5416666666666666,0.56875,0.0071464162319898605
main,dense,approval_links,0.01,2,0.99875,0.00125,0.9925,0.0,0.009166666666666667,0.0015277777777777779,0.009166666666666667,1.375,0.022916666666666665,0.4583333333333333,0.48125,0.006753541063517332
main,dense,approval_links,0.01,3,0.9983333333333333,0.0016666666666666668,0.99,0.0,0.010833333333333334,0.0018055555555555555,0.010833333333333334,1.625,0.027083333333333334,0.5416666666666666,0.56875,0.006936375051736832
main,dense,approval_links,0.01,4,0.9981944444444445,0.0018055555555555555,0.9891666666666666,0.0,0.0125,0.0020833333333333333,0.0125,1.875,0.03125,0.625,0.65625,0.0068510002456605434
main,dense,approval_links,0.01,5,0.9997222222222222,0.0002777777777777778,0.9983333333333333,0.0,0.004166666666666667,0.0006944444444444445,0.004166666666666667,0.625,0.010416666666666666,0.20833333333333334,0.21875,0.006568124983459711
main,dense,approval_links,0.01,6,0.9990277777777777,0.0009722222222222222,0.9941666666666666,0.0,0.011666666666666667,0.0019444444444444444,0.011666666666666667,1.75,0.029166666666666667,0.5833333333333334,0.6125,0.007058042101562023
main,dense,approval_links,0.01,7,0.9991666666666666,0.0008333333333333334,0.995,0.0,0.009166666666666667,0.0015277777777777779,0.009166666666666667,1.375,0.022916666666666665,0.4583333333333333,0.48125,0.006892124656587839
main,dense,approval_links,0.01,8,0.9986111111111111,0.001388888888888889,0.9916666666666667,0.0,0.013333333333333334,0.0022222222222222222,0.013333333333333334,2.0,0.03333333333333333,0.6666666666666666,0.7,0.006774249952286482
main,dense,approval_links,0.01,9,0.9983333333333333,0.0016666666666666668,0.99,0.0,0.013333333333333334,0.0022222222222222222,0.013333333333333334,2.0,0.03333333333333333,0.6666666666666666,0.7,0.006895083002746105
main,dense,approval_links,0.01,10,0.99875,0.00125,0.9925,0.0,0.014166666666666666,0.002361111111111111,0.014166666666666666,2.125,0.035416666666666666,0.7083333333333334,0.74375,0.007098958361893892
main,dense,approval_links,0.01,11,0.9983333333333333,0.0016666666666666668,0.99,0.0,0.013333333333333334,0.0022222222222222222,0.013333333333333334,2.0,0.03333333333333333,0.6666666666666666,0.7,0.007017666008323431
main,dense,approval_links,0.01,12,0.9991666666666666,0.0008333333333333334,0.995,0.0,0.005833333333333334,0.0009722222222222222,0.005833333333333334,0.875,0.014583333333333334,0.2916666666666667,0.30625,0.006540707778185606
main,dense,approval_links,0.01,13,0.9993055555555556,0.0006944444444444445,0.9958333333333333,0.0,0.005,0.0008333333333333334,0.005,0.75,0.0125,0.25,0.2625,0.006699124816805124
main,dense,approval_links,0.01,14,0.9991666666666666,0.0008333333333333334,0.995,0.0,0.005833333333333334,0.0009722222222222222,0.005833333333333334,0.875,0.014583333333333334,0.2916666666666667,0.30625,0.006599708925932646
main,dense,approval_links,0.01,15,0.9988888888888889,0.0011111111111111111,0.9933333333333333,0.0,0.010833333333333334,0.0018055555555555555,0.010833333333333334,1.625,0.027083333333333334,0.5416666666666666,0.56875,0.007017416879534721
main,dense,approval_links,0.01,16,0.9988888888888889,0.0011111111111111111,0.9933333333333333,0.0,0.008333333333333333,0.001388888888888889,0.008333333333333333,1.25,0.020833333333333332,0.4166666666666667,0.4375,0.006748500280082226
main,dense,approval_links,0.01,17,0.9991666666666666,0.0008333333333333334,0.995,0.0,0.0075,0.00125,0.0075,1.125,0.01875,0.375,0.39375,0.006603042129427195
main,dense,approval_links,0.01,18,0.9990277777777777,0.0009722222222222222,0.9941666666666666,0.0,0.0075,0.00125,0.0075,1.125,0.01875,0.375,0.39375,0.006738415919244289
main,dense,approval_links,0.01,19,0.9986111111111111,0.001388888888888889,0.9916666666666667,0.0,0.0125,0.0020833333333333333,0.0125,1.875,0.03125,0.625,0.65625,0.00695608276873827
main,dense,approval_links,0.05,0,0.9938888888888889,0.006111111111111111,0.9633333333333334,0.0,0.049166666666666664,0.008194444444444445,0.049166666666666664,7.375,0.12291666666666666,2.4583333333333335,2.58125,0.008027875330299139
main,dense,approval_links,0.05,1,0.9947222222222222,0.005277777777777778,0.9683333333333334,0.0,0.04666666666666667,0.0077777777777777776,0.04666666666666667,7.0,0.11666666666666667,2.3333333333333335,2.45,0.007993458304554224
main,dense,approval_links,0.05,2,0.9938888888888889,0.006111111111111111,0.9633333333333334,0.0,0.051666666666666666,0.008611111111111111,0.051666666666666666,7.75,0.12916666666666668,2.5833333333333335,2.7125,0.007927333004772663
main,dense,approval_links,0.05,3,0.9933333333333333,0.006666666666666667,0.96,0.0,0.059166666666666666,0.00986111111111111,0.059166666666666666,8.875,0.14791666666666667,2.9583333333333335,3.10625,0.008350291289389133
main,dense,approval_links,0.05,4,0.99375,0.00625,0.9625,0.0,0.056666666666666664,0.009444444444444445,0.056666666666666664,8.5,0.14166666666666666,2.8333333333333335,2.975,0.008114291820675135
main,dense,approval_links,0.05,5,0.9941666666666666,0.005833333333333334,0.965,0.0,0.055,0.009166666666666667,0.055,8.25,0.1375,2.75,2.8875,0.007985624950379133
main,dense,approval_links,0.05,6,0.9951388888888889,0.004861111111111111,0.9708333333333333,0.0,0.04083333333333333,0.006805555555555555,0.04083333333333333,6.125,0.10208333333333333,2.0416666666666665,2.14375,0.007490792311728001
main,dense,approval_links,0.05,7,0.9938888888888889,0.006111111111111111,0.9633333333333334,0.0,0.056666666666666664,0.009444444444444445,0.056666666666666664,8.5,0.14166666666666666,2.8333333333333335,2.975,0.008186917286366224
main,dense,approval_links,0.05,8,0.9944444444444445,0.005555555555555556,0.9666666666666667,0.0,0.0525,0.00875,0.0525,7.875,0.13125,2.625,2.75625,0.008140875026583672
main,dense,approval_links,0.05,9,0.9943055555555556,0.005694444444444445,0.9658333333333333,0.0,0.0525,0.00875,0.0525,7.875,0.13125,2.625,2.75625,0.00814658310264349
main,dense,approval_links,0.05,10,0.9954166666666666,0.004583333333333333,0.9725,0.0,0.03916666666666667,0.006527777777777778,0.03916666666666667,5.875,0.09791666666666667,1.9583333333333333,2.05625,0.008679250255227089
main,dense,approval_links,0.05,11,0.9941666666666666,0.005833333333333334,0.965,0.0,0.05,0.008333333333333333,0.05,7.5,0.125,2.5,2.625,0.008355957921594381
main,dense,approval_links,0.05,12,0.9938888888888889,0.006111111111111111,0.9633333333333334,0.0,0.051666666666666666,0.008611111111111111,0.051666666666666666,7.75,0.12916666666666668,2.5833333333333335,2.7125,0.008630708325654268
main,dense,approval_links,0.05,13,0.9922222222222222,0.0077777777777777776,0.9533333333333334,0.0,0.056666666666666664,0.009444444444444445,0.056666666666666664,8.5,0.14166666666666666,2.8333333333333335,2.975,0.008770749904215336
main,dense,approval_links,0.05,14,0.9947222222222222,0.005277777777777778,0.9683333333333334,0.0,0.045,0.0075,0.045,6.75,0.1125,2.25,2.3625,0.008562750183045864
main,dense,approval_links,0.05,15,0.9925,0.0075,0.955,0.0,0.060833333333333336,0.010138888888888888,0.060833333333333336,9.125,0.15208333333333332,3.0416666666666665,3.19375,0.008581792004406452
main,dense,approval_links,0.05,16,0.9948611111111111,0.005138888888888889,0.9691666666666666,0.0,0.0425,0.007083333333333333,0.0425,6.375,0.10625,2.125,2.23125,0.008224583230912685
main,dense,approval_links,0.05,17,0.9945833333333334,0.005416666666666667,0.9675,0.0,0.04666666666666667,0.0077777777777777776,0.04666666666666667,7.0,0.11666666666666667,2.3333333333333335,2.45,0.00853837514296174
main,dense,approval_links,0.05,18,0.9947222222222222,0.005277777777777778,0.9683333333333334,0.0,0.04833333333333333,0.008055555555555555,0.04833333333333333,7.25,0.12083333333333333,2.4166666666666665,2.5375,0.008181292098015547
main,dense,approval_links,0.05,19,0.9940277777777777,0.0059722222222222225,0.9641666666666666,0.0,0.0525,0.00875,0.0525,7.875,0.13125,2.625,2.75625,0.008045499678701162
main,dense,approval_links,0.1,0,0.9891666666666666,0.010833333333333334,0.935,0.0,0.09666666666666666,0.01611111111111111,0.09666666666666666,14.5,0.24166666666666667,4.833333333333333,5.075,0.0100594162940979
main,dense,approval_links,0.1,1,0.9904166666666666,0.009583333333333333,0.9425,0.0,0.09416666666666666,0.015694444444444445,0.09416666666666666,14.125,0.23541666666666666,4.708333333333333,4.94375,0.009950125124305487
main,dense,approval_links,0.1,2,0.9908333333333333,0.009166666666666667,0.945,0.0,0.08333333333333333,0.013888888888888888,0.08333333333333333,12.5,0.20833333333333334,4.166666666666667,4.375,0.009313333313912153
main,dense,approval_links,0.1,3,0.9883333333333333,0.011666666666666667,0.93,0.0,0.10666666666666667,0.017777777777777778,0.10666666666666667,16.0,0.26666666666666666,5.333333333333333,5.6,0.009366082958877087
main,dense,approval_links,0.1,4,0.9883333333333333,0.011666666666666667,0.93,0.0,0.10416666666666667,0.017361111111111112,0.10416666666666667,15.625,0.2604166666666667,5.208333333333333,5.46875,0.009786165785044432
main,dense,approval_links,0.1,5,0.9865277777777778,0.013472222222222222,0.9191666666666667,0.0,0.10416666666666667,0.017361111111111112,0.10416666666666667,15.625,0.2604166666666667,5.208333333333333,5.46875,0.009466415736824274
main,dense,approval_links,0.1,6,0.9897222222222222,0.010277777777777778,0.9383333333333334,0.0,0.085,0.014166666666666666,0.085,12.75,0.2125,4.25,4.4625,0.009147999808192253
main,dense,approval_links,0.1,7,0.9890277777777777,0.010972222222222222,0.9341666666666667,0.0,0.0925,0.015416666666666667,0.0925,13.875,0.23125,4.625,4.85625,0.008886834140866995
main,dense,approval_links,0.1,8,0.9875,0.0125,0.925,0.0,0.10166666666666667,0.016944444444444446,0.10166666666666667,15.25,0.25416666666666665,5.083333333333333,5.3375,0.00903920829296112
main,dense,approval_links,0.1,9,0.9876388888888888,0.012361111111111111,0.9258333333333333,0.0,0.1025,0.017083333333333332,0.1025,15.375,0.25625,5.125,5.38125,0.00977933406829834
main,dense,approval_links,0.1,10,0.9879166666666667,0.012083333333333333,0.9275,0.0,0.0975,0.01625,0.0975,14.625,0.24375,4.875,5.11875,0.00904416712000966
main,dense,approval_links,0.1,11,0.9872222222222222,0.012777777777777779,0.9233333333333333,0.0,0.10083333333333333,0.016805555555555556,0.10083333333333333,15.125,0.2520833333333333,5.041666666666667,5.29375,0.008731292095035315
main,dense,approval_links,0.1,12,0.9876388888888888,0.012361111111111111,0.9258333333333333,0.0,0.1025,0.017083333333333332,0.1025,15.375,0.25625,5.125,5.38125,0.009042500052601099
main,dense,approval_links,0.1,13,0.9865277777777778,0.013472222222222222,0.9191666666666667,0.0,0.1125,0.01875,0.1125,16.875,0.28125,5.625,5.90625,0.008818999864161015
main,dense,approval_links,0.1,14,0.9895833333333334,0.010416666666666666,0.9375,0.0,0.08916666666666667,0.014861111111111111,0.08916666666666667,13.375,0.22291666666666668,4.458333333333333,4.68125,0.00892216619104147
main,dense,approval_links,0.1,15,0.9865277777777778,0.013472222222222222,0.9191666666666667,0.0,0.11083333333333334,0.018472222222222223,0.11083333333333334,16.625,0.27708333333333335,5.541666666666667,5.81875,0.009897958021610975
main,dense,approval_links,0.1,16,0.9870833333333333,0.012916666666666667,0.9225,0.0,0.11333333333333333,0.01888888888888889,0.11333333333333333,17.0,0.2833333333333333,5.666666666666667,5.95,0.009219750296324492
main,dense,approval_links,0.1,17,0.9876388888888888,0.012361111111111111,0.9258333333333333,0.0,0.10666666666666667,0.017777777777777778,0.10666666666666667,16.0,0.26666666666666666,5.333333333333333,5.6,0.009934583678841591
main,dense,approval_links,0.1,18,0.9858333333333333,0.014166666666666666,0.915,0.0,0.12166666666666667,0.020277777777777777,0.12166666666666667,18.25,0.30416666666666664,6.083333333333333,6.3875,0.010144791100174189
main,dense,approval_links,0.1,19,0.9866666666666667,0.013333333333333334,0.92,0.0,0.11,0.018333333333333333,0.11,16.5,0.275,5.5,5.775,0.009782082866877317
main,dense,approval_links,0.2,0,0.9809722222222222,0.01902777777777778,0.8858333333333334,0.0,0.18333333333333332,0.030555555555555555,0.18333333333333332,27.5,0.4583333333333333,9.166666666666666,9.625,0.01066266605630517
main,dense,approval_links,0.2,1,0.9791666666666666,0.020833333333333332,0.875,0.0,0.1825,0.030416666666666668,0.1825,27.375,0.45625,9.125,9.58125,0.011362208053469658
main,dense,approval_links,0.2,2,0.9780555555555556,0.021944444444444444,0.8683333333333333,0.0,0.19083333333333333,0.03180555555555555,0.19083333333333333,28.625,0.47708333333333336,9.541666666666666,10.01875,0.011768790893256664
main,dense,approval_links,0.2,3,0.9761111111111112,0.02388888888888889,0.8566666666666667,0.0,0.20083333333333334,0.03347222222222222,0.20083333333333334,30.125,0.5020833333333333,10.041666666666666,10.54375,0.011894042138010263
main,dense,approval_links,0.2,4,0.9755555555555555,0.024444444444444446,0.8533333333333334,0.0,0.19583333333333333,0.03263888888888889,0.19583333333333333,29.375,0.4895833333333333,9.791666666666666,10.28125,0.012311582919210196
main,dense,approval_links,0.2,5,0.9759722222222222,0.024027777777777776,0.8558333333333333,0.0,0.20166666666666666,0.03361111111111111,0.20166666666666666,30.25,0.5041666666666667,10.083333333333334,10.5875,0.01230654213577509
main,dense,approval_links,0.2,6,0.9791666666666666,0.020833333333333332,0.875,0.0,0.18416666666666667,0.030694444444444444,0.18416666666666667,27.625,0.46041666666666664,9.208333333333334,9.66875,0.011512666940689087
main,dense,approval_links,0.2,7,0.9763888888888889,0.02361111111111111,0.8583333333333333,0.0,0.20083333333333334,0.03347222222222222,0.20083333333333334,30.125,0.5020833333333333,10.041666666666666,10.54375,0.012531917076557875
main,dense,approval_links,0.2,8,0.9747222222222223,0.025277777777777777,0.8483333333333334,0.0,0.21416666666666667,0.035694444444444445,0.21416666666666667,32.125,0.5354166666666667,10.708333333333334,11.24375,0.012387709226459265
main,dense,approval_links,0.2,9,0.9783333333333334,0.021666666666666667,0.87,0.0,0.18,0.03,0.18,27.0,0.45,9.0,9.45,0.011328291147947311
main,dense,approval_links,0.2,10,0.9776388888888888,0.02236111111111111,0.8658333333333333,0.0,0.18333333333333332,0.030555555555555555,0.18333333333333332,27.5,0.4583333333333333,9.166666666666666,9.625,0.011534792371094227
main,dense,approval_links,0.2,11,0.9758333333333333,0.024166666666666666,0.855,0.0,0.19416666666666665,0.03236111111111111,0.19416666666666665,29.125,0.48541666666666666,9.708333333333334,10.19375,0.012773416936397552
main,dense,approval_links,0.2,12,0.9768055555555556,0.023194444444444445,0.8608333333333333,0.0,0.2025,0.03375,0.2025,30.375,0.50625,10.125,10.63125,0.012752959039062262
main,dense,approval_links,0.2,13,0.9783333333333334,0.021666666666666667,0.87,0.0,0.19083333333333333,0.03180555555555555,0.19083333333333333,28.625,0.47708333333333336,9.541666666666666,10.01875,0.012836416717618704
main,dense,approval_links,0.2,14,0.9788888888888889,0.021111111111111112,0.8733333333333333,0.0,0.18333333333333332,0.030555555555555555,0.18333333333333332,27.5,0.4583333333333333,9.166666666666666,9.625,0.012566958088427782
main,dense,approval_links,0.2,15,0.98,0.02,0.88,0.0,0.1775,0.029583333333333333,0.1775,26.625,0.44375,8.875,9.31875,0.011985249817371368
main,dense,approval_links,0.2,16,0.9747222222222223,0.025277777777777777,0.8483333333333334,0.0,0.20916666666666667,0.034861111111111114,0.20916666666666667,31.375,0.5229166666666667,10.458333333333334,10.98125,0.01230662502348423
main,dense,approval_links,0.2,17,0.9779166666666667,0.022083333333333333,0.8675,0.0,0.19416666666666665,0.03236111111111111,0.19416666666666665,29.125,0.48541666666666666,9.708333333333334,10.19375,0.011957291048020124
main,dense,approval_links,0.2,18,0.9781944444444445,0.021805555555555557,0.8691666666666666,0.0,0.1925,0.03208333333333333,0.1925,28.875,0.48125,9.625,10.10625,0.0117355827242136
main,dense,approval_links,0.2,19,0.9790277777777778,0.020972222222222222,0.8741666666666666,0.0,0.185,0.030833333333333334,0.185,27.75,0.4625,9.25,9.7125,0.012266416102647781
main,dense,approval_links,0.4,0,0.9534722222222223,0.04652777777777778,0.7208333333333333,0.0,0.3983333333333333,0.06638888888888889,0.3983333333333333,59.75,0.9958333333333333,19.916666666666668,20.9125,0.01738270791247487
main,dense,approval_links,0.4,1,0.9554166666666667,0.044583333333333336,0.7325,0.0,0.3983333333333333,0.06638888888888889,0.3983333333333333,59.75,0.9958333333333333,19.916666666666668,20.9125,0.01731516607105732
main,dense,approval_links,0.4,2,0.9541666666666667,0.04583333333333333,0.725,0.0,0.3958333333333333,0.06597222222222222,0.3958333333333333,59.375,0.9895833333333334,19.791666666666668,20.78125,0.01697587501257658
main,dense,approval_links,0.4,3,0.9527777777777777,0.04722222222222222,0.7166666666666667,0.0,0.42,0.07,0.42,63.0,1.05,21.0,22.05,0.018920667003840208
main,dense,approval_links,0.4,4,0.9540277777777778,0.04597222222222222,0.7241666666666666,0.0,0.405,0.0675,0.405,60.75,1.0125,20.25,21.2625,0.017177583184093237
main,dense,approval_links,0.4,5,0.9547222222222222,0.04527777777777778,0.7283333333333334,0.0,0.3908333333333333,0.06513888888888889,0.3908333333333333,58.625,0.9770833333333333,19.541666666666668,20.51875,0.016633540857583284
main,dense,approval_links,0.4,6,0.9555555555555556,0.044444444444444446,0.7333333333333333,0.0,0.3925,0.06541666666666666,0.3925,58.875,0.98125,19.625,20.60625,0.016737916972488165
main,dense,approval_links,0.4,7,0.9561111111111111,0.04388888888888889,0.7366666666666667,0.0,0.38083333333333336,0.06347222222222222,0.38083333333333336,57.125,0.9520833333333333,19.041666666666668,19.99375,0.01638979185372591
main,dense,approval_links,0.4,8,0.9494444444444444,0.050555555555555555,0.6966666666666667,0.0,0.415,0.06916666666666667,0.415,62.25,1.0375,20.75,21.7875,0.017183208372443914
main,dense,approval_links,0.4,9,0.9477777777777778,0.052222222222222225,0.6866666666666666,0.0,0.44666666666666666,0.07444444444444444,0.44666666666666666,67.0,1.1166666666666667,22.333333333333332,23.45,0.018932333681732416
main,dense,approval_links,0.4,10,0.9531944444444445,0.04680555555555556,0.7191666666666666,0.0,0.3958333333333333,0.06597222222222222,0.3958333333333333,59.375,0.9895833333333334,19.791666666666668,20.78125,0.017249207943677902
main,dense,approval_links,0.4,11,0.9538888888888889,0.04611111111111111,0.7233333333333334,0.0,0.3825,0.06375,0.3825,57.375,0.95625,19.125,20.08125,0.01717262528836727
main,dense,approval_links,0.4,12,0.9544444444444444,0.04555555555555556,0.7266666666666667,0.0,0.39666666666666667,0.0661111111111111,0.39666666666666667,59.5,0.9916666666666667,19.833333333333332,20.825,0.017439375165849924
main,dense,approval_links,0.4,13,0.9525,0.0475,0.715,0.0,0.3975,0.06625,0.3975,59.625,0.99375,19.875,20.86875,0.017851707991212606
main,dense,approval_links,0.4,14,0.9522222222222222,0.04777777777777778,0.7133333333333334,0.0,0.4066666666666667,0.06777777777777778,0.4066666666666667,61.0,1.0166666666666666,20.333333333333332,21.35,0.017497416120022535
main,dense,approval_links,0.4,15,0.9530555555555555,0.04694444444444444,0.7183333333333334,0.0,0.40166666666666667,0.06694444444444445,0.40166666666666667,60.25,1.0041666666666667,20.083333333333332,21.0875,0.017480125185102224
main,dense,approval_links,0.4,16,0.9544444444444444,0.04555555555555556,0.7266666666666667,0.0,0.4083333333333333,0.06805555555555555,0.4083333333333333,61.25,1.0208333333333333,20.416666666666668,21.4375,0.017927249893546104
main,dense,approval_links,0.4,17,0.9533333333333334,0.04666666666666667,0.72,0.0,0.3983333333333333,0.06638888888888889,0.3983333333333333,59.75,0.9958333333333333,19.916666666666668,20.9125,0.01748912502080202
main,dense,approval_links,0.4,18,0.9554166666666667,0.044583333333333336,0.7325,0.0,0.38166666666666665,0.0636111111111111,0.38166666666666665,57.25,0.9541666666666667,19.083333333333332,20.0375,0.017389209009706974
main,dense,approval_links,0.4,19,0.9523611111111111,0.04763888888888889,0.7141666666666666,0.0,0.4091666666666667,0.06819444444444445,0.4091666666666667,61.375,1.0229166666666667,20.458333333333332,21.48125,0.017631666269153357
main,dense,correlation_ids,0.0,0,1.0,0.0,1.0,0.0,0.0,0.0,0.0,0.0,0.0,0.0,0.0,0.006226708181202412
main,dense,correlation_ids,0.0,1,1.0,0.0,1.0,0.0,0.0,0.0,0.0,0.0,0.0,0.0,0.0,0.0067999172024428844
main,dense,correlation_ids,0.0,2,1.0,0.0,1.0,0.0,0.0,0.0,0.0,0.0,0.0,0.0,0.0,0.006245125085115433
main,dense,correlation_ids,0.0,3,1.0,0.0,1.0,0.0,0.0,0.0,0.0,0.0,0.0,0.0,0.0,0.006415290758013725
main,dense,correlation_ids,0.0,4,1.0,0.0,1.0,0.0,0.0,0.0,0.0,0.0,0.0,0.0,0.0,0.006673541851341724
main,dense,correlation_ids,0.0,5,1.0,0.0,1.0,0.0,0.0,0.0,0.0,0.0,0.0,0.0,0.0,0.0063313753344118595
main,dense,correlation_ids,0.0,6,1.0,0.0,1.0,0.0,0.0,0.0,0.0,0.0,0.0,0.0,0.0,0.006589124910533428
main,dense,correlation_ids,0.0,7,1.0,0.0,1.0,0.0,0.0,0.0,0.0,0.0,0.0,0.0,0.0,0.006292290985584259
main,dense,correlation_ids,0.0,8,1.0,0.0,1.0,0.0,0.0,0.0,0.0,0.0,0.0,0.0,0.0,0.006995917297899723
main,dense,correlation_ids,0.0,9,1.0,0.0,1.0,0.0,0.0,0.0,0.0,0.0,0.0,0.0,0.0,0.006229165941476822
main,dense,correlation_ids,0.0,10,1.0,0.0,1.0,0.0,0.0,0.0,0.0,0.0,0.0,0.0,0.0,0.0061838747933506966
main,dense,correlation_ids,0.0,11,1.0,0.0,1.0,0.0,0.0,0.0,0.0,0.0,0.0,0.0,0.0,0.006455165799707174
main,dense,correlation_ids,0.0,12,1.0,0.0,1.0,0.0,0.0,0.0,0.0,0.0,0.0,0.0,0.0,0.006517833098769188
main,dense,correlation_ids,0.0,13,1.0,0.0,1.0,0.0,0.0,0.0,0.0,0.0,0.0,0.0,0.0,0.006694833282381296
main,dense,correlation_ids,0.0,14,1.0,0.0,1.0,0.0,0.0,0.0,0.0,0.0,0.0,0.0,0.0,0.00608362490311265
main,dense,correlation_ids,0.0,15,1.0,0.0,1.0,0.0,0.0,0.0,0.0,0.0,0.0,0.0,0.0,0.006041124928742647
main,dense,correlation_ids,0.0,16,1.0,0.0,1.0,0.0,0.0,0.0,0.0,0.0,0.0,0.0,0.0,0.006579207722097635
main,dense,correlation_ids,0.0,17,1.0,0.0,1.0,0.0,0.0,0.0,0.0,0.0,0.0,0.0,0.0,0.006674458272755146
main,dense,correlation_ids,0.0,18,1.0,0.0,1.0,0.0,0.0,0.0,0.0,0.0,0.0,0.0,0.0,0.006480582989752293
main,dense,correlation_ids,0.0,19,1.0,0.0,1.0,0.0,0.0,0.0,0.0,0.0,0.0,0.0,0.0,0.006884124595671892
main,dense,correlation_ids,0.01,0,0.99875,0.00125,0.9975,0.0,0.006666666666666667,0.0011111111111111111,0.006666666666666667,1.0,0.016666666666666666,0.3333333333333333,0.35,0.0068075405433773994
main,dense,correlation_ids,0.01,1,0.9979166666666667,0.0020833333333333333,0.9958333333333333,0.0,0.01,0.0016666666666666668,0.01,1.5,0.025,0.5,0.525,0.007015708368271589
main,dense,correlation_ids,0.01,2,0.9970833333333333,0.002916666666666667,0.9941666666666666,0.0,0.0125,0.0020833333333333333,0.013333333333333334,2.0,0.03333333333333333,0.625,0.6583333333333333,0.00690529216080904
main,dense,correlation_ids,0.01,3,0.9975,0.0025,0.995,0.0,0.010833333333333334,0.0018055555555555555,0.011666666666666667,1.75,0.029166666666666667,0.5416666666666666,0.5708333333333333,0.007321999873965979
main,dense,correlation_ids,0.01,4,0.9979166666666667,0.0020833333333333333,0.9958333333333333,0.0,0.0075,0.00125,0.0075,1.125,0.01875,0.375,0.39375,0.007274707779288292
main,dense,correlation_ids,0.01,5,0.9979166666666667,0.0020833333333333333,0.9958333333333333,0.0,0.0075,0.00125,0.008333333333333333,1.25,0.020833333333333332,0.375,0.3958333333333333,0.007481166161596775
main,dense,correlation_ids,0.01,6,0.9970833333333333,0.002916666666666667,0.9941666666666666,0.0,0.011666666666666667,0.0019444444444444444,0.013333333333333334,2.0,0.03333333333333333,0.5833333333333334,0.6166666666666667,0.006857790984213352
main,dense,correlation_ids,0.01,7,0.9970833333333333,0.002916666666666667,0.9941666666666666,0.0,0.014166666666666666,0.002361111111111111,0.015,2.25,0.0375,0.7083333333333334,0.7458333333333333,0.007125125266611576
main,dense,correlation_ids,0.01,8,0.9983333333333333,0.0016666666666666668,0.9966666666666667,0.0,0.0125,0.0020833333333333333,0.0125,1.875,0.03125,0.625,0.65625,0.00726154213771224
main,dense,correlation_ids,0.01,9,0.9970833333333333,0.002916666666666667,0.9941666666666666,0.0,0.015,0.0025,0.0175,2.625,0.04375,0.75,0.79375,0.00740112503990531
main,dense,correlation_ids,0.01,10,0.9979166666666667,0.0020833333333333333,0.9958333333333333,0.0,0.0125,0.0020833333333333333,0.013333333333333334,2.0,0.03333333333333333,0.625,0.6583333333333333,0.0071174162440001965
main,dense,correlation_ids,0.01,11,0.9991666666666666,0.0008333333333333334,0.9983333333333333,0.0,0.009166666666666667,0.0015277777777777779,0.009166666666666667,1.375,0.022916666666666665,0.4583333333333333,0.48125,0.00717587536200881
main,dense,correlation_ids,0.01,12,0.99875,0.00125,0.9975,0.0,0.006666666666666667,0.0011111111111111111,0.006666666666666667,1.0,0.016666666666666666,0.3333333333333333,0.35,0.0068525830283761024
main,dense,correlation_ids,0.01,13,0.9979166666666667,0.0020833333333333333,0.9958333333333333,0.0,0.008333333333333333,0.001388888888888889,0.009166666666666667,1.375,0.022916666666666665,0.4166666666666667,0.4395833333333333,0.006721124984323978
main,dense,correlation_ids,0.01,14,0.9983333333333333,0.0016666666666666668,0.9966666666666667,0.0,0.0075,0.00125,0.0075,1.125,0.01875,0.375,0.39375,0.007008874788880348
main,dense,correlation_ids,0.01,15,0.9970833333333333,0.002916666666666667,0.9941666666666666,0.0,0.010833333333333334,0.0018055555555555555,0.010833333333333334,1.625,0.027083333333333334,0.5416666666666666,0.56875,0.006761583033949137
main,dense,correlation_ids,0.01,16,0.9972222222222222,0.002777777777777778,0.995,0.0,0.014166666666666666,0.002361111111111111,0.014166666666666666,2.125,0.035416666666666666,0.7083333333333334,0.74375,0.006816167384386063
main,dense,correlation_ids,0.01,17,0.9979166666666667,0.0020833333333333333,0.9958333333333333,0.0,0.011666666666666667,0.0019444444444444444,0.011666666666666667,1.75,0.029166666666666667,0.5833333333333334,0.6125,0.007684166077524424
main,dense,correlation_ids,0.01,18,0.9995833333333334,0.0004166666666666667,0.9991666666666666,0.0,0.004166666666666667,0.0006944444444444445,0.004166666666666667,0.625,0.010416666666666666,0.20833333333333334,0.21875,0.00691470829769969
main,dense,correlation_ids,0.01,19,0.9966666666666667,0.0033333333333333335,0.9933333333333333,0.0,0.01,0.0016666666666666668,0.010833333333333334,1.625,0.027083333333333334,0.5,0.5270833333333333,0.007083334028720856
main,dense,correlation_ids,0.05,0,0.9858333333333333,0.014166666666666666,0.9733333333333334,0.0,0.05333333333333334,0.008888888888888889,0.058333333333333334,8.75,0.14583333333333334,2.6666666666666665,2.8125,0.008412042167037725
main,dense,correlation_ids,0.05,1,0.9893055555555555,0.010694444444444444,0.9791666666666666,0.0,0.058333333333333334,0.009722222222222222,0.06166666666666667,9.25,0.15416666666666667,2.9166666666666665,3.0708333333333333,0.009146332740783691
main,dense,correlation_ids,0.05,2,0.98875,0.01125,0.9791666666666666,0.0,0.058333333333333334,0.009722222222222222,0.06,9.0,0.15,2.9166666666666665,3.066666666666667,0.008428375236690044
main,dense,correlation_ids,0.05,3,0.9854166666666667,0.014583333333333334,0.9725,0.0,0.06666666666666667,0.01125,0.07,10.5,0.175,3.375,3.55,0.009474792052060366
main,dense,correlation_ids,0.05,4,0.9852777777777778,0.014722222222222222,0.9716666666666667,0.0,0.06166666666666667,0.010277777777777778,0.06333333333333334,9.5,0.15833333333333333,3.0833333333333335,3.2416666666666667,0.009103833697736263
main,dense,correlation_ids,0.05,5,0.99375,0.00625,0.9875,0.0,0.05333333333333334,0.008888888888888889,0.056666666666666664,8.5,0.14166666666666666,2.6666666666666665,2.808333333333333,0.008306249976158142
main,dense,correlation_ids,0.05,6,0.9901388888888889,0.00986111111111111,0.9808333333333333,0.0,0.049166666666666664,0.008194444444444445,0.051666666666666666,7.75,0.12916666666666668,2.4583333333333335,2.5875,0.008975792210549116
main,dense,correlation_ids,0.05,7,0.9841666666666666,0.015833333333333335,0.97,0.0,0.06,0.01,0.06333333333333334,9.5,0.15833333333333333,3.0,3.158333333333333,0.009168541058897972
main,dense,correlation_ids,0.05,8,0.9883333333333333,0.011666666666666667,0.9766666666666667,0.0,0.058333333333333334,0.01,0.065,9.75,0.1625,3.0,3.1625,0.008740332908928394
main,dense,correlation_ids,0.05,9,0.9838888888888889,0.01611111111111111,0.9683333333333334,0.0,0.06,0.01,0.06166666666666667,9.25,0.15416666666666667,3.0,3.154166666666667,0.007829166948795319
main,dense,correlation_ids,0.05,10,0.9890277777777777,0.010972222222222222,0.98,0.0,0.05,0.00875,0.05333333333333334,8.0,0.13333333333333333,2.625,2.7583333333333333,0.007850375026464462
main,dense,correlation_ids,0.05,11,0.9872222222222222,0.012777777777777779,0.975,0.0,0.059166666666666666,0.00986111111111111,0.06416666666666666,9.625,0.16041666666666668,2.9583333333333335,3.11875,0.008296499960124493
main,dense,correlation_ids,0.05,12,0.9904166666666666,0.009583333333333333,0.9825,0.0,0.055,0.009166666666666667,0.05583333333333333,8.375,0.13958333333333334,2.75,2.8895833333333334,0.007963458076119423
main,dense,correlation_ids,0.05,13,0.9913888888888889,0.008611111111111111,0.9833333333333333,0.0,0.056666666666666664,0.009583333333333333,0.060833333333333336,9.125,0.15208333333333332,2.875,3.027083333333333,0.007906165905296803
main,dense,correlation_ids,0.05,14,0.9869444444444444,0.013055555555555556,0.9758333333333333,0.0,0.058333333333333334,0.009722222222222222,0.058333333333333334,8.75,0.14583333333333334,2.9166666666666665,3.0625,0.007560832891613245
main,dense,correlation_ids,0.05,15,0.9840277777777777,0.01597222222222222,0.9691666666666666,0.0,0.0675,0.01125,0.07,10.5,0.175,3.375,3.55,0.008860417176038027
main,dense,correlation_ids,0.05,16,0.9830555555555556,0.016944444444444446,0.9683333333333334,0.0,0.06916666666666667,0.011805555555555555,0.0725,10.875,0.18125,3.5416666666666665,3.722916666666667,0.008363125380128622
main,dense,correlation_ids,0.05,17,0.9868055555555556,0.013194444444444444,0.9741666666666666,0.0,0.06,0.01,0.060833333333333336,9.125,0.15208333333333332,3.0,3.152083333333333,0.008045792113989592
main,dense,correlation_ids,0.05,18,0.9879166666666667,0.012083333333333333,0.9766666666666667,0.0,0.056666666666666664,0.009444444444444445,0.06,9.0,0.15,2.8333333333333335,2.9833333333333334,0.007938708644360304
main,dense,correlation_ids,0.05,19,0.9880555555555556,0.011944444444444445,0.9766666666666667,0.0,0.06,0.010277777777777778,0.065,9.75,0.1625,3.0833333333333335,3.245833333333333,0.00850645825266838
main,dense,correlation_ids,0.1,0,0.9773611111111111,0.02263888888888889,0.9591666666666666,0.0,0.13166666666666665,0.023194444444444445,0.13916666666666666,20.875,0.34791666666666665,6.958333333333333,7.30625,0.01028358330950141
main,dense,correlation_ids,0.1,1,0.9730555555555556,0.026944444444444444,0.9525,0.0,0.1325,0.023333333333333334,0.14583333333333334,21.875,0.3645833333333333,7.0,7.364583333333333,0.010216917376965284
main,dense,correlation_ids,0.1,2,0.9708333333333333,0.029166666666666667,0.9466666666666667,0.0,0.11916666666666667,0.020694444444444446,0.12916666666666668,19.375,0.3229166666666667,6.208333333333333,6.53125,0.010915500111877918
main,dense,correlation_ids,0.1,3,0.9731944444444445,0.026805555555555555,0.9508333333333333,0.0,0.13416666666666666,0.022916666666666665,0.14333333333333334,21.5,0.35833333333333334,6.875,7.233333333333333,0.011233916971832514
main,dense,correlation_ids,0.1,4,0.9754166666666667,0.024583333333333332,0.9558333333333333,0.0,0.12916666666666668,0.023194444444444445,0.14583333333333334,21.875,0.3645833333333333,6.958333333333333,7.322916666666667,0.010990042239427567
main,dense,correlation_ids,0.1,5,0.9734722222222222,0.02652777777777778,0.9508333333333333,0.0,0.12083333333333333,0.02125,0.13666666666666666,20.5,0.3416666666666667,6.375,6.716666666666667,0.011106375139206648
main,dense,correlation_ids,0.1,6,0.9743055555555555,0.025694444444444443,0.955,0.0,0.11583333333333333,0.02013888888888889,0.12416666666666666,18.625,0.3104166666666667,6.041666666666667,6.352083333333334,0.009920541197061539
main,dense,correlation_ids,0.1,7,0.975,0.025,0.9566666666666667,0.0,0.12333333333333334,0.02125,0.13333333333333333,20.0,0.3333333333333333,6.375,6.708333333333333,0.010285667143762112
main,dense,correlation_ids,0.1,8,0.9701388888888889,0.029861111111111113,0.945,0.0,0.12416666666666666,0.02125,0.13083333333333333,19.625,0.32708333333333334,6.375,6.702083333333333,0.010555374901741743
main,dense,correlation_ids,0.1,9,0.9693055555555555,0.030694444444444444,0.9441666666666667,0.0,0.14166666666666666,0.024027777777777776,0.15083333333333335,22.625,0.3770833333333333,7.208333333333333,7.585416666666666,0.011448207776993513
main,dense,correlation_ids,0.1,10,0.97125,0.02875,0.9466666666666667,0.0,0.13333333333333333,0.023055555555555555,0.14083333333333334,21.125,0.35208333333333336,6.916666666666667,7.26875,0.010567166842520237
main,dense,correlation_ids,0.1,11,0.9816666666666667,0.018333333333333333,0.9658333333333333,0.0,0.1375,0.023333333333333334,0.15083333333333335,22.625,0.3770833333333333,7.0,7.377083333333333,0.011379832867532969
main,dense,correlation_ids,0.1,12,0.9786111111111111,0.021388888888888888,0.9625,0.0,0.12583333333333332,0.021527777777777778,0.13583333333333333,20.375,0.33958333333333335,6.458333333333333,6.797916666666667,0.010804499965161085
main,dense,correlation_ids,0.1,13,0.9777777777777777,0.022222222222222223,0.96,0.0,0.12083333333333333,0.021666666666666667,0.13916666666666666,20.875,0.34791666666666665,6.5,6.847916666666666,0.010762083809822798
main,dense,correlation_ids,0.1,14,0.975,0.025,0.9541666666666667,0.0,0.11916666666666667,0.02013888888888889,0.12666666666666668,19.0,0.31666666666666665,6.041666666666667,6.358333333333333,0.010461458005011082
main,dense,correlation_ids,0.1,15,0.9763888888888889,0.02361111111111111,0.955,0.0,0.125,0.021805555555555557,0.13416666666666666,20.125,0.33541666666666664,6.541666666666667,6.877083333333333,0.01120491698384285
main,dense,correlation_ids,0.1,16,0.9716666666666667,0.028333333333333332,0.9475,0.0,0.14,0.024166666666666666,0.15083333333333335,22.625,0.3770833333333333,7.25,7.627083333333333,0.011599541641771793
main,dense,correlation_ids,0.1,17,0.9745833333333334,0.025416666666666667,0.9525,0.0,0.13333333333333333,0.023333333333333334,0.14416666666666667,21.625,0.36041666666666666,7.0,7.360416666666667,0.011114917229861021
main,dense,correlation_ids,0.1,18,0.9780555555555556,0.021944444444444444,0.96,0.0,0.13666666666666666,0.023333333333333334,0.14083333333333334,21.125,0.35208333333333336,7.0,7.352083333333334,0.010745791718363762
main,dense,correlation_ids,0.1,19,0.9784722222222222,0.021527777777777778,0.9575,0.0,0.11916666666666667,0.020277777777777777,0.13083333333333333,19.625,0.32708333333333334,6.083333333333333,6.410416666666666,0.010879499837756157
main,dense,correlation_ids,0.2,0,0.9384722222222223,0.06152777777777778,0.8933333333333333,0.0,0.2791666666666667,0.051944444444444446,0.3275,49.125,0.81875,15.583333333333334,16.402083333333334,0.016445457935333252
main,dense,correlation_ids,0.2,1,0.9411111111111111,0.058888888888888886,0.9008333333333334,0.0,0.29,0.05472222222222222,0.3408333333333333,51.125,0.8520833333333333,16.416666666666668,17.26875,0.016856875270605087
main,dense,correlation_ids,0.2,2,0.9397222222222222,0.06027777777777778,0.8925,0.0,0.30666666666666664,0.05763888888888889,0.3641666666666667,54.625,0.9104166666666667,17.291666666666668,18.202083333333334,0.017364374827593565
main,dense,correlation_ids,0.2,3,0.94,0.06,0.895,0.0,0.33,0.06027777777777778,0.37416666666666665,56.125,0.9354166666666667,18.083333333333332,19.01875,0.017485124990344048
main,dense,correlation_ids,0.2,4,0.9390277777777778,0.06097222222222222,0.8975,0.0,0.2916666666666667,0.05569444444444444,0.3475,52.125,0.86875,16.708333333333332,17.577083333333334,0.016753708012402058
main,dense,correlation_ids,0.2,5,0.9277777777777778,0.07222222222222222,0.8766666666666667,0.0,0.305,0.058055555555555555,0.36916666666666664,55.375,0.9229166666666667,17.416666666666668,18.339583333333334,0.016998666804283857
main,dense,correlation_ids,0.2,6,0.9398611111111111,0.06013888888888889,0.8991666666666667,0.0,0.2725,0.051111111111111114,0.32416666666666666,48.625,0.8104166666666667,15.333333333333334,16.14375,0.015096083283424377
main,dense,correlation_ids,0.2,7,0.9377777777777778,0.06222222222222222,0.8933333333333333,0.0,0.2891666666666667,0.0525,0.3308333333333333,49.625,0.8270833333333333,15.75,16.577083333333334,0.015679999720305204
main,dense,correlation_ids,0.2,8,0.9372222222222222,0.06277777777777778,0.8908333333333334,0.0,0.3125,0.058611111111111114,0.35583333333333333,53.375,0.8895833333333333,17.583333333333332,18.472916666666666,0.015984790865331888
main,dense,correlation_ids,0.2,9,0.9323611111111111,0.06763888888888889,0.8891666666666667,0.0,0.3175,0.058888888888888886,0.375,56.25,0.9375,17.666666666666668,18.604166666666668,0.016862290911376476
main,dense,correlation_ids,0.2,10,0.9361111111111111,0.06388888888888888,0.8883333333333333,0.0,0.2916666666666667,0.05416666666666667,0.335,50.25,0.8375,16.25,17.0875,0.015455333050340414
main,dense,correlation_ids,0.2,11,0.93,0.07,0.8841666666666667,0.0,0.3125,0.058611111111111114,0.36,54.0,0.9,17.583333333333332,18.483333333333334,0.016767832916229963
main,dense,correlation_ids,0.2,12,0.94125,0.05875,0.8975,0.0,0.29333333333333333,0.05402777777777778,0.3333333333333333,50.0,0.8333333333333334,16.208333333333332,17.041666666666668,0.015875124838203192
main,dense,correlation_ids,0.2,13,0.9463888888888888,0.05361111111111111,0.9066666666666666,0.0,0.2625,0.050138888888888886,0.30916666666666665,46.375,0.7729166666666667,15.041666666666666,15.814583333333333,0.01592487469315529
main,dense,correlation_ids,0.2,14,0.9419444444444445,0.058055555555555555,0.8975,0.0,0.3025,0.05611111111111111,0.3441666666666667,51.625,0.8604166666666667,16.833333333333332,17.69375,0.016586166340857744
main,dense,correlation_ids,0.2,15,0.9402777777777778,0.059722222222222225,0.9008333333333334,0.0,0.27416666666666667,0.05125,0.3258333333333333,48.875,0.8145833333333333,15.375,16.189583333333335,0.01627900032326579
main,dense,correlation_ids,0.2,16,0.9469444444444445,0.05305555555555556,0.9075,0.0,0.2875,0.05305555555555556,0.3358333333333333,50.375,0.8395833333333333,15.916666666666666,16.75625,0.01625029183924198
main,dense,correlation_ids,0.2,17,0.9480555555555555,0.051944444444444446,0.9125,0.0,0.2916666666666667,0.055,0.3375,50.625,0.84375,16.5,17.34375,0.01683608302846551
main,dense,correlation_ids,0.2,18,0.9452777777777778,0.05472222222222222,0.9083333333333333,0.0,0.29083333333333333,0.05444444444444444,0.3408333333333333,51.125,0.8520833333333333,16.333333333333332,17.185416666666665,0.016639250330626965
main,dense,correlation_ids,0.2,19,0.9368055555555556,0.06319444444444444,0.895,0.0,0.29583333333333334,0.05527777777777778,0.3475,52.125,0.86875,16.583333333333332,17.452083333333334,0.016752583906054497
main,dense,correlation_ids,0.4,0,0.8259722222222222,0.17402777777777778,0.7275,0.0,0.6616666666666666,0.15736111111111112,0.9816666666666667,147.25,2.4541666666666666,47.208333333333336,49.6625,0.0346176247112453
main,dense,correlation_ids,0.4,1,0.8554166666666667,0.14458333333333334,0.7725,0.0,0.6575,0.15444444444444444,0.9808333333333333,147.125,2.4520833333333334,46.333333333333336,48.78541666666667,0.03499629208818078
main,dense,correlation_ids,0.4,2,0.8486111111111111,0.15138888888888888,0.7566666666666667,0.0,0.6475,0.15305555555555556,0.9558333333333333,143.375,2.3895833333333334,45.916666666666664,48.30625,0.033942915964871645
main,dense,correlation_ids,0.4,3,0.8341666666666666,0.16583333333333333,0.7358333333333333,0.0,0.6766666666666666,0.15986111111111112,0.985,147.75,2.4625,47.958333333333336,50.420833333333334,0.033675000071525574
main,dense,correlation_ids,0.4,4,0.84875,0.15125,0.7675,0.0,0.6366666666666667,0.15069444444444444,0.945,141.75,2.3625,45.208333333333336,47.57083333333333,0.032836874946951866
main,dense,correlation_ids,0.4,5,0.8377777777777777,0.1622222222222222,0.745,0.0,0.6425,0.15472222222222223,0.9791666666666666,146.875,2.4479166666666665,46.416666666666664,48.864583333333336,0.03403387498110533
main,dense,correlation_ids,0.4,6,0.8516666666666667,0.14833333333333334,0.76,0.0,0.6291666666666667,0.14597222222222223,0.9033333333333333,135.5,2.2583333333333333,43.791666666666664,46.05,0.03309666691347957
main,dense,correlation_ids,0.4,7,0.8436111111111111,0.15638888888888888,0.7558333333333334,0.0,0.6416666666666667,0.15458333333333332,0.9725,145.875,2.43125,46.375,48.80625,0.03587649995461106
main,dense,correlation_ids,0.4,8,0.8283333333333334,0.17166666666666666,0.7325,0.0,0.6583333333333333,0.15916666666666668,1.0091666666666668,151.375,2.5229166666666667,47.75,50.27291666666667,0.03568949969485402
main,dense,correlation_ids,0.4,9,0.8231944444444445,0.17680555555555555,0.7241666666666666,0.0,0.6691666666666667,0.16291666666666665,1.0033333333333334,150.5,2.5083333333333333,48.875,51.38333333333333,0.03595687495544553
main,dense,correlation_ids,0.4,10,0.8416666666666667,0.15833333333333333,0.7525,0.0,0.645,0.155,0.9725,145.875,2.43125,46.5,48.93125,0.03452162491157651
main,dense,correlation_ids,0.4,11,0.8516666666666667,0.14833333333333334,0.77,0.0,0.6375,0.15,0.9283333333333333,139.25,2.3208333333333333,45.0,47.32083333333333,0.033088000025600195
main,dense,correlation_ids,0.4,12,0.8413888888888889,0.15861111111111112,0.7525,0.0,0.6583333333333333,0.15763888888888888,0.9858333333333333,147.875,2.464583333333333,47.291666666666664,49.75625,0.035426000133156776
main,dense,correlation_ids,0.4,13,0.8388888888888889,0.16111111111111112,0.7475,0.0,0.65,0.15472222222222223,0.9608333333333333,144.125,2.402083333333333,46.416666666666664,48.81875,0.03538449993357062
main,dense,correlation_ids,0.4,14,0.8263888888888888,0.1736111111111111,0.735,0.0,0.6508333333333334,0.15625,0.9591666666666666,143.875,2.3979166666666667,46.875,49.27291666666667,0.03485750034451485
main,dense,correlation_ids,0.4,15,0.8398611111111111,0.1601388888888889,0.7466666666666667,0.0,0.6641666666666667,0.15597222222222223,0.9741666666666666,146.125,2.435416666666667,46.791666666666664,49.22708333333333,0.03429275006055832
main,dense,correlation_ids,0.4,16,0.8480555555555556,0.15194444444444444,0.7583333333333333,0.0,0.66,0.15416666666666667,0.98,147.0,2.45,46.25,48.7,0.03371170815080404
main,dense,correlation_ids,0.4,17,0.8377777777777777,0.1622222222222222,0.7508333333333334,0.0,0.6516666666666666,0.15930555555555556,0.9825,147.375,2.45625,47.791666666666664,50.24791666666667,0.03468149993568659
main,dense,correlation_ids,0.4,18,0.8529166666666667,0.14708333333333334,0.7708333333333334,0.0,0.6508333333333334,0.15333333333333332,0.9508333333333333,142.625,2.377083333333333,46.0,48.37708333333333,0.03360954113304615
main,dense,correlation_ids,0.4,19,0.8259722222222222,0.17402777777777778,0.7316666666666667,0.0,0.6758333333333333,0.16430555555555557,1.0325,154.875,2.58125,49.291666666666664,51.87291666666667,0.034948499873280525
main,dense,source_artifacts,0.0,0,1.0,0.0,1.0,0.0,0.0,0.0,0.0,0.0,0.0,0.0,0.0,0.006417291238903999
main,dense,source_artifacts,0.0,1,1.0,0.0,1.0,0.0,0.0,0.0,0.0,0.0,0.0,0.0,0.0,0.006060791201889515
main,dense,source_artifacts,0.0,2,1.0,0.0,1.0,0.0,0.0,0.0,0.0,0.0,0.0,0.0,0.0,0.006433750037103891
main,dense,source_artifacts,0.0,3,1.0,0.0,1.0,0.0,0.0,0.0,0.0,0.0,0.0,0.0,0.0,0.006563166622072458
main,dense,source_artifacts,0.0,4,1.0,0.0,1.0,0.0,0.0,0.0,0.0,0.0,0.0,0.0,0.0,0.006477832794189453
main,dense,source_artifacts,0.0,5,1.0,0.0,1.0,0.0,0.0,0.0,0.0,0.0,0.0,0.0,0.0,0.006299207918345928
main,dense,source_artifacts,0.0,6,1.0,0.0,1.0,0.0,0.0,0.0,0.0,0.0,0.0,0.0,0.0,0.006488084327429533
main,dense,source_artifacts,0.0,7,1.0,0.0,1.0,0.0,0.0,0.0,0.0,0.0,0.0,0.0,0.0,0.006476458162069321
main,dense,source_artifacts,0.0,8,1.0,0.0,1.0,0.0,0.0,0.0,0.0,0.0,0.0,0.0,0.0,0.006605791859328747
main,dense,source_artifacts,0.0,9,1.0,0.0,1.0,0.0,0.0,0.0,0.0,0.0,0.0,0.0,0.0,0.007212500087916851
main,dense,source_artifacts,0.0,10,1.0,0.0,1.0,0.0,0.0,0.0,0.0,0.0,0.0,0.0,0.0,0.006732916925102472
main,dense,source_artifacts,0.0,11,1.0,0.0,1.0,0.0,0.0,0.0,0.0,0.0,0.0,0.0,0.0,0.006939624901860952
main,dense,source_artifacts,0.0,12,1.0,0.0,1.0,0.0,0.0,0.0,0.0,0.0,0.0,0.0,0.0,0.006863917224109173
main,dense,source_artifacts,0.0,13,1.0,0.0,1.0,0.0,0.0,0.0,0.0,0.0,0.0,0.0,0.0,0.00667191669344902
main,dense,source_artifacts,0.0,14,1.0,0.0,1.0,0.0,0.0,0.0,0.0,0.0,0.0,0.0,0.0,0.006688083056360483
main,dense,source_artifacts,0.0,15,1.0,0.0,1.0,0.0,0.0,0.0,0.0,0.0,0.0,0.0,0.0,0.007119416259229183
main,dense,source_artifacts,0.0,16,1.0,0.0,1.0,0.0,0.0,0.0,0.0,0.0,0.0,0.0,0.0,0.006893457844853401
main,dense,source_artifacts,0.0,17,1.0,0.0,1.0,0.0,0.0,0.0,0.0,0.0,0.0,0.0,0.0,0.006653666961938143
main,dense,source_artifacts,0.0,18,1.0,0.0,1.0,0.0,0.0,0.0,0.0,0.0,0.0,0.0,0.0,0.007353874854743481
main,dense,source_artifacts,0.0,19,1.0,0.0,1.0,0.0,0.0,0.0,0.0,0.0,0.0,0.0,0.0,0.006086666136980057
main,dense,source_artifacts,0.01,0,0.9648611111111111,0.03366253999165392,0.9408333333333333,0.059166666666666666,0.059166666666666666,0.012083333333333333,0.059166666666666666,8.725833333333334,0.146425,3.625,3.7714250000000002,0.00758791621774435
main,dense,source_artifacts,0.01,1,0.9770833333333333,0.021965800083414432,0.9525,0.0475,0.0475,0.010416666666666666,0.05,7.4025,0.12402499999999998,3.125,3.249025,0.007425333838909864
main,dense,source_artifacts,0.01,2,0.9652777777777778,0.03149386845039019,0.9375,0.0625,0.0625,0.015,0.06416666666666666,9.4475,0.15864166666666654,4.5,4.658641666666667,0.008170499932020903
main,dense,source_artifacts,0.01,3,0.9670833333333333,0.03197553176699569,0.9391666666666667,0.060833333333333336,0.060833333333333336,0.014583333333333334,0.0625,9.234166666666667,0.15484166666666666,4.375,4.529841666666667,0.007451000157743692
main,dense,source_artifacts,0.01,4,0.9808333333333333,0.01698218262806236,0.9583333333333334,0.041666666666666664,0.041666666666666664,0.009166666666666667,0.0425,6.2925,0.10542500000000002,2.75,2.8554250000000003,0.007342875003814697
main,dense,source_artifacts,0.01,5,0.9669444444444445,0.031979977753058955,0.9466666666666667,0.05333333333333334,0.05333333333333334,0.012222222222222223,0.05333333333333334,7.886666666666667,0.13219999999999996,3.6666666666666665,3.798866666666667,0.00790383294224739
main,dense,source_artifacts,0.01,6,0.9693055555555555,0.028129786937752404,0.94,0.06,0.06,0.013055555555555556,0.060833333333333336,8.98,0.1506333333333333,3.9166666666666665,4.0673,0.00810900004580617
main,dense,source_artifacts,0.01,7,0.9661111111111111,0.032276015581524764,0.9366666666666666,0.06333333333333334,0.06333333333333334,0.015277777777777777,0.06416666666666666,9.4825,0.15899166666666667,4.583333333333333,4.742325,0.008548083249479532
main,dense,source_artifacts,0.01,8,0.9656944444444444,0.0314807076194456,0.935,0.065,0.065,0.014583333333333334,0.0675,9.96,0.16709999999999994,4.375,4.5421,0.00744083384051919
main,dense,source_artifacts,0.01,9,0.9669444444444445,0.028060868351249477,0.9375,0.0625,0.0625,0.013472222222222222,0.065,9.58,0.16079999999999997,4.041666666666667,4.202466666666667,0.007709166035056114
main,dense,source_artifacts,0.01,10,0.9688888888888889,0.029358564074022542,0.9316666666666666,0.06833333333333333,0.06833333333333333,0.014444444444444444,0.06916666666666667,10.1975,0.17114166666666664,4.333333333333333,4.504475,0.007905708160251379
main,dense,source_artifacts,0.01,11,0.9645833333333333,0.034075104311543813,0.9366666666666666,0.06333333333333334,0.06333333333333334,0.014305555555555556,0.065,9.5575,0.16057500000000005,4.291666666666667,4.452241666666667,0.008172750007361174
main,dense,source_artifacts,0.01,12,0.9652777777777778,0.03458813724128351,0.94,0.06,0.06,0.013888888888888888,0.06166666666666667,9.060833333333333,0.15227499999999994,4.166666666666667,4.3189416666666665,0.007752540986984968
main,dense,source_artifacts,0.01,13,0.9715277777777778,0.027661940505977204,0.9466666666666667,0.05333333333333334,0.05333333333333334,0.013194444444444444,0.05416666666666667,7.9991666666666665,0.13415833333333335,3.9583333333333335,4.092491666666667,0.0075456248596310616
main,dense,source_artifacts,0.01,14,0.9695833333333334,0.02866286350354807,0.9508333333333333,0.049166666666666664,0.049166666666666664,0.012083333333333333,0.0525,7.751666666666667,0.1300166666666667,3.625,3.755016666666667,0.007696667220443487
main,dense,source_artifacts,0.01,15,0.9709722222222222,0.026594263436368698,0.945,0.055,0.055,0.011805555555555555,0.05583333333333333,8.243333333333334,0.13826666666666662,3.5416666666666665,3.6799333333333335,0.007430000230669975
main,dense,source_artifacts,0.01,16,0.96625,0.03213689482470785,0.94,0.06,0.06,0.013472222222222222,0.06166666666666667,9.109166666666667,0.1527583333333333,4.041666666666667,4.194425,0.007413292303681374
main,dense,source_artifacts,0.01,17,0.9595833333333333,0.037877732906280465,0.9341666666666667,0.06583333333333333,0.06583333333333333,0.015277777777777777,0.06666666666666667,9.839166666666667,0.1650583333333332,4.583333333333333,4.748391666666667,0.008962166029959917
main,dense,source_artifacts,0.01,18,0.9709722222222222,0.028082858334491867,0.9508333333333333,0.049166666666666664,0.049166666666666664,0.010833333333333334,0.05,7.3975,0.12397499999999992,3.25,3.373975,0.007170208264142275
main,dense,source_artifacts,0.01,19,0.9701388888888889,0.02702326229279844,0.9358333333333333,0.06416666666666666,0.06416666666666666,0.014305555555555556,0.06583333333333333,9.700833333333334,0.16284166666666658,4.291666666666667,4.454508333333333,0.007682125084102154
main,dense,source_artifacts,0.05,0,0.8472222222222222,0.1455385908390531,0.7266666666666667,0.2733333333333333,0.2733333333333333,0.06763888888888889,0.30583333333333335,43.11833333333333,0.7370166666666661,20.291666666666668,21.028683333333333,0.011888375040143728
main,dense,source_artifacts,0.05,1,0.8498611111111111,0.14131349985966882,0.7333333333333333,0.26666666666666666,0.26666666666666666,0.06416666666666666,0.29,41.045833333333334,0.7004583333333336,19.25,19.950458333333334,0.011713624931871891
main,dense,source_artifacts,0.05,2,0.8465277777777778,0.14275668073136427,0.7275,0.2725,0.2725,0.06805555555555555,0.31083333333333335,43.92166666666667,0.7500500000000005,20.416666666666668,21.16671666666667,0.011991624720394611
main,dense,source_artifacts,0.05,3,0.8393055555555555,0.15304835318850735,0.7191666666666666,0.2808333333333333,0.2808333333333333,0.06958333333333333,0.31833333333333336,44.87083333333333,0.7670416666666662,20.875,21.642041666666668,0.011750667355954647
main,dense,source_artifacts,0.05,4,0.8676388888888888,0.12507002801120448,0.7541666666666667,0.24583333333333332,0.24583333333333332,0.06125,0.27166666666666667,38.52916666666667,0.656958333333333,18.375,19.031958333333332,0.010219832882285118
main,dense,source_artifacts,0.05,5,0.86,0.1299704931853309,0.7308333333333333,0.26916666666666667,0.26916666666666667,0.0675,0.30583333333333335,43.26916666666666,0.7385249999999987,20.25,20.988525,0.011645916383713484
main,dense,source_artifacts,0.05,6,0.8533333333333334,0.138288920056101,0.7358333333333333,0.26416666666666666,0.26416666666666666,0.06472222222222222,0.30333333333333334,42.97666666666667,0.7330999999999992,19.416666666666668,20.149766666666665,0.012221542187035084
main,dense,source_artifacts,0.05,7,0.8508333333333333,0.1415358744394619,0.7266666666666667,0.2733333333333333,0.2733333333333333,0.06541666666666666,0.2991666666666667,42.35,0.7226666666666659,19.625,20.34766666666667,0.01141591602936387
main,dense,source_artifacts,0.05,8,0.85875,0.13233230423800169,0.7441666666666666,0.25583333333333336,0.25583333333333336,0.06527777777777778,0.2941666666666667,41.7175,0.7113416666666651,19.583333333333332,20.294674999999998,0.011523750144988298
main,dense,source_artifacts,0.05,9,0.8483333333333334,0.1435782389231632,0.7333333333333333,0.26666666666666666,0.26666666666666666,0.07,0.2991666666666667,42.299166666666665,0.7221583333333321,21.0,21.722158333333333,0.010947374626994133
main,dense,source_artifacts,0.05,10,0.8365277777777778,0.1551409734885678,0.7241666666666666,0.2758333333333333,0.2758333333333333,0.06805555555555555,0.31416666666666665,44.278333333333336,0.75695,20.416666666666668,21.173616666666668,0.012003916781395674
main,dense,source_artifacts,0.05,11,0.8411111111111111,0.1491992132621523,0.7333333333333333,0.26666666666666666,0.26666666666666666,0.06430555555555556,0.2966666666666667,42.075,0.717416666666666,19.291666666666668,20.009083333333333,0.010954125318676233
main,dense,source_artifacts,0.05,12,0.8606944444444444,0.13073362322906437,0.7458333333333333,0.25416666666666665,0.25416666666666665,0.0625,0.2775,39.475833333333334,0.6722583333333312,18.75,19.422258333333332,0.011496708262711763
main,dense,source_artifacts,0.05,13,0.8526388888888888,0.14079776067179847,0.7425,0.2575,0.2575,0.06277777777777778,0.2866666666666667,40.53916666666667,0.6920583333333324,18.833333333333332,19.525391666666664,0.012292874976992607
main,dense,source_artifacts,0.05,14,0.8601388888888889,0.1325115562403698,0.7466666666666667,0.25333333333333335,0.25333333333333335,0.06097222222222222,0.2775,39.46,0.6720999999999995,18.291666666666668,18.963766666666668,0.012788541615009308
main,dense,source_artifacts,0.05,15,0.85125,0.13845937587854934,0.7308333333333333,0.26916666666666667,0.26916666666666667,0.06763888888888889,0.2966666666666667,41.925,0.7159166666666666,20.291666666666668,21.007583333333333,0.012650958728045225
main,dense,source_artifacts,0.05,16,0.84125,0.15001403311815886,0.7258333333333333,0.27416666666666667,0.27416666666666667,0.07416666666666667,0.32083333333333336,45.153333333333336,0.7723666666666666,22.25,23.022366666666667,0.011958458926528692
main,dense,source_artifacts,0.05,17,0.8502777777777778,0.13968521641371556,0.7258333333333333,0.27416666666666667,0.27416666666666667,0.0675,0.30916666666666665,43.62416666666667,0.7454083333333331,20.25,20.99540833333333,0.012364000082015991
main,dense,source_artifacts,0.05,18,0.8504166666666667,0.14159540165428292,0.7383333333333333,0.26166666666666666,0.26166666666666666,0.06472222222222222,0.2841666666666667,40.339166666666664,0.687558333333332,19.416666666666668,20.104225,0.011971750296652317
main,dense,source_artifacts,0.05,19,0.8398611111111111,0.15082151383232692,0.7208333333333333,0.2791666666666667,0.2791666666666667,0.06930555555555555,0.30833333333333335,43.454166666666666,0.7428749999999988,20.791666666666668,21.534541666666666,0.01205008290708065
main,dense,source_artifacts,0.1,0,0.7172222222222222,0.26428266134777034,0.5241666666666667,0.47583333333333333,0.47583333333333333,0.13166666666666665,0.6025,80.79583333333333,1.4104583333333274,39.5,40.91045833333333,0.015573415905237198
main,dense,source_artifacts,0.1,1,0.7295833333333334,0.25752650176678443,0.5325,0.4675,0.4675,0.13375,0.5675,76.0475,1.327974999999997,40.125,41.452975,0.015746207907795906
main,dense,source_artifacts,0.1,2,0.7322222222222222,0.2521985815602837,0.54,0.46,0.46,0.13180555555555556,0.5725,76.94833333333334,1.3419833333333293,39.541666666666664,40.883649999999996,0.01588862482458353
main,dense,source_artifacts,0.1,3,0.7430555555555556,0.24167257264351524,0.5208333333333334,0.4791666666666667,0.4791666666666667,0.12833333333333333,0.6091666666666666,81.73916666666666,1.426558333333328,38.5,39.92655833333333,0.01694062538444996
main,dense,source_artifacts,0.1,4,0.7294444444444445,0.2552467385138968,0.5241666666666667,0.47583333333333333,0.47583333333333333,0.13833333333333334,0.6141666666666666,81.82333333333334,1.4323999999999963,41.5,42.9324,0.0164172500371933
main,dense,source_artifacts,0.1,5,0.7475,0.23681225184344867,0.5458333333333333,0.45416666666666666,0.45416666666666666,0.12583333333333332,0.5725,76.77916666666667,1.3402916666666636,37.75,39.090291666666666,0.01588949980214238
main,dense,source_artifacts,0.1,6,0.7284722222222222,0.25306180575334664,0.5425,0.4575,0.4575,0.1272222222222222,0.5666666666666667,76.31666666666666,1.3298333333333299,38.166666666666664,39.4965,0.01543058268725872
main,dense,source_artifacts,0.1,7,0.7329166666666667,0.25053259480187473,0.54,0.46,0.46,0.1275,0.5575,75.0575,1.308074999999995,38.25,39.558074999999995,0.015391374938189983
main,dense,source_artifacts,0.1,8,0.7358333333333333,0.24946876328091797,0.5316666666666666,0.4683333333333333,0.4683333333333333,0.12763888888888889,0.5783333333333334,77.70333333333333,1.3553666666666593,38.291666666666664,39.647033333333326,0.01579658268019557
main,dense,source_artifacts,0.1,9,0.7281944444444445,0.2534529403388865,0.5116666666666667,0.48833333333333334,0.48833333333333334,0.13444444444444445,0.6316666666666667,84.62416666666667,1.4779083333333274,40.333333333333336,41.81124166666666,0.016862249933183193
main,dense,source_artifacts,0.1,10,0.7254166666666667,0.2590438360051071,0.5208333333333334,0.4791666666666667,0.4791666666666667,0.12819444444444444,0.6158333333333333,82.635,1.4421833333333247,38.458333333333336,39.900516666666654,0.016484625171869993
main,dense,source_artifacts,0.1,11,0.7218055555555556,0.25958113691409035,0.5166666666666667,0.48333333333333334,0.48333333333333334,0.13347222222222221,0.6025,80.78,1.4102999999999912,40.041666666666664,41.45196666666666,0.015826249960809946
main,dense,source_artifacts,0.1,12,0.7519444444444444,0.23379564109821682,0.545,0.455,0.455,0.12833333333333333,0.5708333333333333,76.45416666666667,1.3353750000000013,38.5,39.835375000000006,0.015266790986061096
main,dense,source_artifacts,0.1,13,0.7208333333333333,0.25591397849462366,0.5091666666666667,0.49083333333333334,0.49083333333333334,0.1338888888888889,0.6266666666666667,83.645,1.463116666666661,40.166666666666664,41.62978333333333,0.016108333133161068
main,dense,source_artifacts,0.1,14,0.7294444444444445,0.2554578962290899,0.5308333333333334,0.4691666666666667,0.4691666666666667,0.13277777777777777,0.5841666666666666,78.3575,1.3677416666666595,39.833333333333336,41.201074999999996,0.01549241691827774
main,dense,source_artifacts,0.1,15,0.7452777777777778,0.2363739860537925,0.5416666666666666,0.4583333333333333,0.4583333333333333,0.12458333333333334,0.5816666666666667,78.06,1.3622666666666652,37.375,38.73726666666667,0.01546483300626278
main,dense,source_artifacts,0.1,16,0.7173611111111111,0.26266952177016417,0.5058333333333334,0.49416666666666664,0.49416666666666664,0.13472222222222222,0.63,84.05916666666667,1.4705916666666623,40.416666666666664,41.88725833333333,0.016560249961912632
main,dense,source_artifacts,0.1,17,0.7268055555555556,0.2605623851914653,0.5233333333333333,0.4766666666666667,0.4766666666666667,0.13305555555555557,0.6058333333333333,80.94416666666666,1.415274999999998,39.916666666666664,41.331941666666665,0.016559207811951637
main,dense,source_artifacts,0.1,18,0.7395833333333334,0.24489506522972207,0.5366666666666666,0.4633333333333333,0.4633333333333333,0.12638888888888888,0.5741666666666667,76.99083333333333,1.3440749999999975,37.916666666666664,39.26074166666667,0.016646250151097775
main,dense,source_artifacts,0.1,19,0.7451388888888889,0.23749289368959636,0.5391666666666667,0.4608333333333333,0.4608333333333333,0.12430555555555556,0.565,76.02,1.325199999999996,37.291666666666664,38.61686666666667,0.015195916872471571
main,dense,source_artifacts,0.2,0,0.5475,0.42054975745994416,0.2708333333333333,0.7291666666666666,0.7291666666666666,0.24875,1.0983333333333334,131.32166666666666,2.4115499999999988,74.625,77.03655,0.022710666991770267
main,dense,source_artifacts,0.2,1,0.5534722222222223,0.4123285651083911,0.25416666666666665,0.7458333333333333,0.7458333333333333,0.25180555555555556,1.1608333333333334,138.88333333333333,2.5496666666666736,75.54166666666667,78.09133333333334,0.021581916138529778
main,dense,source_artifacts,0.2,2,0.5316666666666666,0.43372781065088756,0.24583333333333332,0.7541666666666667,0.7541666666666667,0.2609722222222222,1.1733333333333333,138.88666666666666,2.5621999999999927,78.29166666666667,80.85386666666665,0.022410667035728693
main,dense,source_artifacts,0.2,3,0.5420833333333334,0.42628252241658093,0.25333333333333335,0.7466666666666667,0.7466666666666667,0.26125,1.165,138.08416666666668,2.545841666666663,78.375,80.92084166666666,0.021406374871730804
main,dense,source_artifacts,0.2,4,0.5420833333333334,0.4280480656506448,0.2658333333333333,0.7341666666666666,0.7341666666666666,0.2561111111111111,1.1516666666666666,137.00583333333333,2.521725000000002,76.83333333333333,79.35505833333333,0.021581041626632214
main,dense,source_artifacts,0.2,5,0.5491666666666667,0.4162976085031001,0.26916666666666667,0.7308333333333333,0.7308333333333333,0.25222222222222224,1.0916666666666666,130.11166666666668,2.3927833333333353,75.66666666666667,78.05945,0.020558208227157593
main,dense,source_artifacts,0.2,6,0.5509722222222222,0.4162742789876398,0.2708333333333333,0.7291666666666666,0.7291666666666666,0.24805555555555556,1.1508333333333334,138.57833333333335,2.53661666666665,74.41666666666667,76.95328333333332,0.0233692922629416
main,dense,source_artifacts,0.2,7,0.5659722222222222,0.4085631349782293,0.26166666666666666,0.7383333333333333,0.7383333333333333,0.24875,1.1058333333333332,132.515,2.430983333333335,74.625,77.05598333333334,0.02156883431598544
main,dense,source_artifacts,0.2,8,0.5481944444444444,0.4187039764359352,0.25833333333333336,0.7416666666666667,0.7416666666666667,0.2526388888888889,1.1675,139.43916666666667,2.561891666666661,75.79166666666667,78.35355833333332,0.022609167266637087
main,dense,source_artifacts,0.2,9,0.5356944444444445,0.4338764127403493,0.25666666666666665,0.7433333333333333,0.7433333333333333,0.26,1.1341666666666668,133.755,2.4717166666666692,78.0,80.47171666666667,0.021212708204984665
main,dense,source_artifacts,0.2,10,0.55625,0.4150722944355192,0.2658333333333333,0.7341666666666666,0.7341666666666666,0.24625,1.1075,132.75083333333333,2.435008333333329,73.875,76.31000833333333,0.0214673331938684
main,dense,source_artifacts,0.2,11,0.5429166666666667,0.427168815943728,0.2608333333333333,0.7391666666666666,0.7391666666666666,0.2625,1.15,136.17,2.51170000000001,78.75,81.2617,0.021635042037814856
main,dense,source_artifacts,0.2,12,0.5534722222222223,0.4121551851305502,0.27166666666666667,0.7283333333333334,0.7283333333333334,0.24638888888888888,1.1158333333333332,133.925,2.4550833333333277,73.91666666666667,76.37174999999999,0.02151412470266223
main,dense,source_artifacts,0.2,13,0.5744444444444444,0.3925686591276252,0.2866666666666667,0.7133333333333334,0.7133333333333334,0.23916666666666667,1.0775,130.24416666666667,2.3799416666666677,71.75,74.12994166666667,0.020617791917175055
main,dense,source_artifacts,0.2,14,0.5402777777777777,0.4340995053826011,0.2525,0.7475,0.7475,0.25625,1.1591666666666667,138.18916666666667,2.541058333333338,76.875,79.41605833333334,0.021857709158211946
main,dense,source_artifacts,0.2,15,0.5547222222222222,0.42107551819104216,0.2866666666666667,0.7133333333333334,0.7133333333333334,0.24513888888888888,1.0925,131.4075,2.4065749999999992,73.54166666666667,75.94824166666666,0.021033416967839003
main,dense,source_artifacts,0.2,16,0.5563888888888889,0.4155237817332944,0.2733333333333333,0.7266666666666667,0.7266666666666667,0.2477777777777778,1.1183333333333334,133.95916666666668,2.457925000000002,74.33333333333333,76.79125833333335,0.02305554086342454
main,dense,source_artifacts,0.2,17,0.5558333333333333,0.4116436342252279,0.26166666666666666,0.7383333333333333,0.7383333333333333,0.2540277777777778,1.1391666666666667,135.8625,2.4977916666666653,76.20833333333333,78.706125,0.02083704201504588
main,dense,source_artifacts,0.2,18,0.5426388888888889,0.427210086497581,0.26416666666666666,0.7358333333333333,0.7358333333333333,0.25666666666666665,1.1566666666666667,137.55583333333334,2.5322249999999915,77.0,79.53222499999998,0.021237667184323072
main,dense,source_artifacts,0.2,19,0.5484722222222222,0.4213071512309496,0.26416666666666666,0.7358333333333333,0.7358333333333333,0.2634722222222222,1.1358333333333333,134.68583333333333,2.4826916666666627,79.04166666666667,81.52435833333332,0.021007957868278027
main,dense,source_artifacts,0.4,0,0.3236111111111111,0.6034717494894486,0.049166666666666664,0.9508333333333333,0.9508333333333333,0.48638888888888887,2.1141666666666667,188.22416666666666,3.9964083333333416,145.91666666666666,149.913075,0.026445291936397552
main,dense,source_artifacts,0.4,1,0.3145833333333333,0.6284448818897638,0.043333333333333335,0.9566666666666667,0.9566666666666667,0.4766666666666667,2.1175,189.92416666666668,4.016741666666661,143.0,147.01674166666666,0.026417874731123447
main,dense,source_artifacts,0.4,2,0.3179166666666667,0.6232718894009217,0.0425,0.9575,0.9575,0.4752777777777778,2.1033333333333335,188.57583333333332,3.989091666666661,142.58333333333334,146.572425,0.026117834262549877
main,dense,source_artifacts,0.4,3,0.3263888888888889,0.6068919371027099,0.0325,0.9675,0.9675,0.4781944444444444,2.151666666666667,193.16416666666666,4.083308333333341,143.45833333333334,147.54164166666666,0.026656874921172857
main,dense,source_artifacts,0.4,4,0.3351388888888889,0.6027329601580507,0.06916666666666667,0.9308333333333333,0.9308333333333333,0.4675,1.9908333333333332,180.47833333333332,3.795616666666668,140.25,144.04561666666666,0.02539562527090311
main,dense,source_artifacts,0.4,5,0.3202777777777778,0.6164975885581241,0.03916666666666667,0.9608333333333333,0.9608333333333333,0.4795833333333333,2.1366666666666667,191.48083333333332,4.051474999999991,143.875,147.92647499999998,0.028108499944210052
main,dense,source_artifacts,0.4,6,0.3351388888888889,0.6043613707165109,0.050833333333333335,0.9491666666666667,0.9491666666666667,0.4751388888888889,2.095,189.0775,3.985774999999998,142.54166666666666,146.52744166666665,0.026507415808737278
main,dense,source_artifacts,0.4,7,0.3169444444444444,0.6169212690951822,0.0375,0.9625,0.9625,0.4822222222222222,2.171666666666667,193.54333333333332,4.107099999999993,144.66666666666666,148.77376666666666,0.027608791831880808
main,dense,source_artifacts,0.4,8,0.3184722222222222,0.6160415271265908,0.050833333333333335,0.9491666666666667,0.9491666666666667,0.4820833333333333,2.066666666666667,183.40916666666666,3.9007583333333278,144.625,148.52575833333333,0.026256791315972805
main,dense,source_artifacts,0.4,9,0.3254166666666667,0.6102794411177644,0.0425,0.9575,0.9575,0.48347222222222225,2.2083333333333335,195.655,4.164883333333332,145.04166666666666,149.20655,0.027926625218242407
main,dense,source_artifacts,0.4,10,0.32472222222222225,0.6096828046744575,0.041666666666666664,0.9583333333333334,0.9583333333333334,0.4811111111111111,2.160833333333333,192.985,4.090683333333343,144.33333333333334,148.42401666666666,0.028132708743214607
main,dense,source_artifacts,0.4,11,0.3383333333333333,0.6056338028169014,0.05333333333333334,0.9466666666666667,0.9466666666666667,0.46680555555555553,2.026666666666667,184.82166666666666,3.87488333333335,140.04166666666666,143.91655,0.0261739999987185
main,dense,source_artifacts,0.4,12,0.31125,0.6140864473910798,0.045,0.955,0.955,0.47944444444444445,2.129166666666667,191.57583333333332,4.044924999999997,143.83333333333334,147.87825833333335,0.025873624719679356
main,dense,source_artifacts,0.4,13,0.32569444444444445,0.6141822968081606,0.045,0.955,0.955,0.4772222222222222,2.08,186.99833333333333,3.949983333333348,143.16666666666666,147.11665000000002,0.02922275010496378
main,dense,source_artifacts,0.4,14,0.3211111111111111,0.6143452877397831,0.04833333333333333,0.9516666666666667,0.9516666666666667,0.4777777777777778,1.985,177.21416666666667,3.7571416666666537,143.33333333333334,147.09047499999997,0.025199207942932844
main,dense,source_artifacts,0.4,15,0.3347222222222222,0.5984671776074642,0.049166666666666664,0.9508333333333333,0.9508333333333333,0.4738888888888889,2.078333333333333,186.85916666666665,3.946925000000001,142.16666666666666,146.11359166666668,0.02567720925435424
main,dense,source_artifacts,0.4,16,0.3313888888888889,0.597706963412578,0.059166666666666666,0.9408333333333333,0.9408333333333333,0.47555555555555556,1.9883333333333333,178.5775,3.7741083333333254,142.66666666666666,146.440775,0.02572829183191061
main,dense,source_artifacts,0.4,17,0.3179166666666667,0.6229616208202932,0.049166666666666664,0.9508333333333333,0.9508333333333333,0.4806944444444444,2.0475,182.65833333333333,3.874083333333313,144.20833333333334,148.08241666666663,0.025676417164504528
main,dense,source_artifacts,0.4,18,0.31916666666666665,0.6173189009159035,0.050833333333333335,0.9491666666666667,0.9491666666666667,0.4781944444444444,1.9775,177.74333333333334,3.7549333333333226,143.45833333333334,147.21326666666664,0.026075125206261873
main,dense,source_artifacts,0.4,19,0.3016666666666667,0.6236354184716687,0.035833333333333335,0.9641666666666666,0.9641666666666666,0.4911111111111111,2.160833333333333,188.96916666666667,4.050525000000011,147.33333333333334,151.38385833333334,0.026745708659291267
main,dense,timestamps,0.0,0,1.0,0.0,1.0,0.0,0.0,0.0,0.0,0.0,0.0,0.0,0.0,0.006568250246345997
main,dense,timestamps,0.0,1,1.0,0.0,1.0,0.0,0.0,0.0,0.0,0.0,0.0,0.0,0.0,0.006704084109514952
main,dense,timestamps,0.0,2,1.0,0.0,1.0,0.0,0.0,0.0,0.0,0.0,0.0,0.0,0.0,0.0065103331580758095
main,dense,timestamps,0.0,3,1.0,0.0,1.0,0.0,0.0,0.0,0.0,0.0,0.0,0.0,0.0,0.006019999738782644
main,dense,timestamps,0.0,4,1.0,0.0,1.0,0.0,0.0,0.0,0.0,0.0,0.0,0.0,0.0,0.0060678753070533276
main,dense,timestamps,0.0,5,1.0,0.0,1.0,0.0,0.0,0.0,0.0,0.0,0.0,0.0,0.0,0.006353707984089851
main,dense,timestamps,0.0,6,1.0,0.0,1.0,0.0,0.0,0.0,0.0,0.0,0.0,0.0,0.0,0.006707292050123215
main,dense,timestamps,0.0,7,1.0,0.0,1.0,0.0,0.0,0.0,0.0,0.0,0.0,0.0,0.0,0.006495125126093626
main,dense,timestamps,0.0,8,1.0,0.0,1.0,0.0,0.0,0.0,0.0,0.0,0.0,0.0,0.0,0.006193750072270632
main,dense,timestamps,0.0,9,1.0,0.0,1.0,0.0,0.0,0.0,0.0,0.0,0.0,0.0,0.0,0.006266250275075436
main,dense,timestamps,0.0,10,1.0,0.0,1.0,0.0,0.0,0.0,0.0,0.0,0.0,0.0,0.0,0.006217916961759329
main,dense,timestamps,0.0,11,1.0,0.0,1.0,0.0,0.0,0.0,0.0,0.0,0.0,0.0,0.0,0.006844083778560162
main,dense,timestamps,0.0,12,1.0,0.0,1.0,0.0,0.0,0.0,0.0,0.0,0.0,0.0,0.0,0.006423208862543106
main,dense,timestamps,0.0,13,1.0,0.0,1.0,0.0,0.0,0.0,0.0,0.0,0.0,0.0,0.0,0.006508917082101107
main,dense,timestamps,0.0,14,1.0,0.0,1.0,0.0,0.0,0.0,0.0,0.0,0.0,0.0,0.0,0.006619124673306942
main,dense,timestamps,0.0,15,1.0,0.0,1.0,0.0,0.0,0.0,0.0,0.0,0.0,0.0,0.0,0.006747500039637089
main,dense,timestamps,0.0,16,1.0,0.0,1.0,0.0,0.0,0.0,0.0,0.0,0.0,0.0,0.0,0.006833540741354227
main,dense,timestamps,0.0,17,1.0,0.0,1.0,0.0,0.0,0.0,0.0,0.0,0.0,0.0,0.0,0.006890209391713142
main,dense,timestamps,0.0,18,1.0,0.0,1.0,0.0,0.0,0.0,0.0,0.0,0.0,0.0,0.0,0.00670558400452137
main,dense,timestamps,0.0,19,1.0,0.0,1.0,0.0,0.0,0.0,0.0,0.0,0.0,0.0,0.0,0.006879833061248064
main,dense,timestamps,0.01,0,1.0,0.0,1.0,0.0,0.0,0.0,0.0,0.0,0.0,0.0,0.0,0.006926709320396185
main,dense,timestamps,0.01,1,1.0,0.0,1.0,0.0,0.0,0.0,0.0,0.0,0.0,0.0,0.0,0.006822292227298021
main,dense,timestamps,0.01,2,1.0,0.0,1.0,0.0,0.0,0.0,0.0,0.0,0.0,0.0,0.0,0.007031250279396772
main,dense,timestamps,0.01,3,1.0,0.0,1.0,0.0,0.0,0.0,0.0,0.0,0.0,0.0,0.0,0.006780166178941727
main,dense,timestamps,0.01,4,1.0,0.0,1.0,0.0,0.0,0.0,0.0,0.0,0.0,0.0,0.0,0.006745292339473963
main,dense,timestamps,0.01,5,1.0,0.0,1.0,0.0,0.0,0.0,0.0,0.0,0.0,0.0,0.0,0.00667958427220583
main,dense,timestamps,0.01,6,1.0,0.0,1.0,0.0,0.0,0.0,0.0,0.0,0.0,0.0,0.0,0.006363334134221077
main,dense,timestamps,0.01,7,1.0,0.0,1.0,0.0,0.0,0.0,0.0,0.0,0.0,0.0,0.0,0.00658308295533061
main,dense,timestamps,0.01,8,1.0,0.0,1.0,0.0,0.0,0.0,0.0,0.0,0.0,0.0,0.0,0.006790707819163799
main,dense,timestamps,0.01,9,1.0,0.0,1.0,0.0,0.0,0.0,0.0,0.0,0.0,0.0,0.0,0.0069079166278243065
main,dense,timestamps,0.01,10,1.0,0.0,1.0,0.0,0.0,0.0,0.0,0.0,0.0,0.0,0.0,0.006534333806484938
main,dense,timestamps,0.01,11,1.0,0.0,1.0,0.0,0.0,0.0,0.0,0.0,0.0,0.0,0.0,0.0064685833640396595
main,dense,timestamps,0.01,12,1.0,0.0,1.0,0.0,0.0,0.0,0.0,0.0,0.0,0.0,0.0,0.0066926670260727406
main,dense,timestamps,0.01,13,1.0,0.0,1.0,0.0,0.0,0.0,0.0,0.0,0.0,0.0,0.0,0.006368540693074465
main,dense,timestamps,0.01,14,1.0,0.0,1.0,0.0,0.0,0.0,0.0,0.0,0.0,0.0,0.0,0.006788833066821098
main,dense,timestamps,0.01,15,1.0,0.0,1.0,0.0,0.0,0.0,0.0,0.0,0.0,0.0,0.0,0.00629591615870595
main,dense,timestamps,0.01,16,1.0,0.0,1.0,0.0,0.0,0.0,0.0,0.0,0.0,0.0,0.0,0.00652374979108572
main,dense,timestamps,0.01,17,1.0,0.0,1.0,0.0,0.0,0.0,0.0,0.0,0.0,0.0,0.0,0.006777749862521887
main,dense,timestamps,0.01,18,1.0,0.0,1.0,0.0,0.0,0.0,0.0,0.0,0.0,0.0,0.0,0.006426250096410513
main,dense,timestamps,0.01,19,1.0,0.0,1.0,0.0,0.0,0.0,0.0,0.0,0.0,0.0,0.0,0.006380708422511816
main,dense,timestamps,0.05,0,1.0,0.0,1.0,0.0,0.0,0.0,0.0,0.0,0.0,0.0,0.0,0.006470084190368652
main,dense,timestamps,0.05,1,1.0,0.0,1.0,0.0,0.0,0.0,0.0,0.0,0.0,0.0,0.0,0.006653833668678999
main,dense,timestamps,0.05,2,1.0,0.0,1.0,0.0,0.0,0.0,0.0,0.0,0.0,0.0,0.0,0.006596959196031094
main,dense,timestamps,0.05,3,1.0,0.0,1.0,0.0,0.0,0.0,0.0,0.0,0.0,0.0,0.0,0.006085208151489496
main,dense,timestamps,0.05,4,1.0,0.0,1.0,0.0,0.0,0.0,0.0,0.0,0.0,0.0,0.0,0.006706332787871361
main,dense,timestamps,0.05,5,1.0,0.0,1.0,0.0,0.0,0.0,0.0,0.0,0.0,0.0,0.0,0.006627084221690893
main,dense,timestamps,0.05,6,1.0,0.0,1.0,0.0,0.0,0.0,0.0,0.0,0.0,0.0,0.0,0.0062814997509121895
main,dense,timestamps,0.05,7,1.0,0.0,1.0,0.0,0.0,0.0,0.0,0.0,0.0,0.0,0.0,0.006912915967404842
main,dense,timestamps,0.05,8,1.0,0.0,1.0,0.0,0.0,0.0,0.0,0.0,0.0,0.0,0.0,0.006601749919354916
main,dense,timestamps,0.05,9,1.0,0.0,1.0,0.0,0.0,0.0,0.0,0.0,0.0,0.0,0.0,0.006509833969175816
main,dense,timestamps,0.05,10,1.0,0.0,1.0,0.0,0.0,0.0,0.0,0.0,0.0,0.0,0.0,0.00647324975579977
main,dense,timestamps,0.05,11,1.0,0.0,1.0,0.0,0.0,0.0,0.0,0.0,0.0,0.0,0.0,0.00660379184409976
main,dense,timestamps,0.05,12,1.0,0.0,1.0,0.0,0.0,0.0,0.0,0.0,0.0,0.0,0.0,0.006759833078831434
main,dense,timestamps,0.05,13,1.0,0.0,1.0,0.0,0.0,0.0,0.0,0.0,0.0,0.0,0.0,0.006752292159944773
main,dense,timestamps,0.05,14,1.0,0.0,1.0,0.0,0.0,0.0,0.0,0.0,0.0,0.0,0.0,0.0066187093034386635
main,dense,timestamps,0.05,15,1.0,0.0,1.0,0.0,0.0,0.0,0.0,0.0,0.0,0.0,0.0,0.006922582630068064
main,dense,timestamps,0.05,16,1.0,0.0,1.0,0.0,0.0,0.0,0.0,0.0,0.0,0.0,0.0,0.007191124837845564
main,dense,timestamps,0.05,17,1.0,0.0,1.0,0.0,0.0,0.0,0.0,0.0,0.0,0.0,0.0,0.008336415980011225
main,dense,timestamps,0.05,18,1.0,0.0,1.0,0.0,0.0,0.0,0.0,0.0,0.0,0.0,0.0,0.006436875090003014
main,dense,timestamps,0.05,19,1.0,0.0,1.0,0.0,0.0,0.0,0.0,0.0,0.0,0.0,0.0,0.0064116669818758965
main,dense,timestamps,0.1,0,1.0,0.0,1.0,0.0,0.0,0.0,0.0,0.0,0.0,0.0,0.0,0.006716541945934296
main,dense,timestamps,0.1,1,1.0,0.0,1.0,0.0,0.0,0.0,0.0,0.0,0.0,0.0,0.0,0.006221875082701445
main,dense,timestamps,0.1,2,1.0,0.0,1.0,0.0,0.0,0.0,0.0,0.0,0.0,0.0,0.0,0.006188665982335806
main,dense,timestamps,0.1,3,1.0,0.0,1.0,0.0,0.0,0.0,0.0,0.0,0.0,0.0,0.0,0.006585708819329739
main,dense,timestamps,0.1,4,1.0,0.0,1.0,0.0,0.0,0.0,0.0,0.0,0.0,0.0,0.0,0.006868874654173851
main,dense,timestamps,0.1,5,1.0,0.0,1.0,0.0,0.0,0.0,0.0,0.0,0.0,0.0,0.0,0.006245958153158426
main,dense,timestamps,0.1,6,1.0,0.0,1.0,0.0,0.0,0.0,0.0,0.0,0.0,0.0,0.0,0.006697291973978281
main,dense,timestamps,0.1,7,1.0,0.0,1.0,0.0,0.0,0.0,0.0,0.0,0.0,0.0,0.0,0.006286167073994875
main,dense,timestamps,0.1,8,1.0,0.0,1.0,0.0,0.0,0.0,0.0,0.0,0.0,0.0,0.0,0.006581916939467192
main,dense,timestamps,0.1,9,1.0,0.0,1.0,0.0,0.0,0.0,0.0,0.0,0.0,0.0,0.0,0.006970791146159172
main,dense,timestamps,0.1,10,1.0,0.0,1.0,0.0,0.0,0.0,0.0,0.0,0.0,0.0,0.0,0.006246292032301426
main,dense,timestamps,0.1,11,1.0,0.0,1.0,0.0,0.0,0.0,0.0,0.0,0.0,0.0,0.0,0.006590249948203564
main,dense,timestamps,0.1,12,1.0,0.0,1.0,0.0,0.0,0.0,0.0,0.0,0.0,0.0,0.0,0.00679887505248189
main,dense,timestamps,0.1,13,1.0,0.0,1.0,0.0,0.0,0.0,0.0,0.0,0.0,0.0,0.0,0.006739291828125715
main,dense,timestamps,0.1,14,1.0,0.0,1.0,0.0,0.0,0.0,0.0,0.0,0.0,0.0,0.0,0.006286167073994875
main,dense,timestamps,0.1,15,1.0,0.0,1.0,0.0,0.0,0.0,0.0,0.0,0.0,0.0,0.0,0.006557041313499212
main,dense,timestamps,0.1,16,1.0,0.0,1.0,0.0,0.0,0.0,0.0,0.0,0.0,0.0,0.0,0.006307249888777733
main,dense,timestamps,0.1,17,1.0,0.0,1.0,0.0,0.0,0.0,0.0,0.0,0.0,0.0,0.0,0.006762709002941847
main,dense,timestamps,0.1,18,1.0,0.0,1.0,0.0,0.0,0.0,0.0,0.0,0.0,0.0,0.0,0.00609245803207159
main,dense,timestamps,0.1,19,1.0,0.0,1.0,0.0,0.0,0.0,0.0,0.0,0.0,0.0,0.0,0.006494458764791489
main,dense,timestamps,0.2,0,1.0,0.0,1.0,0.0,0.0,0.0,0.0,0.0,0.0,0.0,0.0,0.006320999935269356
main,dense,timestamps,0.2,1,1.0,0.0,1.0,0.0,0.0,0.0,0.0,0.0,0.0,0.0,0.0,0.006620500236749649
main,dense,timestamps,0.2,2,1.0,0.0,1.0,0.0,0.0,0.0,0.0,0.0,0.0,0.0,0.0,0.0064972080290317535
main,dense,timestamps,0.2,3,1.0,0.0,1.0,0.0,0.0,0.0,0.0,0.0,0.0,0.0,0.0,0.006304292008280754
main,dense,timestamps,0.2,4,1.0,0.0,1.0,0.0,0.0,0.0,0.0,0.0,0.0,0.0,0.0,0.006500625051558018
main,dense,timestamps,0.2,5,1.0,0.0,1.0,0.0,0.0,0.0,0.0,0.0,0.0,0.0,0.0,0.006481667049229145
main,dense,timestamps,0.2,6,1.0,0.0,1.0,0.0,0.0,0.0,0.0,0.0,0.0,0.0,0.0,0.006565249990671873
main,dense,timestamps,0.2,7,1.0,0.0,1.0,0.0,0.0,0.0,0.0,0.0,0.0,0.0,0.0,0.006260833237320185
main,dense,timestamps,0.2,8,1.0,0.0,1.0,0.0,0.0,0.0,0.0,0.0,0.0,0.0,0.0,0.006458749994635582
main,dense,timestamps,0.2,9,1.0,0.0,1.0,0.0,0.0,0.0,0.0,0.0,0.0,0.0,0.0,0.006607792340219021
main,dense,timestamps,0.2,10,1.0,0.0,1.0,0.0,0.0,0.0,0.0,0.0,0.0,0.0,0.0,0.0069207497872412205
main,dense,timestamps,0.2,11,1.0,0.0,1.0,0.0,0.0,0.0,0.0,0.0,0.0,0.0,0.0,0.0062882499769330025
main,dense,timestamps,0.2,12,1.0,0.0,1.0,0.0,0.0,0.0,0.0,0.0,0.0,0.0,0.0,0.006477583199739456
main,dense,timestamps,0.2,13,1.0,0.0,1.0,0.0,0.0,0.0,0.0,0.0,0.0,0.0,0.0,0.006516375113278627
main,dense,timestamps,0.2,14,1.0,0.0,1.0,0.0,0.0,0.0,0.0,0.0,0.0,0.0,0.0,0.006334416102617979
main,dense,timestamps,0.2,15,1.0,0.0,1.0,0.0,0.0,0.0,0.0,0.0,0.0,0.0,0.0,0.006559041794389486
main,dense,timestamps,0.2,16,1.0,0.0,1.0,0.0,0.0,0.0,0.0,0.0,0.0,0.0,0.0,0.006220624782145023
main,dense,timestamps,0.2,17,1.0,0.0,1.0,0.0,0.0,0.0,0.0,0.0,0.0,0.0,0.0,0.006656167097389698
main,dense,timestamps,0.2,18,1.0,0.0,1.0,0.0,0.0,0.0,0.0,0.0,0.0,0.0,0.0,0.006417291704565287
main,dense,timestamps,0.2,19,1.0,0.0,1.0,0.0,0.0,0.0,0.0,0.0,0.0,0.0,0.0,0.006283916067332029
main,dense,timestamps,0.4,0,1.0,0.0,1.0,0.0,0.0,0.0,0.0,0.0,0.0,0.0,0.0,0.006068082991987467
main,dense,timestamps,0.4,1,1.0,0.0,1.0,0.0,0.0,0.0,0.0,0.0,0.0,0.0,0.0,0.00616687536239624
main,dense,timestamps,0.4,2,1.0,0.0,1.0,0.0,0.0,0.0,0.0,0.0,0.0,0.0,0.0,0.006250417325645685
main,dense,timestamps,0.4,3,1.0,0.0,1.0,0.0,0.0,0.0,0.0,0.0,0.0,0.0,0.0,0.006406040862202644
main,dense,timestamps,0.4,4,1.0,0.0,1.0,0.0,0.0,0.0,0.0,0.0,0.0,0.0,0.0,0.006942042149603367
main,dense,timestamps,0.4,5,1.0,0.0,1.0,0.0,0.0,0.0,0.0,0.0,0.0,0.0,0.0,0.006364667322486639
main,dense,timestamps,0.4,6,1.0,0.0,1.0,0.0,0.0,0.0,0.0,0.0,0.0,0.0,0.0,0.006162041798233986
main,dense,timestamps,0.4,7,1.0,0.0,1.0,0.0,0.0,0.0,0.0,0.0,0.0,0.0,0.0,0.006344333756715059
main,dense,timestamps,0.4,8,1.0,0.0,1.0,0.0,0.0,0.0,0.0,0.0,0.0,0.0,0.0,0.006660208106040955
main,dense,timestamps,0.4,9,1.0,0.0,1.0,0.0,0.0,0.0,0.0,0.0,0.0,0.0,0.0,0.006161374971270561
main,dense,timestamps,0.4,10,1.0,0.0,1.0,0.0,0.0,0.0,0.0,0.0,0.0,0.0,0.0,0.006765458267182112
main,dense,timestamps,0.4,11,1.0,0.0,1.0,0.0,0.0,0.0,0.0,0.0,0.0,0.0,0.0,0.006324750371277332
main,dense,timestamps,0.4,12,1.0,0.0,1.0,0.0,0.0,0.0,0.0,0.0,0.0,0.0,0.0,0.006567332893610001
main,dense,timestamps,0.4,13,1.0,0.0,1.0,0.0,0.0,0.0,0.0,0.0,0.0,0.0,0.0,0.006711208261549473
main,dense,timestamps,0.4,14,1.0,0.0,1.0,0.0,0.0,0.0,0.0,0.0,0.0,0.0,0.0,0.006867541000247002
main,dense,timestamps,0.4,15,1.0,0.0,1.0,0.0,0.0,0.0,0.0,0.0,0.0,0.0,0.0,0.006131666712462902
main,dense,timestamps,0.4,16,1.0,0.0,1.0,0.0,0.0,0.0,0.0,0.0,0.0,0.0,0.0,0.006123499944806099
main,dense,timestamps,0.4,17,1.0,0.0,1.0,0.0,0.0,0.0,0.0,0.0,0.0,0.0,0.0,0.006757915951311588
main,dense,timestamps,0.4,18,1.0,0.0,1.0,0.0,0.0,0.0,0.0,0.0,0.0,0.0,0.0,0.006819375324994326
main,dense,timestamps,0.4,19,1.0,0.0,1.0,0.0,0.0,0.0,0.0,0.0,0.0,0.0,0.0,0.0064967917278409
main,dense,ids_plus_timestamps,0.0,0,1.0,0.0,1.0,0.0,0.0,0.0,0.0,0.0,0.0,0.0,0.0,0.0067012496292591095
main,dense,ids_plus_timestamps,0.0,1,1.0,0.0,1.0,0.0,0.0,0.0,0.0,0.0,0.0,0.0,0.0,0.006122000049799681
main,dense,ids_plus_timestamps,0.0,2,1.0,0.0,1.0,0.0,0.0,0.0,0.0,0.0,0.0,0.0,0.0,0.006664542015641928
main,dense,ids_plus_timestamps,0.0,3,1.0,0.0,1.0,0.0,0.0,0.0,0.0,0.0,0.0,0.0,0.0,0.006604624912142754
main,dense,ids_plus_timestamps,0.0,4,1.0,0.0,1.0,0.0,0.0,0.0,0.0,0.0,0.0,0.0,0.0,0.006415083073079586
main,dense,ids_plus_timestamps,0.0,5,1.0,0.0,1.0,0.0,0.0,0.0,0.0,0.0,0.0,0.0,0.0,0.006309375166893005
main,dense,ids_plus_timestamps,0.0,6,1.0,0.0,1.0,0.0,0.0,0.0,0.0,0.0,0.0,0.0,0.0,0.006388874724507332
main,dense,ids_plus_timestamps,0.0,7,1.0,0.0,1.0,0.0,0.0,0.0,0.0,0.0,0.0,0.0,0.0,0.006353875156491995
main,dense,ids_plus_timestamps,0.0,8,1.0,0.0,1.0,0.0,0.0,0.0,0.0,0.0,0.0,0.0,0.0,0.006262457929551601
main,dense,ids_plus_timestamps,0.0,9,1.0,0.0,1.0,0.0,0.0,0.0,0.0,0.0,0.0,0.0,0.0,0.006094458047300577
main,dense,ids_plus_timestamps,0.0,10,1.0,0.0,1.0,0.0,0.0,0.0,0.0,0.0,0.0,0.0,0.0,0.006414209026843309
main,dense,ids_plus_timestamps,0.0,11,1.0,0.0,1.0,0.0,0.0,0.0,0.0,0.0,0.0,0.0,0.0,0.006642958149313927
main,dense,ids_plus_timestamps,0.0,12,1.0,0.0,1.0,0.0,0.0,0.0,0.0,0.0,0.0,0.0,0.0,0.006268666125833988
main,dense,ids_plus_timestamps,0.0,13,1.0,0.0,1.0,0.0,0.0,0.0,0.0,0.0,0.0,0.0,0.0,0.006630667019635439
main,dense,ids_plus_timestamps,0.0,14,1.0,0.0,1.0,0.0,0.0,0.0,0.0,0.0,0.0,0.0,0.0,0.006657709367573261
main,dense,ids_plus_timestamps,0.0,15,1.0,0.0,1.0,0.0,0.0,0.0,0.0,0.0,0.0,0.0,0.0,0.006412249989807606
main,dense,ids_plus_timestamps,0.0,16,1.0,0.0,1.0,0.0,0.0,0.0,0.0,0.0,0.0,0.0,0.0,0.006973207928240299
main,dense,ids_plus_timestamps,0.0,17,1.0,0.0,1.0,0.0,0.0,0.0,0.0,0.0,0.0,0.0,0.0,0.006305375136435032
main,dense,ids_plus_timestamps,0.0,18,1.0,0.0,1.0,0.0,0.0,0.0,0.0,0.0,0.0,0.0,0.0,0.006125458981841803
main,dense,ids_plus_timestamps,0.0,19,1.0,0.0,1.0,0.0,0.0,0.0,0.0,0.0,0.0,0.0,0.0,0.006373874843120575
main,dense,ids_plus_timestamps,0.01,0,0.99875,0.00125,0.9975,0.0,0.006666666666666667,0.0011111111111111111,0.006666666666666667,1.0,0.016666666666666666,0.3333333333333333,0.35,0.006583999842405319
main,dense,ids_plus_timestamps,0.01,1,0.9979166666666667,0.0020833333333333333,0.9958333333333333,0.0,0.01,0.0016666666666666668,0.01,1.5,0.025,0.5,0.525,0.006432957947254181
main,dense,ids_plus_timestamps,0.01,2,0.9970833333333333,0.002916666666666667,0.9941666666666666,0.0,0.0125,0.0020833333333333333,0.013333333333333334,2.0,0.03333333333333333,0.625,0.6583333333333333,0.0067153326235711575
main,dense,ids_plus_timestamps,0.01,3,0.9975,0.0025,0.995,0.0,0.010833333333333334,0.0018055555555555555,0.011666666666666667,1.75,0.029166666666666667,0.5416666666666666,0.5708333333333333,0.007127624936401844
main,dense,ids_plus_timestamps,0.01,4,0.9975,0.0020842017507294707,0.995,0.0,0.0075,0.00125,0.0075,1.0,0.0175,0.375,0.3925,0.006370041985064745
main,dense,ids_plus_timestamps,0.01,5,0.9979166666666667,0.0020833333333333333,0.9958333333333333,0.0,0.0075,0.00125,0.008333333333333333,1.25,0.020833333333333332,0.375,0.3958333333333333,0.006284958682954311
main,dense,ids_plus_timestamps,0.01,6,0.9970833333333333,0.002916666666666667,0.9941666666666666,0.0,0.011666666666666667,0.0019444444444444444,0.013333333333333334,2.0,0.03333333333333333,0.5833333333333334,0.6166666666666667,0.006715042050927877
main,dense,ids_plus_timestamps,0.01,7,0.9970833333333333,0.002916666666666667,0.9941666666666666,0.0,0.014166666666666666,0.002361111111111111,0.015,2.25,0.0375,0.7083333333333334,0.7458333333333333,0.0071814581751823425
main,dense,ids_plus_timestamps,0.01,8,0.9983333333333333,0.0016666666666666668,0.9966666666666667,0.0,0.011666666666666667,0.0019444444444444444,0.0125,1.875,0.03125,0.5833333333333334,0.6145833333333334,0.0068508330732584
main,dense,ids_plus_timestamps,0.01,9,0.9970833333333333,0.002916666666666667,0.9941666666666666,0.0,0.015,0.0025,0.0175,2.625,0.04375,0.75,0.79375,0.008281332906335592
main,dense,ids_plus_timestamps,0.01,10,0.9979166666666667,0.0020833333333333333,0.9958333333333333,0.0,0.0125,0.0020833333333333333,0.013333333333333334,2.0,0.03333333333333333,0.625,0.6583333333333333,0.007679332979023457
main,dense,ids_plus_timestamps,0.01,11,0.99875,0.00125,0.9975,0.0,0.009166666666666667,0.0015277777777777779,0.009166666666666667,1.375,0.022916666666666665,0.4583333333333333,0.48125,0.0064968327060341835
main,dense,ids_plus_timestamps,0.01,12,0.99875,0.00125,0.9975,0.0,0.006666666666666667,0.0011111111111111111,0.006666666666666667,1.0,0.016666666666666666,0.3333333333333333,0.35,0.0067122080363333225
main,dense,ids_plus_timestamps,0.01,13,0.9975,0.0020842017507294707,0.995,0.0,0.008333333333333333,0.001388888888888889,0.009166666666666667,1.25,0.021666666666666667,0.4166666666666667,0.43833333333333335,0.006927541922777891
main,dense,ids_plus_timestamps,0.01,14,0.9983333333333333,0.0012505210504376823,0.9966666666666667,0.0,0.0075,0.00125,0.0075,1.0,0.0175,0.375,0.3925,0.006356582976877689
main,dense,ids_plus_timestamps,0.01,15,0.9970833333333333,0.002916666666666667,0.9941666666666666,0.0,0.010833333333333334,0.0018055555555555555,0.010833333333333334,1.625,0.027083333333333334,0.5416666666666666,0.56875,0.006494834087789059
main,dense,ids_plus_timestamps,0.01,16,0.9968055555555555,0.0027789356676392943,0.9941666666666666,0.0,0.014166666666666666,0.002361111111111111,0.014166666666666666,2.0,0.034166666666666665,0.7083333333333334,0.7425,0.00684387469664216
main,dense,ids_plus_timestamps,0.01,17,0.9979166666666667,0.0016673614005835765,0.9958333333333333,0.0,0.011666666666666667,0.0019444444444444444,0.011666666666666667,1.625,0.027916666666666666,0.5833333333333334,0.61125,0.0068423752672970295
main,dense,ids_plus_timestamps,0.01,18,0.9995833333333334,0.0004166666666666667,0.9991666666666666,0.0,0.004166666666666667,0.0006944444444444445,0.004166666666666667,0.625,0.010416666666666666,0.20833333333333334,0.21875,0.006176417227834463
main,dense,ids_plus_timestamps,0.01,19,0.9966666666666667,0.0033333333333333335,0.9933333333333333,0.0,0.01,0.0016666666666666668,0.010833333333333334,1.625,0.027083333333333334,0.5,0.5270833333333333,0.0064955828711390495
main,dense,ids_plus_timestamps,0.05,0,0.98375,0.011996094294880737,0.9691666666666666,0.0,0.05333333333333334,0.008888888888888889,0.058333333333333334,7.625,0.13458333333333333,2.6666666666666665,2.80125,0.008130665868520737
main,dense,ids_plus_timestamps,0.05,1,0.9855555555555555,0.012386917188587334,0.9725,0.0,0.06,0.01,0.06166666666666667,8.75,0.14916666666666667,3.0,3.1491666666666664,0.007637332659214735
main,dense,ids_plus_timestamps,0.05,2,0.9888888888888889,0.009735744089012517,0.9783333333333334,0.0,0.058333333333333334,0.009722222222222222,0.06,8.5,0.145,2.9166666666666665,3.0616666666666665,0.008016124833375216
main,dense,ids_plus_timestamps,0.05,3,0.9854166666666667,0.01293823038397329,0.9725,0.0,0.06666666666666667,0.01125,0.07,10.0,0.17,3.375,3.545,0.008894332684576511
main,dense,ids_plus_timestamps,0.05,4,0.9838888888888889,0.01474269819193324,0.9691666666666666,0.0,0.06166666666666667,0.010277777777777778,0.06333333333333334,9.125,0.15458333333333332,3.0833333333333335,3.2379166666666666,0.007960374932736158
main,dense,ids_plus_timestamps,0.05,5,0.99375,0.005835764902042517,0.9875,0.0,0.0525,0.00875,0.056666666666666664,8.375,0.14041666666666666,2.625,2.765416666666667,0.008029541932046413
main,dense,ids_plus_timestamps,0.05,6,0.9884722222222222,0.010703363914373088,0.9775,0.0,0.049166666666666664,0.008194444444444445,0.051666666666666666,7.5,0.12666666666666668,2.4583333333333335,2.585,0.007743749767541885
main,dense,ids_plus_timestamps,0.05,7,0.9823611111111111,0.014628030091947618,0.9666666666666667,0.0,0.06,0.01,0.06333333333333334,8.75,0.15083333333333335,3.0,3.1508333333333334,0.007966583129018545
main,dense,ids_plus_timestamps,0.05,8,0.9869444444444444,0.011682892906815021,0.9741666666666666,0.0,0.058333333333333334,0.01,0.065,9.25,0.1575,3.0,3.1575,0.007871291134506464
main,dense,ids_plus_timestamps,0.05,9,0.9834722222222222,0.015296898901404534,0.9675,0.0,0.06,0.01,0.06166666666666667,8.875,0.15041666666666667,3.0,3.1504166666666666,0.0081431670114398
main,dense,ids_plus_timestamps,0.05,10,0.9881944444444445,0.010568766513697678,0.9791666666666666,0.0,0.05,0.00875,0.05333333333333334,7.625,0.12958333333333333,2.625,2.754583333333333,0.008398332633078098
main,dense,ids_plus_timestamps,0.05,11,0.9876388888888888,0.011949423370848965,0.9758333333333333,0.0,0.058333333333333334,0.009722222222222222,0.06416666666666666,9.5,0.15916666666666668,2.9166666666666665,3.075833333333333,0.00875404104590416
main,dense,ids_plus_timestamps,0.05,12,0.9891666666666666,0.00835421888053467,0.9808333333333333,0.0,0.055,0.009166666666666667,0.05583333333333333,7.75,0.13333333333333333,2.75,2.8833333333333333,0.007438874803483486
main,dense,ids_plus_timestamps,0.05,13,0.9883333333333333,0.009603340292275574,0.9775,0.0,0.056666666666666664,0.009583333333333333,0.060833333333333336,8.5,0.14583333333333334,2.875,3.0208333333333335,0.007715540938079357
main,dense,ids_plus_timestamps,0.05,14,0.9848611111111111,0.013906271728549576,0.9716666666666667,0.0,0.058333333333333334,0.009722222222222222,0.058333333333333334,8.375,0.14208333333333334,2.9166666666666665,3.05875,0.008383374661207199
main,dense,ids_plus_timestamps,0.05,15,0.9831944444444445,0.013929516645772392,0.9683333333333334,0.0,0.06666666666666667,0.011111111111111112,0.07,9.75,0.1675,3.3333333333333335,3.5008333333333335,0.008156375028192997
main,dense,ids_plus_timestamps,0.05,16,0.9818055555555556,0.017375590770086182,0.9658333333333333,0.0,0.0675,0.011527777777777777,0.0725,10.75,0.18,3.4583333333333335,3.638333333333333,0.00852695805951953
main,dense,ids_plus_timestamps,0.05,17,0.985,0.01376720901126408,0.9708333333333333,0.0,0.06,0.01,0.060833333333333336,8.75,0.14833333333333334,3.0,3.1483333333333334,0.008037041407078505
main,dense,ids_plus_timestamps,0.05,18,0.9865277777777778,0.012237519121123627,0.9741666666666666,0.0,0.056666666666666664,0.009444444444444445,0.06,8.625,0.14625,2.8333333333333335,2.9795833333333333,0.011132375337183475
main,dense,ids_plus_timestamps,0.05,19,0.98625,0.012378303198887344,0.9741666666666666,0.0,0.06,0.010277777777777778,0.065,9.375,0.15875,3.0833333333333335,3.2420833333333334,0.00936300028115511
main,dense,ids_plus_timestamps,0.1,0,0.9641666666666666,0.026230887922569786,0.9383333333333334,0.0,0.13083333333333333,0.023055555555555555,0.13916666666666666,18.375,0.3229166666666667,6.916666666666667,7.239583333333333,0.010704665910452604
main,dense,ids_plus_timestamps,0.1,1,0.9609722222222222,0.027547434996486295,0.935,0.0,0.13333333333333333,0.023333333333333334,0.145,19.0,0.335,7.0,7.335,0.010202624835073948
main,dense,ids_plus_timestamps,0.1,2,0.9631944444444445,0.02748562613939139,0.935,0.0,0.12083333333333333,0.020972222222222222,0.12833333333333333,17.125,0.2995833333333333,6.291666666666667,6.59125,0.009324624668806791
main,dense,ids_plus_timestamps,0.1,3,0.9631944444444445,0.0273492286115007,0.9341666666666667,0.0,0.1325,0.02263888888888889,0.1425,19.0,0.3325,6.791666666666667,7.1241666666666665,0.009619250427931547
main,dense,ids_plus_timestamps,0.1,4,0.96875,0.024748322147651006,0.9466666666666667,0.0,0.12666666666666668,0.02277777777777778,0.14583333333333334,20.25,0.34833333333333333,6.833333333333333,7.181666666666667,0.01025583315640688
main,dense,ids_plus_timestamps,0.1,5,0.9633333333333334,0.027890679747722493,0.9325,0.0,0.12166666666666667,0.02125,0.1375,18.25,0.32,6.375,6.695,0.009280833881348372
main,dense,ids_plus_timestamps,0.1,6,0.9701388888888889,0.02457757296466974,0.9483333333333334,0.0,0.11416666666666667,0.01986111111111111,0.1225,17.0,0.2925,5.958333333333333,6.2508333333333335,0.010111165698617697
main,dense,ids_plus_timestamps,0.1,7,0.9673611111111111,0.02682688277211122,0.9433333333333334,0.0,0.12333333333333334,0.021111111111111112,0.1325,18.5,0.3175,6.333333333333333,6.650833333333333,0.009727166965603828
main,dense,ids_plus_timestamps,0.1,8,0.9627777777777777,0.02776998597475456,0.9325,0.0,0.12583333333333332,0.021527777777777778,0.13083333333333333,17.0,0.30083333333333334,6.458333333333333,6.759166666666666,0.009619833901524544
main,dense,ids_plus_timestamps,0.1,9,0.9593055555555555,0.031955150665732304,0.9275,0.0,0.14,0.02375,0.15166666666666667,20.25,0.3541666666666667,7.125,7.479166666666667,0.009975500404834747
main,dense,ids_plus_timestamps,0.1,10,0.96375,0.02828735471222518,0.935,0.0,0.1325,0.022916666666666665,0.13916666666666666,18.75,0.32666666666666666,6.875,7.201666666666667,0.01010945811867714
main,dense,ids_plus_timestamps,0.1,11,0.97,0.02348993288590604,0.9475,0.0,0.13666666666666666,0.023194444444444445,0.15083333333333335,20.875,0.3595833333333333,6.958333333333333,7.317916666666667,0.010621957946568727
main,dense,ids_plus_timestamps,0.1,12,0.9679166666666666,0.02258064516129032,0.9441666666666667,0.0,0.12666666666666668,0.021666666666666667,0.135,17.625,0.31125,6.5,6.81125,0.010209708008915186
main,dense,ids_plus_timestamps,0.1,13,0.9684722222222222,0.022156780255223673,0.9441666666666667,0.0,0.1225,0.021944444444444444,0.14,18.875,0.32875,6.583333333333333,6.912083333333333,0.010025375057011843
main,dense,ids_plus_timestamps,0.1,14,0.9716666666666667,0.02194883265762617,0.9508333333333333,0.0,0.11666666666666667,0.01972222222222222,0.1275,17.375,0.30125,5.916666666666667,6.2179166666666665,0.009845083113759756
main,dense,ids_plus_timestamps,0.1,15,0.9690277777777778,0.023102772332679922,0.9425,0.0,0.12166666666666667,0.02125,0.13416666666666666,17.875,0.3129166666666667,6.375,6.687916666666666,0.009764540940523148
main,dense,ids_plus_timestamps,0.1,16,0.96625,0.02780883174958077,0.94,0.0,0.135,0.023333333333333334,0.15166666666666667,21.25,0.3641666666666667,7.0,7.364166666666667,0.010071082971990108
main,dense,ids_plus_timestamps,0.1,17,0.9619444444444445,0.026016031500492195,0.9333333333333333,0.0,0.13083333333333333,0.022916666666666665,0.14583333333333334,18.875,0.33458333333333334,6.875,7.209583333333334,0.00930929183959961
main,dense,ids_plus_timestamps,0.1,18,0.9663888888888889,0.024260272051605667,0.9441666666666667,0.0,0.13583333333333333,0.023194444444444445,0.14,18.5,0.325,6.958333333333333,7.283333333333333,0.010384625289589167
main,dense,ids_plus_timestamps,0.1,19,0.9779166666666667,0.019086096405684035,0.9575,0.0,0.12,0.020416666666666666,0.13,18.625,0.31625,6.125,6.44125,0.00975224981084466
main,dense,ids_plus_timestamps,0.2,0,0.8948611111111111,0.07241577886553412,0.83,0.0,0.27666666666666667,0.051805555555555556,0.32083333333333336,40.125,0.7220833333333333,15.541666666666666,16.26375,0.012616625055670738
main,dense,ids_plus_timestamps,0.2,1,0.8930555555555556,0.0673049028140412,0.8208333333333333,0.0,0.28833333333333333,0.05444444444444444,0.3275,38.5,0.7125,16.333333333333332,17.045833333333334,0.012416458688676357
main,dense,ids_plus_timestamps,0.2,2,0.8938888888888888,0.06697593505363873,0.8175,0.0,0.3075,0.057777777777777775,0.35583333333333333,42.75,0.7833333333333333,17.333333333333332,18.116666666666667,0.01392387505620718
main,dense,ids_plus_timestamps,0.2,3,0.885,0.06950934579439252,0.8058333333333333,0.0,0.3308333333333333,0.06027777777777778,0.37,43.875,0.80875,18.083333333333332,18.892083333333332,0.013995625078678131
main,dense,ids_plus_timestamps,0.2,4,0.9009722222222222,0.05821718931475029,0.8391666666666666,0.0,0.29083333333333333,0.05527777777777778,0.33666666666666667,40.125,0.7379166666666667,16.583333333333332,17.32125,0.013954250141978264
main,dense,ids_plus_timestamps,0.2,5,0.8752777777777778,0.07986567382099577,0.7958333333333333,0.0,0.30916666666666665,0.059027777777777776,0.3541666666666667,41.375,0.7679166666666667,17.708333333333332,18.47625,0.014125917106866837
main,dense,ids_plus_timestamps,0.2,6,0.9073611111111111,0.05959406938246725,0.8433333333333334,0.0,0.2733333333333333,0.05125,0.31833333333333336,38.0,0.6983333333333334,15.375,16.073333333333334,0.013582250103354454
main,dense,ids_plus_timestamps,0.2,7,0.9056944444444445,0.06736270022883295,0.8425,0.0,0.2841666666666667,0.051666666666666666,0.325,41.625,0.74125,15.5,16.24125,0.013786457944661379
main,dense,ids_plus_timestamps,0.2,8,0.8981944444444444,0.0666762880646558,0.8258333333333333,0.0,0.31083333333333335,0.058333333333333334,0.3491666666666667,43.125,0.7804166666666666,17.5,18.280416666666667,0.014157583005726337
main,dense,ids_plus_timestamps,0.2,9,0.8876388888888889,0.07737837447668543,0.8175,0.0,0.31083333333333335,0.058055555555555555,0.365,45.75,0.8225,17.416666666666668,18.239166666666666,0.014263707678765059
main,dense,ids_plus_timestamps,0.2,10,0.8858333333333334,0.07080419580419581,0.8125,0.0,0.29,0.05319444444444445,0.3325,38.625,0.71875,15.958333333333334,16.677083333333332,0.01298191724345088
main,dense,ids_plus_timestamps,0.2,11,0.8851388888888889,0.07261350407450524,0.8116666666666666,0.0,0.31,0.057916666666666665,0.35333333333333333,41.25,0.7658333333333334,17.375,18.140833333333333,0.013484083116054535
main,dense,ids_plus_timestamps,0.2,12,0.8983333333333333,0.06612763499855616,0.8333333333333334,0.0,0.2891666666666667,0.05319444444444445,0.32916666666666666,40.125,0.7304166666666667,15.958333333333334,16.68875,0.012665542308241129
main,dense,ids_plus_timestamps,0.2,13,0.9098611111111111,0.054962492787074435,0.8475,0.0,0.26,0.04972222222222222,0.29833333333333334,35.5,0.6533333333333333,14.916666666666666,15.57,0.012999124825000763
main,dense,ids_plus_timestamps,0.2,14,0.9009722222222222,0.07209269060220283,0.8333333333333334,0.0,0.29833333333333334,0.05527777777777778,0.3441666666666667,43.75,0.7816666666666666,16.583333333333332,17.365,0.013941208831965923
main,dense,ids_plus_timestamps,0.2,15,0.8998611111111111,0.0644043321299639,0.83,0.0,0.275,0.050833333333333335,0.31833333333333336,37.75,0.6958333333333333,15.25,15.945833333333333,0.013327917084097862
main,dense,ids_plus_timestamps,0.2,16,0.8970833333333333,0.06607865818392133,0.8316666666666667,0.0,0.2891666666666667,0.05277777777777778,0.33416666666666667,40.5,0.7391666666666666,15.833333333333334,16.5725,0.013256583828479052
main,dense,ids_plus_timestamps,0.2,17,0.9030555555555555,0.06013298641225788,0.8391666666666666,0.0,0.2891666666666667,0.05458333333333333,0.3308333333333333,39.75,0.7283333333333334,16.375,17.10333333333333,0.014013709034770727
main,dense,ids_plus_timestamps,0.2,18,0.9068055555555555,0.05568411917847845,0.845,0.0,0.28833333333333333,0.05388888888888889,0.335,40.375,0.73875,16.166666666666668,16.905416666666667,0.013649166096001863
main,dense,ids_plus_timestamps,0.2,19,0.8890277777777778,0.06799650553290623,0.8191666666666667,0.0,0.2925,0.05430555555555556,0.3408333333333333,39.875,0.7395833333333334,16.291666666666668,17.03125,0.012994999997317791
main,dense,ids_plus_timestamps,0.4,0,0.6340277777777777,0.19045930129455577,0.44666666666666666,0.0,0.6583333333333333,0.15486111111111112,0.8791666666666667,83.625,1.7154166666666666,46.458333333333336,48.17375,0.018803291954100132
main,dense,ids_plus_timestamps,0.4,1,0.6643055555555556,0.17846100996221229,0.49166666666666664,0.0,0.6575,0.15305555555555556,0.8808333333333334,88.25,1.7633333333333334,45.916666666666664,47.68,0.019326624926179647
main,dense,ids_plus_timestamps,0.4,2,0.6461111111111111,0.17663716814159292,0.4775,0.0,0.6491666666666667,0.15166666666666667,0.8458333333333333,80.625,1.6520833333333333,45.5,47.15208333333333,0.018098916858434677
main,dense,ids_plus_timestamps,0.4,3,0.6493055555555556,0.17635658914728683,0.4683333333333333,0.0,0.6608333333333334,0.15486111111111112,0.8933333333333333,87.25,1.7658333333333334,46.458333333333336,48.22416666666667,0.018843916710466146
main,dense,ids_plus_timestamps,0.4,4,0.6609722222222222,0.1694589877835951,0.49666666666666665,0.0,0.6333333333333333,0.14819444444444443,0.8216666666666667,80.25,1.6241666666666668,44.458333333333336,46.0825,0.018148666713386774
main,dense,ids_plus_timestamps,0.4,5,0.6448611111111111,0.1872921407316646,0.4683333333333333,0.0,0.645,0.15472222222222223,0.8741666666666666,85.625,1.7304166666666667,46.416666666666664,48.147083333333335,0.018396875355392694
main,dense,ids_plus_timestamps,0.4,6,0.6727777777777778,0.16698194325021495,0.5,0.0,0.6241666666666666,0.14472222222222222,0.8125,79.875,1.61125,43.416666666666664,45.02791666666667,0.018436875194311142
main,dense,ids_plus_timestamps,0.4,7,0.6494444444444445,0.1766156013382638,0.4825,0.0,0.6366666666666667,0.1527777777777778,0.8441666666666666,81.75,1.6616666666666666,45.833333333333336,47.495,0.018538542091846466
main,dense,ids_plus_timestamps,0.4,8,0.6484722222222222,0.1835985312117503,0.4725,0.0,0.6566666666666666,0.15861111111111112,0.8983333333333333,88.375,1.7820833333333332,47.583333333333336,49.36541666666667,0.019895167089998722
main,dense,ids_plus_timestamps,0.4,9,0.6348611111111111,0.19439548819175184,0.455,0.0,0.6691666666666667,0.1609722222222222,0.8858333333333334,87.0,1.7558333333333334,48.291666666666664,50.0475,0.020413207821547985
main,dense,ids_plus_timestamps,0.4,10,0.6534722222222222,0.17672790901137359,0.4775,0.0,0.6433333333333333,0.15166666666666667,0.8641666666666666,84.75,1.7116666666666667,45.5,47.211666666666666,0.01850116578862071
main,dense,ids_plus_timestamps,0.4,11,0.6605555555555556,0.16867680475441357,0.48333333333333334,0.0,0.6366666666666667,0.14972222222222223,0.8358333333333333,79.75,1.6333333333333333,44.916666666666664,46.55,0.017586542293429375
main,dense,ids_plus_timestamps,0.4,12,0.6409722222222223,0.18304124623827225,0.4633333333333333,0.0,0.6583333333333333,0.15694444444444444,0.8625,83.375,1.69625,47.083333333333336,48.779583333333335,0.018365500029176474
main,dense,ids_plus_timestamps,0.4,13,0.655,0.1816762103071317,0.4816666666666667,0.0,0.6491666666666667,0.15319444444444444,0.8533333333333334,86.125,1.7145833333333333,45.958333333333336,47.672916666666666,0.019259541295468807
main,dense,ids_plus_timestamps,0.4,14,0.6448611111111111,0.1795370206750309,0.47583333333333333,0.0,0.6475,0.15319444444444444,0.8483333333333334,80.75,1.6558333333333333,45.958333333333336,47.61416666666667,0.01833754125982523
main,dense,ids_plus_timestamps,0.4,15,0.6409722222222223,0.18013856812933027,0.4716666666666667,0.0,0.6591666666666667,0.1527777777777778,0.8616666666666667,83.25,1.6941666666666666,45.833333333333336,47.5275,0.01871858397498727
main,dense,ids_plus_timestamps,0.4,16,0.6408333333333334,0.1791496175057819,0.46,0.0,0.66,0.15361111111111111,0.8733333333333333,83.625,1.7095833333333332,46.083333333333336,47.79291666666666,0.018727666698396206
main,dense,ids_plus_timestamps,0.4,17,0.6476388888888889,0.17760141093474427,0.4875,0.0,0.6558333333333334,0.15805555555555556,0.8691666666666666,85.25,1.7216666666666667,47.416666666666664,49.138333333333335,0.01929329102858901
main,dense,ids_plus_timestamps,0.4,18,0.65,0.17909138747588144,0.47833333333333333,0.0,0.65,0.15194444444444444,0.8441666666666666,81.375,1.6579166666666667,45.583333333333336,47.24125,0.01858420902863145
main,dense,ids_plus_timestamps,0.4,19,0.63,0.18695106649937265,0.46,0.0,0.6733333333333333,0.16194444444444445,0.9,88.0,1.78,48.583333333333336,50.36333333333334,0.020154790952801704
main,dense,combined,0.0,0,1.0,0.0,1.0,0.0,0.0,0.0,0.0,0.0,0.0,0.0,0.0,0.006622124928981066
main,dense,combined,0.0,1,1.0,0.0,1.0,0.0,0.0,0.0,0.0,0.0,0.0,0.0,0.0,0.006459416355937719
main,dense,combined,0.0,2,1.0,0.0,1.0,0.0,0.0,0.0,0.0,0.0,0.0,0.0,0.0,0.006815874949097633
main,dense,combined,0.0,3,1.0,0.0,1.0,0.0,0.0,0.0,0.0,0.0,0.0,0.0,0.0,0.006848124787211418
main,dense,combined,0.0,4,1.0,0.0,1.0,0.0,0.0,0.0,0.0,0.0,0.0,0.0,0.0,0.006618625018745661
main,dense,combined,0.0,5,1.0,0.0,1.0,0.0,0.0,0.0,0.0,0.0,0.0,0.0,0.0,0.006633333396166563
main,dense,combined,0.0,6,1.0,0.0,1.0,0.0,0.0,0.0,0.0,0.0,0.0,0.0,0.0,0.006540791131556034
main,dense,combined,0.0,7,1.0,0.0,1.0,0.0,0.0,0.0,0.0,0.0,0.0,0.0,0.0,0.006631750147789717
main,dense,combined,0.0,8,1.0,0.0,1.0,0.0,0.0,0.0,0.0,0.0,0.0,0.0,0.0,0.006606666836887598
main,dense,combined,0.0,9,1.0,0.0,1.0,0.0,0.0,0.0,0.0,0.0,0.0,0.0,0.0,0.00657925009727478
main,dense,combined,0.0,10,1.0,0.0,1.0,0.0,0.0,0.0,0.0,0.0,0.0,0.0,0.0,0.006515000015497208
main,dense,combined,0.0,11,1.0,0.0,1.0,0.0,0.0,0.0,0.0,0.0,0.0,0.0,0.0,0.006540082860738039
main,dense,combined,0.0,12,1.0,0.0,1.0,0.0,0.0,0.0,0.0,0.0,0.0,0.0,0.0,0.006637624930590391
main,dense,combined,0.0,13,1.0,0.0,1.0,0.0,0.0,0.0,0.0,0.0,0.0,0.0,0.0,0.006586750037968159
main,dense,combined,0.0,14,1.0,0.0,1.0,0.0,0.0,0.0,0.0,0.0,0.0,0.0,0.0,0.007023333106189966
main,dense,combined,0.0,15,1.0,0.0,1.0,0.0,0.0,0.0,0.0,0.0,0.0,0.0,0.0,0.0066418335773050785
main,dense,combined,0.0,16,1.0,0.0,1.0,0.0,0.0,0.0,0.0,0.0,0.0,0.0,0.0,0.006506291683763266
main,dense,combined,0.0,17,1.0,0.0,1.0,0.0,0.0,0.0,0.0,0.0,0.0,0.0,0.0,0.006490499712526798
main,dense,combined,0.0,18,1.0,0.0,1.0,0.0,0.0,0.0,0.0,0.0,0.0,0.0,0.0,0.006848999764770269
main,dense,combined,0.0,19,1.0,0.0,1.0,0.0,0.0,0.0,0.0,0.0,0.0,0.0,0.0,0.006193000357598066
main,dense,combined,0.01,0,0.96375,0.033296182780718865,0.93,0.05583333333333333,0.0725,0.015833333333333335,0.08166666666666667,12.086666666666666,0.20253333333333332,4.75,4.952533333333333,0.008810749743133783
main,dense,combined,0.01,1,0.9630555555555556,0.03560500695410292,0.9275,0.0625,0.08333333333333333,0.016805555555555556,0.09083333333333334,13.235,0.22318333333333332,5.041666666666667,5.26485,0.007925125304609537
main,dense,combined,0.01,2,0.9656944444444444,0.0314807076194456,0.9191666666666667,0.06666666666666667,0.09583333333333334,0.02,0.105,15.384166666666667,0.25884166666666675,6.0,6.258841666666667,0.009128875099122524
main,dense,combined,0.01,3,0.9709722222222222,0.027136097968271638,0.9358333333333333,0.0475,0.075,0.015416666666666667,0.085,12.568333333333333,0.21068333333333336,4.625,4.835683333333333,0.008628999814391136
main,dense,combined,0.01,4,0.9715277777777778,0.02603731551099972,0.94,0.051666666666666666,0.07,0.01513888888888889,0.07916666666666666,11.451666666666666,0.19368333333333318,4.541666666666667,4.73535,0.00858354102820158
main,dense,combined,0.01,5,0.9663888888888889,0.030919220055710305,0.935,0.058333333333333334,0.0775,0.016805555555555556,0.08666666666666667,12.685833333333333,0.21352499999999996,5.041666666666667,5.255191666666667,0.00846425024792552
main,dense,combined,0.01,6,0.9627777777777777,0.03494361687317277,0.9233333333333333,0.060833333333333336,0.08916666666666667,0.01875,0.1025,14.933333333333334,0.2518333333333334,5.625,5.876833333333333,0.00909433327615261
main,dense,combined,0.01,7,0.9684722222222222,0.0291005291005291,0.9341666666666667,0.0525,0.08583333333333333,0.017083333333333332,0.08666666666666667,12.5925,0.2125916666666665,5.125,5.3375916666666665,0.008390250150114298
main,dense,combined,0.01,8,0.9593055555555555,0.038156245648238406,0.9208333333333333,0.06833333333333333,0.09,0.019583333333333335,0.10083333333333333,14.898333333333333,0.2498166666666668,5.875,6.124816666666667,0.009266624692827463
main,dense,combined,0.01,9,0.9647222222222223,0.032994570513712934,0.9258333333333333,0.060833333333333336,0.08583333333333333,0.018055555555555554,0.0975,14.279166666666667,0.24029166666666668,5.416666666666667,5.656958333333334,0.008944208268076181
main,dense,combined,0.01,10,0.9594444444444444,0.03868633453938213,0.9275,0.06166666666666667,0.085,0.0175,0.09666666666666666,14.28,0.2394666666666667,5.25,5.489466666666666,0.008978167083114386
main,dense,combined,0.01,11,0.9659722222222222,0.032280506470015305,0.9283333333333333,0.056666666666666664,0.0825,0.0175,0.0925,13.568333333333333,0.2281833333333333,5.25,5.478183333333333,0.008850791957229376
main,dense,combined,0.01,12,0.9634722222222222,0.03451635351426583,0.9275,0.056666666666666664,0.08833333333333333,0.02013888888888889,0.09166666666666666,13.416666666666666,0.22583333333333325,6.041666666666667,6.2675,0.00905141606926918
main,dense,combined,0.01,13,0.9641666666666666,0.03260869565217391,0.9333333333333333,0.050833333333333335,0.07666666666666666,0.017083333333333332,0.08166666666666667,11.954166666666667,0.2012083333333334,5.125,5.326208333333333,0.008791333995759487
main,dense,combined,0.01,14,0.9723611111111111,0.026421916284244194,0.94,0.04833333333333333,0.06416666666666666,0.013333333333333334,0.07166666666666667,10.499166666666667,0.1766583333333333,4.0,4.176658333333333,0.008495915681123734
main,dense,combined,0.01,15,0.9584722222222222,0.0396604508767047,0.9183333333333333,0.06833333333333333,0.0925,0.01902777777777778,0.10333333333333333,15.019166666666667,0.25352500000000006,5.708333333333333,5.961858333333334,0.009122166782617569
main,dense,combined,0.01,16,0.95625,0.042020314456657853,0.9166666666666666,0.06833333333333333,0.08916666666666667,0.01972222222222222,0.1,14.779166666666667,0.24779166666666688,5.916666666666667,6.164458333333334,0.009110457729548216
main,dense,combined,0.01,17,0.9615277777777778,0.034449093444909346,0.9225,0.065,0.09416666666666666,0.01875,0.10083333333333333,14.765,0.24848333333333314,5.625,5.873483333333333,0.008815542329102755
main,dense,combined,0.01,18,0.9641666666666666,0.03408932795324892,0.9291666666666667,0.06,0.08083333333333333,0.016666666666666666,0.08583333333333333,12.5525,0.21135833333333334,5.0,5.211358333333333,0.008509791921824217
main,dense,combined,0.01,19,0.9644444444444444,0.03488533703961084,0.9341666666666667,0.056666666666666664,0.07916666666666666,0.016527777777777777,0.09333333333333334,13.820833333333333,0.23154166666666678,4.958333333333333,5.189875000000001,0.00896149966865778
main,dense,combined,0.05,0,0.8477777777777777,0.13344690516751845,0.7083333333333334,0.24833333333333332,0.33916666666666667,0.08625,0.4116666666666667,56.10583333333334,0.9727250000000012,25.875,26.847725,0.015055208932608366
main,dense,combined,0.05,1,0.8372222222222222,0.1473833097595474,0.695,0.25583333333333336,0.3541666666666667,0.08527777777777777,0.4533333333333333,62.098333333333336,1.074316666666669,25.583333333333332,26.657650000000004,0.015543334186077118
main,dense,combined,0.05,2,0.8347222222222223,0.15196839283194583,0.6783333333333333,0.265,0.35583333333333333,0.08902777777777778,0.4558333333333333,62.1575,1.0774083333333357,26.708333333333332,27.785741666666667,0.015274082776159048
main,dense,combined,0.05,3,0.8377777777777777,0.14729997172745266,0.6683333333333333,0.2675,0.37666666666666665,0.08791666666666667,0.4633333333333333,61.91,1.0824333333333358,26.375,27.457433333333338,0.01525162486359477
main,dense,combined,0.05,4,0.8476388888888889,0.13616418966737437,0.6975,0.25416666666666665,0.3433333333333333,0.08333333333333333,0.435,58.29416666666667,1.0179416666666679,25.0,26.01794166666667,0.0142963333055377
main,dense,combined,0.05,5,0.8298611111111112,0.1536827195467422,0.6675,0.27666666666666667,0.3725,0.09194444444444444,0.475,64.27833333333334,1.1177833333333353,27.583333333333332,28.70111666666667,0.015912124887108803
main,dense,combined,0.05,6,0.8245833333333333,0.15894602634934127,0.6708333333333333,0.29,0.365,0.0926388888888889,0.44583333333333336,59.97083333333333,1.0455416666666695,27.791666666666668,28.837208333333333,0.015529416967183352
main,dense,combined,0.05,7,0.8363888888888888,0.14762915782024064,0.6858333333333333,0.2575,0.35083333333333333,0.08597222222222223,0.45416666666666666,61.17916666666667,1.065958333333336,25.791666666666668,26.857625000000002,0.015247250441461802
main,dense,combined,0.05,8,0.8355555555555556,0.1438736302831934,0.6783333333333333,0.27416666666666667,0.3616666666666667,0.08763888888888889,0.4583333333333333,61.47,1.073033333333331,26.291666666666668,27.3647,0.016173625364899635
main,dense,combined,0.05,9,0.8270833333333333,0.15195101110794645,0.675,0.2783333333333333,0.3675,0.0925,0.47,63.85333333333333,1.1085333333333365,27.75,28.858533333333337,0.016286874655634165
main,dense,combined,0.05,10,0.8402777777777778,0.14463452566096424,0.6941666666666667,0.2575,0.3466666666666667,0.08402777777777778,0.43833333333333335,59.8375,1.0367083333333353,25.208333333333332,26.24504166666667,0.015754916705191135
main,dense,combined,0.05,11,0.8516666666666667,0.13304114237240208,0.7175,0.235,0.32083333333333336,0.07736111111111112,0.3975,53.494166666666665,0.9324416666666675,23.208333333333332,24.140775,0.014543166849762201
main,dense,combined,0.05,12,0.8445833333333334,0.14037319762510603,0.705,0.25083333333333335,0.335,0.08305555555555555,0.4275,58.5775,1.013275000000003,24.916666666666668,25.92994166666667,0.015256458893418312
main,dense,combined,0.05,13,0.8379166666666666,0.14340479909129633,0.6808333333333333,0.2791666666666667,0.3641666666666667,0.08805555555555555,0.44333333333333336,59.86833333333333,1.042016666666667,26.416666666666668,27.458683333333333,0.015299290884286165
main,dense,combined,0.05,14,0.8238888888888889,0.1598923665203229,0.6658333333333334,0.28583333333333333,0.37416666666666665,0.09097222222222222,0.44583333333333336,59.93083333333333,1.0451416666666693,27.291666666666668,28.336808333333337,0.014948958065360785
main,dense,combined,0.05,15,0.84625,0.138676844783715,0.6975,0.2525,0.3466666666666667,0.08527777777777777,0.43833333333333335,59.755833333333335,1.035891666666667,25.583333333333332,26.619225,0.015954958740621805
main,dense,combined,0.05,16,0.8352777777777778,0.14936350777934937,0.6741666666666667,0.26166666666666666,0.37083333333333335,0.08611111111111111,0.46166666666666667,61.92333333333333,1.0809000000000042,25.833333333333332,26.91423333333334,0.014873083215206861
main,dense,combined,0.05,17,0.8473611111111111,0.13534580498866214,0.6975,0.26,0.355,0.08611111111111111,0.43,57.81666666666667,1.0081666666666687,25.833333333333332,26.841500000000003,0.01415754109621048
main,dense,combined,0.05,18,0.8469444444444445,0.1367497168742922,0.6975,0.24,0.3425,0.07791666666666666,0.42083333333333334,56.89083333333333,0.9897416666666686,23.375,24.364741666666667,0.014409082941710949
main,dense,combined,0.05,19,0.8448611111111111,0.13899504600141543,0.6966666666666667,0.24833333333333332,0.35083333333333333,0.08611111111111111,0.45,61.096666666666664,1.0609666666666668,25.833333333333332,26.8943,0.015435582958161831
main,dense,combined,0.1,0,0.7004166666666667,0.263042525208242,0.43333333333333335,0.4875,0.6291666666666667,0.17833333333333334,0.9175,113.02083333333333,2.0477083333333312,53.5,55.54770833333333,0.021031124982982874
main,dense,combined,0.1,1,0.7086111111111111,0.2461583924349882,0.45916666666666667,0.4633333333333333,0.5966666666666667,0.16916666666666666,0.8533333333333334,103.85666666666667,1.891899999999997,50.75,52.6419,0.01967279240489006
main,dense,combined,0.1,2,0.6995833333333333,0.2531138790035587,0.43,0.47583333333333333,0.625,0.17722222222222223,0.8891666666666667,107.91916666666667,1.9683583333333343,53.166666666666664,55.135025,0.02029987471178174
main,dense,combined,0.1,3,0.71625,0.24317581449955972,0.47,0.44583333333333336,0.5833333333333334,0.16819444444444445,0.835,102.255,1.8575499999999965,50.458333333333336,52.31588333333333,0.02086924994364381
main,dense,combined,0.1,4,0.7256944444444444,0.2411038489469862,0.4725,0.44583333333333336,0.5925,0.1686111111111111,0.8591666666666666,107.30166666666666,1.932183333333323,50.583333333333336,52.515516666666656,0.020405417308211327
main,dense,combined,0.1,5,0.6972222222222222,0.25508235643270516,0.4425,0.4766666666666667,0.6075,0.17708333333333334,0.895,108.42166666666667,1.9792166666666633,53.125,55.104216666666666,0.020180416759103537
main,dense,combined,0.1,6,0.715,0.24890574846804786,0.4575,0.4766666666666667,0.5941666666666666,0.16944444444444445,0.8433333333333334,104.01833333333333,1.8835166666666638,50.833333333333336,52.716849999999994,0.01979154208675027
main,dense,combined,0.1,7,0.7054166666666667,0.24722098710538018,0.45916666666666667,0.4716666666666667,0.5941666666666666,0.16694444444444445,0.8325,102.55916666666667,1.8580916666666614,50.083333333333336,51.941424999999995,0.019765875302255154
main,dense,combined,0.1,8,0.7026388888888889,0.2613520221930209,0.44416666666666665,0.48833333333333334,0.6075,0.1738888888888889,0.8941666666666667,110.78833333333333,2.002049999999997,52.166666666666664,54.16871666666667,0.0205466253682971
main,dense,combined,0.1,9,0.7027777777777777,0.25269531826908875,0.4625,0.45416666666666666,0.5916666666666667,0.17208333333333334,0.8716666666666667,107.94083333333333,1.9510749999999943,51.625,53.576074999999996,0.020399417262524366
main,dense,combined,0.1,10,0.7204166666666667,0.23155555555555554,0.45416666666666666,0.45666666666666667,0.5933333333333334,0.1661111111111111,0.8625,104.33,1.9057999999999993,49.833333333333336,51.739133333333335,0.01986937504261732
main,dense,combined,0.1,11,0.7220833333333333,0.22943530457981326,0.4691666666666667,0.4483333333333333,0.5841666666666666,0.1625,0.83,100.93083333333334,1.8393083333333342,48.75,50.589308333333335,0.01967024989426136
main,dense,combined,0.1,12,0.7036111111111111,0.25203011959249966,0.44416666666666665,0.4708333333333333,0.6091666666666666,0.17680555555555555,0.8733333333333333,107.5425,1.9487583333333331,53.041666666666664,54.990424999999995,0.020322042051702738
main,dense,combined,0.1,13,0.6897222222222222,0.2586953276608449,0.43,0.48333333333333334,0.6275,0.17958333333333334,0.9108333333333334,109.09166666666667,2.001749999999999,53.875,55.87675000000001,0.020159500185400248
main,dense,combined,0.1,14,0.7054166666666667,0.2501107337959545,0.4266666666666667,0.49083333333333334,0.6291666666666667,0.18222222222222223,0.9091666666666667,110.13916666666667,2.0105583333333326,54.666666666666664,56.677225,0.020455459132790565
main,dense,combined,0.1,15,0.7219444444444445,0.22935507783543366,0.4683333333333333,0.4575,0.5933333333333334,0.1663888888888889,0.8208333333333333,99.74916666666667,1.8183249999999969,49.916666666666664,51.734991666666666,0.020227875094860792
main,dense,combined,0.1,16,0.7106944444444444,0.2414764304773199,0.4475,0.46,0.6075,0.17125,0.8616666666666667,104.46833333333333,1.9063499999999935,51.375,53.281349999999996,0.021003250032663345
main,dense,combined,0.1,17,0.7079166666666666,0.2484517841344736,0.43833333333333335,0.47833333333333333,0.6275,0.1751388888888889,0.92,112.93583333333333,2.0493583333333283,52.541666666666664,54.591024999999995,0.021908249706029892
main,dense,combined,0.1,18,0.7158333333333333,0.23542501112594572,0.465,0.4583333333333333,0.59,0.16833333333333333,0.8683333333333333,105.04416666666667,1.9187749999999908,50.5,52.41877499999999,0.021296249702572823
main,dense,combined,0.1,19,0.7209722222222222,0.2385213436995746,0.4791666666666667,0.445,0.5825,0.16722222222222222,0.8266666666666667,101.5375,1.8420416666666635,50.166666666666664,52.00870833333333,0.020097125321626663
main,dense,combined,0.2,0,0.49972222222222223,0.38632099607709364,0.1675,0.7491666666666666,0.8733333333333333,0.34430555555555553,1.5616666666666668,155.32916666666668,3.114958333333339,103.29166666666667,106.406625,0.024295332841575146
main,dense,combined,0.2,1,0.49236111111111114,0.39587593728698023,0.16916666666666666,0.7433333333333333,0.8691666666666666,0.34791666666666665,1.5875,161.05,3.1979999999999933,104.375,107.573,0.025508083403110504
main,dense,combined,0.2,2,0.4984722222222222,0.378958297283267,0.1625,0.7441666666666666,0.8816666666666667,0.3433333333333333,1.5383333333333333,152.24333333333334,3.0607666666666655,103.0,106.06076666666667,0.024394874926656485
main,dense,combined,0.2,3,0.49430555555555555,0.3949336960217613,0.16416666666666666,0.7491666666666666,0.8758333333333334,0.3525,1.6325,160.24916666666667,3.234991666666665,105.75,108.98499166666666,0.02541108289733529
main,dense,combined,0.2,4,0.5145833333333333,0.37898089171974525,0.18333333333333332,0.7308333333333333,0.8708333333333333,0.3373611111111111,1.5475,159.7675,3.145174999999994,101.20833333333333,104.35350833333332,0.025649250019341707
main,dense,combined,0.2,5,0.5045833333333334,0.3800341296928328,0.17083333333333334,0.7533333333333333,0.8758333333333334,0.34125,1.585,162.30333333333334,3.208033333333337,102.375,105.58303333333333,0.026964375283569098
main,dense,combined,0.2,6,0.5215277777777778,0.36667228875021085,0.18583333333333332,0.7225,0.8591666666666666,0.3263888888888889,1.4766666666666666,150.825,2.9849166666666767,97.91666666666667,100.90158333333333,0.027119042351841927
main,dense,combined,0.2,7,0.48375,0.40775378337017515,0.16916666666666666,0.7475,0.8825,0.34541666666666665,1.6783333333333332,171.73916666666668,3.3957250000000045,103.625,107.02072500000001,0.02755620889365673
main,dense,combined,0.2,8,0.4959722222222222,0.3898855287886554,0.1625,0.7566666666666667,0.8791666666666667,0.35,1.6216666666666666,164.87,3.270366666666672,105.0,108.27036666666667,0.025706416927278042
main,dense,combined,0.2,9,0.4986111111111111,0.3905958241385164,0.16083333333333333,0.7325,0.8758333333333334,0.34291666666666665,1.5758333333333334,160.39666666666668,3.1798000000000006,102.875,106.0548,0.026907959021627903
main,dense,combined,0.2,10,0.4845833333333333,0.39046121593291405,0.1425,0.7708333333333334,0.8875,0.34944444444444445,1.5633333333333332,152.34833333333333,3.086816666666666,104.83333333333333,107.92014999999999,0.025512500200420618
main,dense,combined,0.2,11,0.5122222222222222,0.37480928971012034,0.17416666666666666,0.735,0.865,0.3438888888888889,1.6091666666666666,166.855,3.2777166666666586,103.16666666666667,106.44438333333333,0.02788616670295596
main,dense,combined,0.2,12,0.4948611111111111,0.3836706452170905,0.15583333333333332,0.7516666666666667,0.885,0.34680555555555553,1.6008333333333333,158.47,3.1855333333333316,104.04166666666667,107.2272,0.02666541701182723
main,dense,combined,0.2,13,0.51125,0.3713065755764304,0.185,0.7333333333333333,0.8625,0.32916666666666666,1.5075,149.57583333333332,3.0032583333333323,98.75,101.75325833333333,0.025923416949808598
main,dense,combined,0.2,14,0.49444444444444446,0.3938361995572961,0.16666666666666666,0.7591666666666667,0.8691666666666666,0.3441666666666667,1.5841666666666667,158.87916666666666,3.1729583333333315,103.25,106.42295833333334,0.026831250172108412
main,dense,combined,0.2,15,0.5009722222222223,0.3725865367890068,0.18,0.7308333333333333,0.86,0.33819444444444446,1.4875,143.68916666666667,2.9243916666666703,101.45833333333333,104.38272500000001,0.025730750057846308
main,dense,combined,0.2,16,0.5134722222222222,0.3783420211871532,0.17416666666666666,0.74,0.865,0.3309722222222222,1.5175,150.55583333333334,3.023058333333325,99.29166666666667,102.31472499999998,0.024961916264146566
main,dense,combined,0.2,17,0.495,0.3883645100394714,0.17,0.7433333333333333,0.8675,0.33875,1.6025,161.84333333333333,3.2209333333333237,101.625,104.84593333333333,0.027126625180244446
main,dense,combined,0.2,18,0.5094444444444445,0.37544696066746125,0.1875,0.7391666666666666,0.865,0.34194444444444444,1.5933333333333333,162.11,3.2144333333333277,102.58333333333333,105.79776666666666,0.026017417199909687
main,dense,combined,0.2,19,0.5161111111111111,0.3735670937289278,0.18083333333333335,0.7341666666666666,0.8616666666666667,0.3373611111111111,1.5525,156.42833333333334,3.116783333333324,101.20833333333333,104.32511666666666,0.025122249964624643
main,dense,combined,0.4,0,0.24680555555555556,0.4618413082980012,0.015,0.9391666666666667,0.9908333333333333,0.6147222222222222,1.9391666666666667,127.225,3.21141666666667,184.41666666666666,187.62808333333334,0.020443708170205355
main,dense,combined,0.4,1,0.22972222222222222,0.4832864729771946,0.015,0.9433333333333334,0.99,0.6216666666666667,1.9341666666666666,125.00666666666666,3.1842333333333346,186.5,189.6842333333333,0.020367540884763002
main,dense,combined,0.4,2,0.2361111111111111,0.46321439848437007,0.015833333333333335,0.9433333333333334,0.9908333333333333,0.6194444444444445,1.9175,121.97166666666666,3.1372166666666668,185.83333333333334,188.97055,0.019672583788633347
main,dense,combined,0.4,3,0.24152777777777779,0.43830749354005166,0.014166666666666666,0.945,0.9916666666666667,0.6186111111111111,1.9316666666666666,124.31833333333333,3.174850000000009,185.58333333333334,188.75818333333333,0.01976099982857704
main,dense,combined,0.4,4,0.22152777777777777,0.5128283445326818,0.005,0.9591666666666666,0.9958333333333333,0.6319444444444444,2.075833333333333,136.73916666666668,3.4432250000000053,189.58333333333334,193.02655833333333,0.02143712481483817
main,dense,combined,0.4,5,0.23930555555555555,0.47405372405372403,0.014166666666666666,0.9575,0.9908333333333333,0.6263888888888889,2.015833333333333,131.205,3.3278833333333377,187.91666666666666,191.24455,0.02115954179316759
main,dense,combined,0.4,6,0.23208333333333334,0.472704323130325,0.011666666666666667,0.9466666666666667,0.9941666666666666,0.625,1.9808333333333332,127.25416666666666,3.2533749999999975,187.5,190.75337499999998,0.020467333029955626
main,dense,combined,0.4,7,0.24416666666666667,0.45572755417956656,0.018333333333333333,0.9441666666666667,0.9908333333333333,0.6206944444444444,1.9616666666666667,124.865,3.210316666666659,186.20833333333334,189.41865,0.02005287492647767
main,dense,combined,0.4,8,0.2348611111111111,0.49035563592525616,0.010833333333333334,0.9541666666666667,0.9958333333333333,0.6315277777777778,2.0816666666666666,135.54166666666666,3.437083333333343,189.45833333333334,192.89541666666668,0.0209156246855855
main,dense,combined,0.4,9,0.23444444444444446,0.49806720190306275,0.01,0.9508333333333333,0.9916666666666667,0.6306944444444444,2.0883333333333334,140.02666666666667,3.4886000000000013,189.20833333333334,192.69693333333333,0.02117879083380103
main,dense,combined,0.4,10,0.22555555555555556,0.4837889383343929,0.016666666666666666,0.9491666666666667,0.9883333333333333,0.6386111111111111,1.9408333333333334,119.73333333333333,3.13816666666666,191.58333333333334,194.7215,0.019788416102528572
main,dense,combined,0.4,11,0.23125,0.4795248515160988,0.014166666666666666,0.9433333333333334,0.9908333333333333,0.6256944444444444,1.9083333333333334,118.06833333333333,3.0890166666666645,187.70833333333334,190.79735,0.019487624987959862
main,dense,combined,0.4,12,0.23708333333333334,0.48319709355131696,0.0125,0.9541666666666667,0.9908333333333333,0.63125,1.9983333333333333,127.59916666666666,3.274324999999999,189.375,192.649325,0.020289624575525522
main,dense,combined,0.4,13,0.24416666666666667,0.463206106870229,0.018333333333333333,0.9466666666666667,0.9866666666666667,0.6183333333333333,1.9533333333333334,123.92916666666666,3.1926250000000107,185.5,188.69262500000002,0.019414333160966635
main,dense,combined,0.4,14,0.22527777777777777,0.49217282404508456,0.011666666666666667,0.9583333333333334,0.9933333333333333,0.6356944444444445,2.0058333333333334,127.145,3.27728333333333,190.70833333333334,193.98561666666666,0.020625832956284285
main,dense,combined,0.4,15,0.23194444444444445,0.5045980421239988,0.0125,0.9408333333333333,0.9916666666666667,0.6226388888888889,2.03,131.94916666666666,3.349491666666673,186.79166666666666,190.14115833333335,0.021654583979398012
main,dense,combined,0.4,16,0.22138888888888889,0.4934858595487766,0.010833333333333334,0.965,0.9933333333333333,0.6348611111111111,1.9708333333333334,124.83333333333333,3.2191666666666623,190.45833333333334,193.6775,0.020719042047858238
main,dense,combined,0.4,17,0.23847222222222222,0.4495030458480282,0.0175,0.9483333333333334,0.9908333333333333,0.6272222222222222,1.8875,115.51916666666666,3.042691666666671,188.16666666666666,191.20935833333334,0.020302792079746723
main,dense,combined,0.4,18,0.22361111111111112,0.5015479876160991,0.011666666666666667,0.9608333333333333,0.9908333333333333,0.6297222222222222,2.035,129.7425,3.332424999999996,188.91666666666666,192.24909166666666,0.02075533289462328
main,dense,combined,0.4,19,0.23541666666666666,0.4822846670739157,0.0125,0.9441666666666667,0.9908333333333333,0.6266666666666667,1.9933333333333334,127.02166666666666,3.2635499999999977,188.0,191.26355,0.02113316673785448
window24,dense,correlation_ids,0.0,0,1.0,0.0,1.0,0.0,0.0,0.0,0.0,0.0,0.0,0.0,0.0,0.0066691250540316105
noredund,dense,correlation_ids,0.0,0,1.0,0.0,1.0,0.0,0.0,0.0,0.0,0.0,0.0,0.0,0.0,0.006773583125323057
filer30,dense,intent_links,0.0,0,1.0,0.0,1.0,0.0,0.0,0.0,0.0,0.0,0.0,0.0,0.0,0.006598792038857937
window24,dense,correlation_ids,0.0,1,1.0,0.0,1.0,0.0,0.0,0.0,0.0,0.0,0.0,0.0,0.0,0.006734124850481749
noredund,dense,correlation_ids,0.0,1,1.0,0.0,1.0,0.0,0.0,0.0,0.0,0.0,0.0,0.0,0.0,0.006258916109800339
filer30,dense,intent_links,0.0,1,1.0,0.0,1.0,0.0,0.0,0.0,0.0,0.0,0.0,0.0,0.0,0.006556666921824217
window24,dense,correlation_ids,0.0,2,1.0,0.0,1.0,0.0,0.0,0.0,0.0,0.0,0.0,0.0,0.0,0.006921666674315929
noredund,dense,correlation_ids,0.0,2,1.0,0.0,1.0,0.0,0.0,0.0,0.0,0.0,0.0,0.0,0.0,0.006412792019546032
filer30,dense,intent_links,0.0,2,1.0,0.0,1.0,0.0,0.0,0.0,0.0,0.0,0.0,0.0,0.0,0.007026875391602516
window24,dense,correlation_ids,0.0,3,1.0,0.0,1.0,0.0,0.0,0.0,0.0,0.0,0.0,0.0,0.0,0.007185208145529032
noredund,dense,correlation_ids,0.0,3,1.0,0.0,1.0,0.0,0.0,0.0,0.0,0.0,0.0,0.0,0.0,0.006932291202247143
filer30,dense,intent_links,0.0,3,1.0,0.0,1.0,0.0,0.0,0.0,0.0,0.0,0.0,0.0,0.0,0.006843207869678736
window24,dense,correlation_ids,0.0,4,1.0,0.0,1.0,0.0,0.0,0.0,0.0,0.0,0.0,0.0,0.0,0.006643624976277351
noredund,dense,correlation_ids,0.0,4,1.0,0.0,1.0,0.0,0.0,0.0,0.0,0.0,0.0,0.0,0.0,0.006479292176663876
filer30,dense,intent_links,0.0,4,1.0,0.0,1.0,0.0,0.0,0.0,0.0,0.0,0.0,0.0,0.0,0.006312583107501268
window24,dense,correlation_ids,0.0,5,1.0,0.0,1.0,0.0,0.0,0.0,0.0,0.0,0.0,0.0,0.0,0.006768041756004095
noredund,dense,correlation_ids,0.0,5,1.0,0.0,1.0,0.0,0.0,0.0,0.0,0.0,0.0,0.0,0.0,0.006558666937053204
filer30,dense,intent_links,0.0,5,1.0,0.0,1.0,0.0,0.0,0.0,0.0,0.0,0.0,0.0,0.0,0.0065894173458218575
window24,dense,correlation_ids,0.0,6,1.0,0.0,1.0,0.0,0.0,0.0,0.0,0.0,0.0,0.0,0.0,0.0067055001854896545
noredund,dense,correlation_ids,0.0,6,1.0,0.0,1.0,0.0,0.0,0.0,0.0,0.0,0.0,0.0,0.0,0.006907416973263025
filer30,dense,intent_links,0.0,6,1.0,0.0,1.0,0.0,0.0,0.0,0.0,0.0,0.0,0.0,0.0,0.006616208236664534
window24,dense,correlation_ids,0.0,7,1.0,0.0,1.0,0.0,0.0,0.0,0.0,0.0,0.0,0.0,0.0,0.006347874645143747
noredund,dense,correlation_ids,0.0,7,1.0,0.0,1.0,0.0,0.0,0.0,0.0,0.0,0.0,0.0,0.0,0.006633499637246132
filer30,dense,intent_links,0.0,7,1.0,0.0,1.0,0.0,0.0,0.0,0.0,0.0,0.0,0.0,0.0,0.006578000262379646
window24,dense,correlation_ids,0.0,8,1.0,0.0,1.0,0.0,0.0,0.0,0.0,0.0,0.0,0.0,0.0,0.006529250182211399
noredund,dense,correlation_ids,0.0,8,1.0,0.0,1.0,0.0,0.0,0.0,0.0,0.0,0.0,0.0,0.0,0.006327082868665457
filer30,dense,intent_links,0.0,8,1.0,0.0,1.0,0.0,0.0,0.0,0.0,0.0,0.0,0.0,0.0,0.006550459191203117
window24,dense,correlation_ids,0.0,9,1.0,0.0,1.0,0.0,0.0,0.0,0.0,0.0,0.0,0.0,0.0,0.006583958864212036
noredund,dense,correlation_ids,0.0,9,1.0,0.0,1.0,0.0,0.0,0.0,0.0,0.0,0.0,0.0,0.0,0.006590333301573992
filer30,dense,intent_links,0.0,9,1.0,0.0,1.0,0.0,0.0,0.0,0.0,0.0,0.0,0.0,0.0,0.006533042062073946
window24,dense,correlation_ids,0.0,10,1.0,0.0,1.0,0.0,0.0,0.0,0.0,0.0,0.0,0.0,0.0,0.006480582989752293
noredund,dense,correlation_ids,0.0,10,1.0,0.0,1.0,0.0,0.0,0.0,0.0,0.0,0.0,0.0,0.0,0.006633500102907419
filer30,dense,intent_links,0.0,10,1.0,0.0,1.0,0.0,0.0,0.0,0.0,0.0,0.0,0.0,0.0,0.006470750086009502
window24,dense,correlation_ids,0.0,11,1.0,0.0,1.0,0.0,0.0,0.0,0.0,0.0,0.0,0.0,0.0,0.006822458002716303
noredund,dense,correlation_ids,0.0,11,1.0,0.0,1.0,0.0,0.0,0.0,0.0,0.0,0.0,0.0,0.0,0.006615540944039822
filer30,dense,intent_links,0.0,11,1.0,0.0,1.0,0.0,0.0,0.0,0.0,0.0,0.0,0.0,0.0,0.0064900410361588
window24,dense,correlation_ids,0.0,12,1.0,0.0,1.0,0.0,0.0,0.0,0.0,0.0,0.0,0.0,0.0,0.006593541707843542
noredund,dense,correlation_ids,0.0,12,1.0,0.0,1.0,0.0,0.0,0.0,0.0,0.0,0.0,0.0,0.0,0.006163750309497118
filer30,dense,intent_links,0.0,12,1.0,0.0,1.0,0.0,0.0,0.0,0.0,0.0,0.0,0.0,0.0,0.006911291275173426
window24,dense,correlation_ids,0.0,13,1.0,0.0,1.0,0.0,0.0,0.0,0.0,0.0,0.0,0.0,0.0,0.006422833073884249
noredund,dense,correlation_ids,0.0,13,1.0,0.0,1.0,0.0,0.0,0.0,0.0,0.0,0.0,0.0,0.0,0.006667959038168192
filer30,dense,intent_links,0.0,13,1.0,0.0,1.0,0.0,0.0,0.0,0.0,0.0,0.0,0.0,0.0,0.0066315000876784325
window24,dense,correlation_ids,0.0,14,1.0,0.0,1.0,0.0,0.0,0.0,0.0,0.0,0.0,0.0,0.0,0.006208333186805248
noredund,dense,correlation_ids,0.0,14,1.0,0.0,1.0,0.0,0.0,0.0,0.0,0.0,0.0,0.0,0.0,0.006307625211775303
filer30,dense,intent_links,0.0,14,1.0,0.0,1.0,0.0,0.0,0.0,0.0,0.0,0.0,0.0,0.0,0.006337999831885099
window24,dense,correlation_ids,0.0,15,1.0,0.0,1.0,0.0,0.0,0.0,0.0,0.0,0.0,0.0,0.0,0.006850999779999256
noredund,dense,correlation_ids,0.0,15,1.0,0.0,1.0,0.0,0.0,0.0,0.0,0.0,0.0,0.0,0.0,0.0065549579448997974
filer30,dense,intent_links,0.0,15,1.0,0.0,1.0,0.0,0.0,0.0,0.0,0.0,0.0,0.0,0.0,0.00726675009354949
window24,dense,correlation_ids,0.0,16,1.0,0.0,1.0,0.0,0.0,0.0,0.0,0.0,0.0,0.0,0.0,0.011181832756847143
noredund,dense,correlation_ids,0.0,16,1.0,0.0,1.0,0.0,0.0,0.0,0.0,0.0,0.0,0.0,0.0,0.009552208241075277
filer30,dense,intent_links,0.0,16,1.0,0.0,1.0,0.0,0.0,0.0,0.0,0.0,0.0,0.0,0.0,0.00838391575962305
window24,dense,correlation_ids,0.0,17,1.0,0.0,1.0,0.0,0.0,0.0,0.0,0.0,0.0,0.0,0.0,0.007035832852125168
noredund,dense,correlation_ids,0.0,17,1.0,0.0,1.0,0.0,0.0,0.0,0.0,0.0,0.0,0.0,0.0,0.006986500229686499
filer30,dense,intent_links,0.0,17,1.0,0.0,1.0,0.0,0.0,0.0,0.0,0.0,0.0,0.0,0.0,0.007552832830697298
window24,dense,correlation_ids,0.0,18,1.0,0.0,1.0,0.0,0.0,0.0,0.0,0.0,0.0,0.0,0.0,0.006569082848727703
noredund,dense,correlation_ids,0.0,18,1.0,0.0,1.0,0.0,0.0,0.0,0.0,0.0,0.0,0.0,0.0,0.006700208410620689
filer30,dense,intent_links,0.0,18,1.0,0.0,1.0,0.0,0.0,0.0,0.0,0.0,0.0,0.0,0.0,0.006409750320017338
window24,dense,correlation_ids,0.0,19,1.0,0.0,1.0,0.0,0.0,0.0,0.0,0.0,0.0,0.0,0.0,0.006683750078082085
noredund,dense,correlation_ids,0.0,19,1.0,0.0,1.0,0.0,0.0,0.0,0.0,0.0,0.0,0.0,0.0,0.006632041651755571
filer30,dense,intent_links,0.0,19,1.0,0.0,1.0,0.0,0.0,0.0,0.0,0.0,0.0,0.0,0.0,0.006412292364984751
window24,dense,correlation_ids,0.01,0,0.99875,0.00125,0.9975,0.0,0.005,0.0008333333333333334,0.006666666666666667,1.0,0.016666666666666666,0.25,0.26666666666666666,0.006780917290598154
noredund,dense,correlation_ids,0.01,0,0.995,0.005,0.9933333333333333,0.0,0.029166666666666667,0.004861111111111111,0.0325,4.875,0.08125,1.4583333333333333,1.5395833333333333,0.007584709208458662
filer30,dense,intent_links,0.01,0,0.9994444444444445,0.0002778549597110308,0.9966666666666667,0.0,0.0033333333333333335,0.0005555555555555556,0.01,1.5,0.025,0.16666666666666666,0.19166666666666668,0.006576166953891516
window24,dense,correlation_ids,0.01,1,0.9979166666666667,0.0020833333333333333,0.9958333333333333,0.0,0.009166666666666667,0.0015277777777777779,0.01,1.5,0.025,0.4583333333333333,0.48333333333333334,0.006803249940276146
noredund,dense,correlation_ids,0.01,1,0.9905555555555555,0.009444444444444445,0.985,0.0,0.035833333333333335,0.0059722222222222225,0.035833333333333335,5.375,0.08958333333333333,1.7916666666666667,1.88125,0.007574708666652441
filer30,dense,intent_links,0.01,1,0.9988888888888889,0.0004169562195969423,0.9933333333333333,0.0,0.0075,0.00125,0.010833333333333334,1.625,0.027083333333333334,0.375,0.40208333333333335,0.006568749900907278
window24,dense,correlation_ids,0.01,2,0.9970833333333333,0.002916666666666667,0.9941666666666666,0.0,0.0125,0.0020833333333333333,0.013333333333333334,2.0,0.03333333333333333,0.625,0.6583333333333333,0.006960459053516388
noredund,dense,correlation_ids,0.01,2,0.995,0.005,0.9925,0.0,0.041666666666666664,0.006944444444444444,0.04416666666666667,6.625,0.11041666666666666,2.0833333333333335,2.19375,0.008749958127737045
filer30,dense,intent_links,0.01,2,0.9995833333333334,0.0001389274798555154,0.9975,0.0,0.005833333333333334,0.0009722222222222222,0.009166666666666667,1.375,0.022916666666666665,0.2916666666666667,0.3145833333333333,0.006661582738161087
window24,dense,correlation_ids,0.01,3,0.9975,0.0025,0.995,0.0,0.01,0.0016666666666666668,0.011666666666666667,1.75,0.029166666666666667,0.5,0.5291666666666667,0.007260666694492102
noredund,dense,correlation_ids,0.01,3,0.99,0.01,0.985,0.0,0.04416666666666667,0.007638888888888889,0.04666666666666667,7.0,0.11666666666666667,2.2916666666666665,2.408333333333333,0.007990750018507242
filer30,dense,intent_links,0.01,3,0.9994444444444445,0.0002778549597110308,0.9966666666666667,0.0,0.005833333333333334,0.0009722222222222222,0.010833333333333334,1.625,0.027083333333333334,0.2916666666666667,0.31875,0.006612999830394983
window24,dense,correlation_ids,0.01,4,0.9979166666666667,0.0020833333333333333,0.9958333333333333,0.0,0.005833333333333334,0.0009722222222222222,0.0075,1.125,0.01875,0.2916666666666667,0.3104166666666667,0.006976250093430281
noredund,dense,correlation_ids,0.01,4,0.9927777777777778,0.007222222222222222,0.9883333333333333,0.0,0.029166666666666667,0.005,0.03333333333333333,5.0,0.08333333333333333,1.5,1.5833333333333333,0.007119166664779186
filer30,dense,intent_links,0.01,4,0.9994444444444445,0.0002778549597110308,0.9966666666666667,0.0,0.009166666666666667,0.0015277777777777779,0.0125,1.875,0.03125,0.4583333333333333,0.4895833333333333,0.006878708954900503
window24,dense,correlation_ids,0.01,5,0.9979166666666667,0.0020833333333333333,0.9958333333333333,0.0,0.006666666666666667,0.0011111111111111111,0.008333333333333333,1.25,0.020833333333333332,0.3333333333333333,0.3541666666666667,0.0065335421822965145
noredund,dense,correlation_ids,0.01,5,0.9951388888888889,0.004861111111111111,0.9941666666666666,0.0,0.03166666666666667,0.005277777777777778,0.0325,4.875,0.08125,1.5833333333333333,1.6645833333333333,0.008048500400036573
filer30,dense,intent_links,0.01,5,0.9995833333333334,0.0002778163633838033,0.9975,0.0,0.0033333333333333335,0.0005555555555555556,0.004166666666666667,0.625,0.010416666666666666,0.16666666666666666,0.17708333333333334,0.0062393746338784695
window24,dense,correlation_ids,0.01,6,0.9970833333333333,0.002916666666666667,0.9941666666666666,0.0,0.010833333333333334,0.0018055555555555555,0.013333333333333334,2.0,0.03333333333333333,0.5416666666666666,0.575,0.006895083002746105
noredund,dense,correlation_ids,0.01,6,0.9893055555555555,0.010694444444444444,0.9858333333333333,0.0,0.04,0.006805555555555555,0.041666666666666664,6.25,0.10416666666666667,2.0416666666666665,2.1458333333333335,0.008185583632439375
filer30,dense,intent_links,0.01,6,0.9994444444444445,0.00041672454507570494,0.9966666666666667,0.0,0.006666666666666667,0.0011111111111111111,0.011666666666666667,1.75,0.029166666666666667,0.3333333333333333,0.3625,0.0066004591062664986
window24,dense,correlation_ids,0.01,7,0.9970833333333333,0.002916666666666667,0.9941666666666666,0.0,0.01,0.0016666666666666668,0.015,2.25,0.0375,0.5,0.5375,0.0073893750086426735
noredund,dense,correlation_ids,0.01,7,0.9947222222222222,0.005277777777777778,0.9925,0.0,0.04583333333333333,0.0077777777777777776,0.0475,7.125,0.11875,2.3333333333333335,2.4520833333333334,0.00760783301666379
filer30,dense,intent_links,0.01,7,0.9997222222222222,0.00013890818169190166,0.9983333333333333,0.0,0.0033333333333333335,0.0005555555555555556,0.009166666666666667,1.375,0.022916666666666665,0.16666666666666666,0.18958333333333333,0.007298999931663275
window24,dense,correlation_ids,0.01,8,0.9983333333333333,0.0016666666666666668,0.9966666666666667,0.0,0.009166666666666667,0.0015277777777777779,0.0125,1.875,0.03125,0.4583333333333333,0.4895833333333333,0.0066949171014130116
noredund,dense,correlation_ids,0.01,8,0.9915277777777778,0.008472222222222223,0.9875,0.0,0.04,0.006666666666666667,0.04416666666666667,6.625,0.11041666666666666,2.0,2.1104166666666666,0.008094083052128553
filer30,dense,intent_links,0.01,8,0.9990277777777777,0.0005557871335278589,0.9941666666666666,0.0,0.009166666666666667,0.0015277777777777779,0.013333333333333334,2.0,0.03333333333333333,0.4583333333333333,0.49166666666666664,0.007032874971628189
window24,dense,correlation_ids,0.01,9,0.9970833333333333,0.002916666666666667,0.9941666666666666,0.0,0.011666666666666667,0.0019444444444444444,0.0175,2.625,0.04375,0.5833333333333334,0.6270833333333333,0.007460332941263914
noredund,dense,correlation_ids,0.01,9,0.9933333333333333,0.006666666666666667,0.9908333333333333,0.0,0.04,0.006666666666666667,0.041666666666666664,6.25,0.10416666666666667,2.0,2.1041666666666665,0.007191916927695274
filer30,dense,intent_links,0.01,9,0.9990277777777777,0.0008334490901514099,0.9941666666666666,0.0,0.0075,0.00125,0.013333333333333334,2.0,0.03333333333333333,0.375,0.4083333333333333,0.006871041841804981
window24,dense,correlation_ids,0.01,10,0.9979166666666667,0.0020833333333333333,0.9958333333333333,0.0,0.010833333333333334,0.0018055555555555555,0.013333333333333334,2.0,0.03333333333333333,0.5416666666666666,0.575,0.006714916788041592
noredund,dense,correlation_ids,0.01,10,0.9879166666666667,0.012083333333333333,0.9841666666666666,0.0,0.04833333333333333,0.008055555555555555,0.050833333333333335,7.625,0.12708333333333333,2.4166666666666665,2.54375,0.008264416828751564
filer30,dense,intent_links,0.01,10,0.99875,0.0005559416261292564,0.9925,0.0,0.011666666666666667,0.0019444444444444444,0.014166666666666666,2.125,0.035416666666666666,0.5833333333333334,0.61875,0.006391500122845173
window24,dense,correlation_ids,0.01,11,0.9991666666666666,0.0008333333333333334,0.9983333333333333,0.0,0.005833333333333334,0.0009722222222222222,0.009166666666666667,1.375,0.022916666666666665,0.2916666666666667,0.3145833333333333,0.006499291863292456
noredund,dense,correlation_ids,0.01,11,0.9927777777777778,0.007222222222222222,0.99,0.0,0.04083333333333333,0.006944444444444444,0.0425,6.375,0.10625,2.0833333333333335,2.189583333333333,0.007951249834150076
filer30,dense,intent_links,0.01,11,0.9993055555555556,0.00027789356676392944,0.9958333333333333,0.0,0.0075,0.00125,0.013333333333333334,2.0,0.03333333333333333,0.375,0.4083333333333333,0.006816042121499777
window24,dense,correlation_ids,0.01,12,0.99875,0.00125,0.9975,0.0,0.005833333333333334,0.0009722222222222222,0.006666666666666667,1.0,0.016666666666666666,0.2916666666666667,0.30833333333333335,0.006922209169715643
noredund,dense,correlation_ids,0.01,12,0.9855555555555555,0.014444444444444444,0.9816666666666667,0.0,0.03916666666666667,0.006805555555555555,0.041666666666666664,6.25,0.10416666666666667,2.0416666666666665,2.1458333333333335,0.008025875315070152
filer30,dense,intent_links,0.01,12,0.9997222222222222,0.0002777777777777778,0.9983333333333333,0.0,0.0025,0.0004166666666666667,0.005833333333333334,0.875,0.014583333333333334,0.125,0.13958333333333334,0.006639625411480665
window24,dense,correlation_ids,0.01,13,0.9979166666666667,0.0020833333333333333,0.9958333333333333,0.0,0.0075,0.00125,0.009166666666666667,1.375,0.022916666666666665,0.375,0.39791666666666664,0.007071292027831078
noredund,dense,correlation_ids,0.01,13,0.99375,0.00625,0.9908333333333333,0.0,0.03833333333333333,0.006527777777777778,0.04083333333333333,6.125,0.10208333333333333,1.9583333333333333,2.060416666666667,0.008040125016123056
filer30,dense,intent_links,0.01,13,0.9997222222222222,0.0002777777777777778,0.9983333333333333,0.0,0.004166666666666667,0.0006944444444444445,0.005,0.75,0.0125,0.20833333333333334,0.22083333333333333,0.006563709117472172
window24,dense,correlation_ids,0.01,14,0.9983333333333333,0.0016666666666666668,0.9966666666666667,0.0,0.0075,0.00125,0.0075,1.125,0.01875,0.375,0.39375,0.006962667219340801
noredund,dense,correlation_ids,0.01,14,0.9966666666666667,0.0033333333333333335,0.995,0.0,0.03166666666666667,0.005277777777777778,0.03166666666666667,4.75,0.07916666666666666,1.5833333333333333,1.6625,0.007214375305920839
filer30,dense,intent_links,0.01,14,0.9997222222222222,0.00013890818169190166,0.9983333333333333,0.0,0.0016666666666666668,0.0002777777777777778,0.005833333333333334,0.875,0.014583333333333334,0.08333333333333333,0.09791666666666667,0.006630457937717438
window24,dense,correlation_ids,0.01,15,0.9970833333333333,0.002916666666666667,0.9941666666666666,0.0,0.01,0.0016666666666666668,0.010833333333333334,1.625,0.027083333333333334,0.5,0.5270833333333333,0.0070595829747617245
noredund,dense,correlation_ids,0.01,15,0.9897222222222222,0.010277777777777778,0.985,0.0,0.035833333333333335,0.006111111111111111,0.03833333333333333,5.75,0.09583333333333334,1.8333333333333333,1.9291666666666667,0.007958624977618456
filer30,dense,intent_links,0.01,15,0.9998611111111111,0.0,0.9991666666666666,0.0,0.005,0.0008333333333333334,0.010833333333333334,1.625,0.027083333333333334,0.25,0.27708333333333335,0.007178416009992361
window24,dense,correlation_ids,0.01,16,0.9972222222222222,0.002777777777777778,0.995,0.0,0.0125,0.0020833333333333333,0.014166666666666666,2.125,0.035416666666666666,0.625,0.6604166666666667,0.006471625063568354
noredund,dense,correlation_ids,0.01,16,0.9913888888888889,0.008611111111111111,0.9883333333333333,0.0,0.0375,0.006527777777777778,0.03916666666666667,5.875,0.09791666666666667,1.9583333333333333,2.05625,0.008045499678701162
filer30,dense,intent_links,0.01,16,0.9994444444444445,0.00041672454507570494,0.9966666666666667,0.0,0.004166666666666667,0.0006944444444444445,0.008333333333333333,1.25,0.020833333333333332,0.20833333333333334,0.22916666666666666,0.006888874806463718
window24,dense,correlation_ids,0.01,17,0.9979166666666667,0.0020833333333333333,0.9958333333333333,0.0,0.010833333333333334,0.0018055555555555555,0.011666666666666667,1.75,0.029166666666666667,0.5416666666666666,0.5708333333333333,0.006818290799856186
noredund,dense,correlation_ids,0.01,17,0.9923611111111111,0.007638888888888889,0.9891666666666666,0.0,0.03916666666666667,0.006666666666666667,0.041666666666666664,6.25,0.10416666666666667,2.0,2.1041666666666665,0.007853666320443153
filer30,dense,intent_links,0.01,17,0.9994444444444445,0.0005555555555555556,0.9966666666666667,0.0,0.004166666666666667,0.0006944444444444445,0.0075,1.125,0.01875,0.20833333333333334,0.22708333333333333,0.006403124891221523
window24,dense,correlation_ids,0.01,18,0.9995833333333334,0.0004166666666666667,0.9991666666666666,0.0,0.0025,0.0004166666666666667,0.004166666666666667,0.625,0.010416666666666666,0.125,0.13541666666666666,0.006683791987597942
noredund,dense,correlation_ids,0.01,18,0.9923611111111111,0.007638888888888889,0.9891666666666666,0.0,0.03,0.005,0.03166666666666667,4.75,0.07916666666666666,1.5,1.5791666666666666,0.0070291669107973576
filer30,dense,intent_links,0.01,18,0.9995833333333334,0.0002778163633838033,0.9975,0.0,0.0033333333333333335,0.0005555555555555556,0.0075,1.125,0.01875,0.16666666666666666,0.18541666666666667,0.006881500128656626
window24,dense,correlation_ids,0.01,19,0.9966666666666667,0.0033333333333333335,0.9933333333333333,0.0,0.008333333333333333,0.001388888888888889,0.010833333333333334,1.625,0.027083333333333334,0.4166666666666667,0.44375,0.006542999763041735
noredund,dense,correlation_ids,0.01,19,0.9868055555555556,0.013194444444444444,0.9816666666666667,0.0,0.0475,0.008055555555555555,0.050833333333333335,7.625,0.12708333333333333,2.4166666666666665,2.54375,0.0076898750849068165
filer30,dense,intent_links,0.01,19,0.99875,0.0006948304613674264,0.9925,0.0,0.008333333333333333,0.001388888888888889,0.0125,1.875,0.03125,0.4166666666666667,0.4479166666666667,0.007057707756757736
window24,dense,correlation_ids,0.05,0,0.9858333333333333,0.014166666666666666,0.9733333333333334,0.0,0.05,0.008333333333333333,0.058333333333333334,8.75,0.14583333333333334,2.5,2.6458333333333335,0.00798729108646512
noredund,dense,correlation_ids,0.05,0,0.9595833333333333,0.04041666666666666,0.9416666666666667,0.0,0.18583333333333332,0.03347222222222222,0.2125,31.875,0.53125,10.041666666666666,10.572916666666666,0.013323124963790178
filer30,dense,intent_links,0.05,0,0.9966666666666667,0.002363408869734464,0.98,0.0,0.028333333333333332,0.004722222222222222,0.049166666666666664,7.375,0.12291666666666666,1.4166666666666667,1.5395833333333333,0.008134707808494568
window24,dense,correlation_ids,0.05,1,0.9893055555555555,0.010694444444444444,0.9791666666666666,0.0,0.0475,0.007916666666666667,0.06166666666666667,9.25,0.15416666666666667,2.375,2.529166666666667,0.00792333297431469
noredund,dense,correlation_ids,0.05,1,0.9618055555555556,0.03819444444444445,0.9466666666666667,0.0,0.18166666666666667,0.03194444444444444,0.19833333333333333,29.75,0.49583333333333335,9.583333333333334,10.079166666666667,0.0116372499614954
filer30,dense,intent_links,0.05,1,0.99625,0.0022256224787870356,0.9775,0.0,0.028333333333333332,0.004722222222222222,0.04666666666666667,7.0,0.11666666666666667,1.4166666666666667,1.5333333333333334,0.00782608287408948
window24,dense,correlation_ids,0.05,2,0.98875,0.01125,0.9791666666666666,0.0,0.04833333333333333,0.008055555555555555,0.06,9.0,0.15,2.4166666666666665,2.566666666666667,0.007977916859090328
noredund,dense,correlation_ids,0.05,2,0.9595833333333333,0.04041666666666666,0.9433333333333334,0.0,0.18,0.03208333333333333,0.2025,30.375,0.50625,9.625,10.13125,0.01276995800435543
filer30,dense,intent_links,0.05,2,0.99625,0.0025031289111389237,0.9775,0.0,0.028333333333333332,0.004722222222222222,0.051666666666666666,7.75,0.12916666666666668,1.4166666666666667,1.5458333333333334,0.007406583055853844
window24,dense,correlation_ids,0.05,3,0.9854166666666667,0.014583333333333334,0.9725,0.0,0.058333333333333334,0.00986111111111111,0.07,10.5,0.175,2.9583333333333335,3.1333333333333333,0.008379833307117224
noredund,dense,correlation_ids,0.05,3,0.9616666666666667,0.03833333333333333,0.9466666666666667,0.0,0.18916666666666668,0.034583333333333334,0.21833333333333332,32.75,0.5458333333333333,10.375,10.920833333333333,0.012844417244195938
filer30,dense,intent_links,0.05,3,0.9965277777777778,0.002502432920895315,0.9791666666666666,0.0,0.03833333333333333,0.006388888888888889,0.059166666666666666,8.875,0.14791666666666667,1.9166666666666667,2.064583333333333,0.007950708270072937
window24,dense,correlation_ids,0.05,4,0.9852777777777778,0.014722222222222222,0.9716666666666667,0.0,0.0525,0.00875,0.06333333333333334,9.5,0.15833333333333333,2.625,2.783333333333333,0.008233875036239624
noredund,dense,correlation_ids,0.05,4,0.9648611111111111,0.035138888888888886,0.9491666666666667,0.0,0.17583333333333334,0.03111111111111111,0.19166666666666668,28.75,0.4791666666666667,9.333333333333334,9.8125,0.012228125240653753
filer30,dense,intent_links,0.05,4,0.9966666666666667,0.0020859407592824365,0.98,0.0,0.023333333333333334,0.0038888888888888888,0.056666666666666664,8.5,0.14166666666666666,1.1666666666666667,1.3083333333333333,0.008013209328055382
window24,dense,correlation_ids,0.05,5,0.99375,0.00625,0.9875,0.0,0.0425,0.007083333333333333,0.056666666666666664,8.5,0.14166666666666666,2.125,2.2666666666666666,0.00827258313074708
noredund,dense,correlation_ids,0.05,5,0.9563888888888888,0.043611111111111114,0.9391666666666667,0.0,0.19166666666666668,0.034722222222222224,0.21833333333333332,32.75,0.5458333333333333,10.416666666666666,10.9625,0.013003749772906303
filer30,dense,intent_links,0.05,5,0.9965277777777778,0.002225003476567932,0.9791666666666666,0.0,0.034166666666666665,0.005694444444444445,0.055,8.25,0.1375,1.7083333333333333,1.8458333333333334,0.008068582974374294
window24,dense,correlation_ids,0.05,6,0.9894444444444445,0.009867963863794302,0.98,0.0,0.04,0.006666666666666667,0.051666666666666666,7.75,0.12916666666666668,2.0,2.129166666666667,0.008159125223755836
noredund,dense,correlation_ids,0.05,6,0.96125,0.03875,0.9491666666666667,0.0,0.16916666666666666,0.03,0.1975,29.625,0.49375,9.0,9.49375,0.012647292111068964
filer30,dense,intent_links,0.05,6,0.9979166666666667,0.001389854065323141,0.9875,0.0,0.020833333333333332,0.003472222222222222,0.04083333333333333,6.125,0.10208333333333333,1.0416666666666667,1.14375,0.007834916934370995
window24,dense,correlation_ids,0.05,7,0.9841666666666666,0.015833333333333335,0.97,0.0,0.050833333333333335,0.008472222222222223,0.06333333333333334,9.5,0.15833333333333333,2.5416666666666665,2.7,0.008361042011529207
noredund,dense,correlation_ids,0.05,7,0.9559722222222222,0.04402777777777778,0.9366666666666666,0.0,0.18916666666666668,0.03347222222222222,0.2075,31.125,0.51875,10.041666666666666,10.560416666666667,0.012538000009953976
filer30,dense,intent_links,0.05,7,0.99625,0.002086811352253756,0.9775,0.0,0.034166666666666665,0.005694444444444445,0.056666666666666664,8.5,0.14166666666666666,1.7083333333333333,1.85,0.008003666996955872
window24,dense,correlation_ids,0.05,8,0.9883333333333333,0.011666666666666667,0.9766666666666667,0.0,0.050833333333333335,0.00875,0.065,9.75,0.1625,2.625,2.7875,0.008431749884039164
noredund,dense,correlation_ids,0.05,8,0.9588888888888889,0.04111111111111111,0.9425,0.0,0.17666666666666667,0.032916666666666664,0.20583333333333334,30.875,0.5145833333333333,9.875,10.389583333333333,0.012261500116437674
filer30,dense,intent_links,0.05,8,0.9958333333333333,0.0023653819396131904,0.975,0.0,0.03666666666666667,0.006111111111111111,0.0525,7.875,0.13125,1.8333333333333333,1.9645833333333333,0.007736333645880222
window24,dense,correlation_ids,0.05,9,0.9838888888888889,0.01611111111111111,0.9683333333333334,0.0,0.05583333333333333,0.009305555555555555,0.06166666666666667,9.25,0.15416666666666667,2.7916666666666665,2.9458333333333333,0.008314499631524086
noredund,dense,correlation_ids,0.05,9,0.9630555555555556,0.036944444444444446,0.9491666666666667,0.0,0.19166666666666668,0.035138888888888886,0.2125,31.875,0.53125,10.541666666666666,11.072916666666666,0.012930499855428934
filer30,dense,intent_links,0.05,9,0.9966666666666667,0.0015305412550438292,0.98,0.0,0.03333333333333333,0.005555555555555556,0.0525,7.875,0.13125,1.6666666666666667,1.7979166666666666,0.008390957955271006
window24,dense,correlation_ids,0.05,10,0.9890277777777777,0.010972222222222222,0.98,0.0,0.045,0.007916666666666667,0.05333333333333334,8.0,0.13333333333333333,2.375,2.5083333333333333,0.008341374807059765
noredund,dense,correlation_ids,0.05,10,0.9579166666666666,0.042083333333333334,0.9416666666666667,0.0,0.17416666666666666,0.030555555555555555,0.19666666666666666,29.5,0.49166666666666664,9.166666666666666,9.658333333333333,0.012635583989322186
filer30,dense,intent_links,0.05,10,0.9975,0.0011126564673157164,0.985,0.0,0.024166666666666666,0.004027777777777778,0.03916666666666667,5.875,0.09791666666666667,1.2083333333333333,1.30625,0.007624542340636253
window24,dense,correlation_ids,0.05,11,0.9865277777777778,0.012786657400972897,0.9741666666666666,0.0,0.051666666666666666,0.008611111111111111,0.06416666666666666,9.625,0.16041666666666668,2.5833333333333335,2.74375,0.008699292317032814
noredund,dense,correlation_ids,0.05,11,0.9643055555555555,0.035694444444444445,0.9491666666666667,0.0,0.16166666666666665,0.03,0.19,28.5,0.475,9.0,9.475,0.012146207969635725
filer30,dense,intent_links,0.05,11,0.9973611111111111,0.0009738452977184196,0.9841666666666666,0.0,0.028333333333333332,0.004722222222222222,0.05,7.5,0.125,1.4166666666666667,1.5416666666666667,0.007255624979734421
window24,dense,correlation_ids,0.05,12,0.9904166666666666,0.009583333333333333,0.9825,0.0,0.0475,0.007916666666666667,0.05583333333333333,8.375,0.13958333333333334,2.375,2.5145833333333334,0.008369291201233864
noredund,dense,correlation_ids,0.05,12,0.9654166666666667,0.034583333333333334,0.9508333333333333,0.0,0.16916666666666666,0.03027777777777778,0.195,29.25,0.4875,9.083333333333334,9.570833333333333,0.012507667299360037
filer30,dense,intent_links,0.05,12,0.9977777777777778,0.0011123470522803114,0.9866666666666667,0.0,0.024166666666666666,0.004027777777777778,0.051666666666666666,7.75,0.12916666666666668,1.2083333333333333,1.3375,0.00764758326113224
window24,dense,correlation_ids,0.05,13,0.9913888888888889,0.008611111111111111,0.9833333333333333,0.0,0.0475,0.008055555555555555,0.060833333333333336,9.125,0.15208333333333332,2.4166666666666665,2.56875,0.008522583171725273
noredund,dense,correlation_ids,0.05,13,0.9622222222222222,0.03777777777777778,0.9425,0.0,0.1675,0.03,0.18916666666666668,28.375,0.47291666666666665,9.0,9.472916666666666,0.012267542071640491
filer30,dense,intent_links,0.05,13,0.9958333333333333,0.002642926693559605,0.975,0.0,0.035833333333333335,0.0059722222222222225,0.056666666666666664,8.5,0.14166666666666666,1.7916666666666667,1.9333333333333333,0.008044584188610315
window24,dense,correlation_ids,0.05,14,0.9869444444444444,0.013055555555555556,0.9758333333333333,0.0,0.049166666666666664,0.008194444444444445,0.058333333333333334,8.75,0.14583333333333334,2.4583333333333335,2.6041666666666665,0.008176499977707863
noredund,dense,correlation_ids,0.05,14,0.9677777777777777,0.03222222222222222,0.9541666666666667,0.0,0.1675,0.029027777777777777,0.185,27.75,0.4625,8.708333333333334,9.170833333333333,0.011685207951813936
filer30,dense,intent_links,0.05,14,0.9969444444444444,0.001252261026854042,0.9816666666666667,0.0,0.028333333333333332,0.004722222222222222,0.045,6.75,0.1125,1.4166666666666667,1.5291666666666666,0.0077650826424360275
window24,dense,correlation_ids,0.05,15,0.9840277777777777,0.01597222222222222,0.9691666666666666,0.0,0.0525,0.00875,0.07,10.5,0.175,2.625,2.8,0.008468540851026773
noredund,dense,correlation_ids,0.05,15,0.9538888888888889,0.04611111111111111,0.9333333333333333,0.0,0.19,0.034444444444444444,0.21583333333333332,32.375,0.5395833333333333,10.333333333333334,10.872916666666667,0.01253725029528141
filer30,dense,intent_links,0.05,15,0.9958333333333333,0.0025041736227045075,0.975,0.0,0.0375,0.00625,0.060833333333333336,9.125,0.15208333333333332,1.875,2.027083333333333,0.008181957993656397
window24,dense,correlation_ids,0.05,16,0.9830555555555556,0.016944444444444446,0.9683333333333334,0.0,0.058333333333333334,0.00986111111111111,0.0725,10.875,0.18125,2.9583333333333335,3.1395833333333334,0.008654375094920397
noredund,dense,correlation_ids,0.05,16,0.9572222222222222,0.042777777777777776,0.9391666666666667,0.0,0.195,0.035694444444444445,0.22416666666666665,33.625,0.5604166666666667,10.708333333333334,11.26875,0.013337625190615654
filer30,dense,intent_links,0.05,16,0.9970833333333333,0.0012520868113522537,0.9825,0.0,0.020833333333333332,0.003472222222222222,0.0425,6.375,0.10625,1.0416666666666667,1.1479166666666667,0.007838250137865543
window24,dense,correlation_ids,0.05,17,0.9868055555555556,0.013194444444444444,0.9741666666666666,0.0,0.051666666666666666,0.008611111111111111,0.060833333333333336,9.125,0.15208333333333332,2.5833333333333335,2.7354166666666666,0.00841533299535513
noredund,dense,correlation_ids,0.05,17,0.9625,0.0375,0.9483333333333334,0.0,0.18833333333333332,0.03305555555555555,0.21,31.5,0.525,9.916666666666666,10.441666666666666,0.012737791985273361
filer30,dense,intent_links,0.05,17,0.9969444444444444,0.001252261026854042,0.9816666666666667,0.0,0.023333333333333334,0.0038888888888888888,0.04666666666666667,7.0,0.11666666666666667,1.1666666666666667,1.2833333333333334,0.007894540671259165
window24,dense,correlation_ids,0.05,18,0.9879166666666667,0.012083333333333333,0.9766666666666667,0.0,0.04833333333333333,0.008055555555555555,0.06,9.0,0.15,2.4166666666666665,2.566666666666667,0.008420124650001526
noredund,dense,correlation_ids,0.05,18,0.9659722222222222,0.034027777777777775,0.9508333333333333,0.0,0.1675,0.030972222222222224,0.19,28.5,0.475,9.291666666666666,9.766666666666667,0.011672667227685452
filer30,dense,intent_links,0.05,18,0.9968055555555555,0.0013914011409489355,0.9808333333333333,0.0,0.03,0.005,0.04833333333333333,7.25,0.12083333333333333,1.5,1.6208333333333333,0.007795249577611685
window24,dense,correlation_ids,0.05,19,0.9880555555555556,0.011944444444444445,0.9766666666666667,0.0,0.04833333333333333,0.008333333333333333,0.065,9.75,0.1625,2.5,2.6625,0.008265415672212839
noredund,dense,correlation_ids,0.05,19,0.9577777777777777,0.042222222222222223,0.9408333333333333,0.0,0.18083333333333335,0.03319444444444444,0.20333333333333334,30.5,0.5083333333333333,9.958333333333334,10.466666666666667,0.011685332749038935
filer30,dense,intent_links,0.05,19,0.9969444444444444,0.0020853607674127623,0.9816666666666667,0.0,0.028333333333333332,0.004722222222222222,0.0525,7.875,0.13125,1.4166666666666667,1.5479166666666666,0.008157624863088131
window24,dense,correlation_ids,0.1,0,0.9773611111111111,0.021959694232105628,0.9591666666666666,0.0,0.11,0.019444444444444445,0.13916666666666666,20.875,0.34791666666666665,5.833333333333333,6.18125,0.010472416877746582
noredund,dense,correlation_ids,0.1,0,0.9327777777777778,0.06722222222222222,0.9041666666666667,0.0,0.31583333333333335,0.06125,0.3933333333333333,59.0,0.9833333333333333,18.375,19.358333333333334,0.018031207844614983
filer30,dense,intent_links,0.1,0,0.9930555555555556,0.003345413994981879,0.9583333333333334,0.0,0.06166666666666667,0.010277777777777778,0.09666666666666666,14.5,0.24166666666666667,3.0833333333333335,3.325,0.00928879203274846
window24,dense,correlation_ids,0.1,1,0.9730555555555556,0.026944444444444444,0.9525,0.0,0.11166666666666666,0.019444444444444445,0.14583333333333334,21.875,0.3645833333333333,5.833333333333333,6.197916666666667,0.011758875101804733
noredund,dense,correlation_ids,0.1,1,0.9306944444444445,0.06930555555555555,0.9041666666666667,0.0,0.34833333333333333,0.06652777777777778,0.4175,62.625,1.04375,19.958333333333332,21.002083333333335,0.01895470777526498
filer30,dense,intent_links,0.1,1,0.9936111111111111,0.003898635477582846,0.9616666666666667,0.0,0.05416666666666667,0.009027777777777777,0.09416666666666666,14.125,0.23541666666666666,2.7083333333333335,2.94375,0.00901870895177126
window24,dense,correlation_ids,0.1,2,0.9708333333333333,0.029166666666666667,0.9466666666666667,0.0,0.10166666666666667,0.017638888888888888,0.12916666666666668,19.375,0.3229166666666667,5.291666666666667,5.614583333333333,0.010303957853466272
noredund,dense,correlation_ids,0.1,2,0.9223611111111111,0.07763888888888888,0.8941666666666667,0.0,0.33666666666666667,0.06430555555555556,0.4041666666666667,60.625,1.0104166666666667,19.291666666666668,20.302083333333332,0.018808458000421524
filer30,dense,intent_links,0.1,2,0.9952777777777778,0.003060656649972176,0.9716666666666667,0.0,0.04583333333333333,0.007638888888888889,0.08333333333333333,12.5,0.20833333333333334,2.2916666666666665,2.5,0.0089566670358181
window24,dense,correlation_ids,0.1,3,0.9731944444444445,0.02612925642807505,0.9508333333333333,0.0,0.11416666666666667,0.019583333333333335,0.14333333333333334,21.5,0.35833333333333334,5.875,6.233333333333333,0.011888541281223297
noredund,dense,correlation_ids,0.1,3,0.9173611111111111,0.08263888888888889,0.8825,0.0,0.3491666666666667,0.065,0.41,61.5,1.025,19.5,20.525,0.019140874966979027
filer30,dense,intent_links,0.1,3,0.9938888888888889,0.003342618384401114,0.9633333333333334,0.0,0.065,0.010833333333333334,0.10666666666666667,16.0,0.26666666666666666,3.25,3.5166666666666666,0.00982991699129343
window24,dense,correlation_ids,0.1,4,0.9754166666666667,0.024583333333333332,0.9558333333333333,0.0,0.10583333333333333,0.019305555555555555,0.14583333333333334,21.875,0.3645833333333333,5.791666666666667,6.15625,0.011758666951209307
noredund,dense,correlation_ids,0.1,4,0.91625,0.08375,0.8841666666666667,0.0,0.35333333333333333,0.06916666666666667,0.44166666666666665,66.25,1.1041666666666667,20.75,21.854166666666668,0.020344082731753588
filer30,dense,intent_links,0.1,4,0.9936111111111111,0.0026488219712811935,0.9616666666666667,0.0,0.05583333333333333,0.009305555555555555,0.10416666666666667,15.625,0.2604166666666667,2.7916666666666665,3.0520833333333335,0.009107958991080523
window24,dense,correlation_ids,0.1,5,0.9727777777777777,0.026546212647671995,0.95,0.0,0.10166666666666667,0.017777777777777778,0.13666666666666666,20.5,0.3416666666666667,5.333333333333333,5.675,0.009749915916472673
noredund,dense,correlation_ids,0.1,5,0.9141666666666667,0.08583333333333333,0.88,0.0,0.3333333333333333,0.06416666666666666,0.40166666666666667,60.25,1.0041666666666667,19.25,20.254166666666666,0.016984709072858095
filer30,dense,intent_links,0.1,5,0.9941666666666666,0.0034804399276068495,0.965,0.0,0.06,0.01,0.10416666666666667,15.625,0.2604166666666667,3.0,3.2604166666666665,0.00873999996110797
window24,dense,correlation_ids,0.1,6,0.9743055555555555,0.02501737317581654,0.955,0.0,0.09416666666666666,0.01638888888888889,0.12416666666666666,18.625,0.3104166666666667,4.916666666666667,5.227083333333334,0.009883041959255934
noredund,dense,correlation_ids,0.1,6,0.9330555555555555,0.06694444444444445,0.905,0.0,0.31916666666666665,0.06138888888888889,0.37416666666666665,56.125,0.9354166666666667,18.416666666666668,19.352083333333333,0.017286917194724083
filer30,dense,intent_links,0.1,6,0.9941666666666666,0.0034804399276068495,0.965,0.0,0.05,0.008333333333333333,0.085,12.75,0.2125,2.5,2.7125,0.008861249778419733
window24,dense,correlation_ids,0.1,7,0.9743055555555555,0.02501737317581654,0.9558333333333333,0.0,0.10583333333333333,0.018194444444444444,0.13333333333333333,20.0,0.3333333333333333,5.458333333333333,5.791666666666667,0.011196999810636044
noredund,dense,correlation_ids,0.1,7,0.9323611111111111,0.06763888888888889,0.905,0.0,0.32416666666666666,0.06333333333333334,0.38666666666666666,58.0,0.9666666666666667,19.0,19.966666666666665,0.018245124723762274
filer30,dense,intent_links,0.1,7,0.9933333333333333,0.004177109440267335,0.96,0.0,0.05416666666666667,0.009027777777777777,0.0925,13.875,0.23125,2.7083333333333335,2.939583333333333,0.009217082988470793
window24,dense,correlation_ids,0.1,8,0.9701388888888889,0.029861111111111113,0.945,0.0,0.10416666666666667,0.017638888888888888,0.13083333333333333,19.625,0.32708333333333334,5.291666666666667,5.61875,0.010361583903431892
noredund,dense,correlation_ids,0.1,8,0.9177777777777778,0.08222222222222222,0.8833333333333333,0.0,0.3358333333333333,0.06416666666666666,0.39416666666666667,59.125,0.9854166666666667,19.25,20.235416666666666,0.018378375098109245
filer30,dense,intent_links,0.1,8,0.9941666666666666,0.0026473456876132087,0.965,0.0,0.059166666666666666,0.00986111111111111,0.10166666666666667,15.25,0.25416666666666665,2.9583333333333335,3.2125,0.009266917128115892
window24,dense,correlation_ids,0.1,9,0.9693055555555555,0.030694444444444444,0.9441666666666667,0.0,0.125,0.020972222222222222,0.15083333333333335,22.625,0.3770833333333333,6.291666666666667,6.66875,0.010995833203196526
noredund,dense,correlation_ids,0.1,9,0.9133333333333333,0.08666666666666667,0.8791666666666667,0.0,0.3566666666666667,0.06888888888888889,0.43083333333333335,64.625,1.0770833333333334,20.666666666666668,21.74375,0.018876334186643362
filer30,dense,intent_links,0.1,9,0.9929166666666667,0.003762541806020067,0.9575,0.0,0.060833333333333336,0.010138888888888888,0.1025,15.375,0.25625,3.0416666666666665,3.2979166666666666,0.009426833130419254
window24,dense,correlation_ids,0.1,10,0.97125,0.02807505211952745,0.9466666666666667,0.0,0.11333333333333333,0.01972222222222222,0.14083333333333334,21.125,0.35208333333333336,5.916666666666667,6.26875,0.010661792010068893
noredund,dense,correlation_ids,0.1,10,0.9313888888888889,0.06861111111111111,0.9033333333333333,0.0,0.325,0.06347222222222222,0.3983333333333333,59.75,0.9958333333333333,19.041666666666668,20.0375,0.017960625234991312
filer30,dense,intent_links,0.1,10,0.9943055555555556,0.0036186499652052888,0.9658333333333333,0.0,0.0625,0.010416666666666666,0.0975,14.625,0.24375,3.125,3.36875,0.009142959024757147
window24,dense,correlation_ids,0.1,11,0.9816666666666667,0.017651146629603893,0.9658333333333333,0.0,0.11583333333333333,0.019583333333333335,0.15083333333333335,22.625,0.3770833333333333,5.875,6.252083333333333,0.011381250340491533
noredund,dense,correlation_ids,0.1,11,0.9258333333333333,0.07416666666666667,0.895,0.0,0.345,0.06638888888888889,0.42,63.0,1.05,19.916666666666668,20.966666666666665,0.01817858312278986
filer30,dense,intent_links,0.1,11,0.9918055555555556,0.004322364751812605,0.9508333333333333,0.0,0.06583333333333333,0.010972222222222222,0.10083333333333333,15.125,0.2520833333333333,3.2916666666666665,3.54375,0.00867699971422553
window24,dense,correlation_ids,0.1,12,0.9786111111111111,0.021388888888888888,0.9625,0.0,0.1075,0.018333333333333333,0.13583333333333333,20.375,0.33958333333333335,5.5,5.839583333333334,0.010417915880680084
noredund,dense,correlation_ids,0.1,12,0.9190277777777778,0.08097222222222222,0.8883333333333333,0.0,0.3441666666666667,0.06569444444444444,0.405,60.75,1.0125,19.708333333333332,20.720833333333335,0.017608582973480225
filer30,dense,intent_links,0.1,12,0.9947222222222222,0.0026458710486004736,0.9683333333333334,0.0,0.050833333333333335,0.008472222222222223,0.1025,15.375,0.25625,2.5416666666666665,2.7979166666666666,0.00884308386594057
window24,dense,correlation_ids,0.1,13,0.9770833333333333,0.022237665045170257,0.9591666666666666,0.0,0.105,0.01888888888888889,0.13916666666666666,20.875,0.34791666666666665,5.666666666666667,6.014583333333333,0.010974999982863665
noredund,dense,correlation_ids,0.1,13,0.9230555555555555,0.07694444444444444,0.8925,0.0,0.3408333333333333,0.06625,0.4091666666666667,61.375,1.0229166666666667,19.875,20.897916666666667,0.018481125123798847
filer30,dense,intent_links,0.1,13,0.9916666666666667,0.0041841004184100415,0.95,0.0,0.07,0.011666666666666667,0.1125,16.875,0.28125,3.5,3.78125,0.009836957789957523
window24,dense,correlation_ids,0.1,14,0.9743055555555555,0.02501737317581654,0.9533333333333334,0.0,0.10333333333333333,0.017361111111111112,0.12666666666666668,19.0,0.31666666666666665,5.208333333333333,5.525,0.011001874692738056
noredund,dense,correlation_ids,0.1,14,0.9234722222222222,0.07652777777777778,0.895,0.0,0.32916666666666666,0.06430555555555556,0.41,61.5,1.025,19.291666666666668,20.316666666666666,0.01996812503784895
filer30,dense,intent_links,0.1,14,0.9945833333333334,0.0032015590200445434,0.9675,0.0,0.050833333333333335,0.008472222222222223,0.08916666666666667,13.375,0.22291666666666668,2.5416666666666665,2.7645833333333334,0.008976541925221682
window24,dense,correlation_ids,0.1,15,0.9763888888888889,0.02361111111111111,0.955,0.0,0.10583333333333333,0.018333333333333333,0.13416666666666666,20.125,0.33541666666666664,5.5,5.835416666666666,0.011677584145218134
noredund,dense,correlation_ids,0.1,15,0.9191666666666667,0.08083333333333333,0.8858333333333334,0.0,0.33416666666666667,0.06347222222222222,0.395,59.25,0.9875,19.041666666666668,20.029166666666665,0.02003604080528021
filer30,dense,intent_links,0.1,15,0.9925,0.0034862641193696836,0.955,0.0,0.06416666666666666,0.010694444444444444,0.11083333333333334,16.625,0.27708333333333335,3.2083333333333335,3.4854166666666666,0.010263500269502401
window24,dense,correlation_ids,0.1,16,0.9709722222222222,0.02835302293259208,0.9466666666666667,0.0,0.11666666666666667,0.02,0.15083333333333335,22.625,0.3770833333333333,6.0,6.377083333333333,0.011451667174696922
noredund,dense,correlation_ids,0.1,16,0.9268055555555555,0.07319444444444445,0.8983333333333333,0.0,0.33916666666666667,0.06583333333333333,0.4125,61.875,1.03125,19.75,20.78125,0.01985341589897871
filer30,dense,intent_links,0.1,16,0.9929166666666667,0.0032069157836029003,0.9575,0.0,0.07166666666666667,0.011944444444444445,0.11333333333333333,17.0,0.2833333333333333,3.5833333333333335,3.8666666666666667,0.011757540982216597
window24,dense,correlation_ids,0.1,17,0.9745833333333334,0.025416666666666667,0.9525,0.0,0.11166666666666666,0.01972222222222222,0.14416666666666667,21.625,0.36041666666666666,5.916666666666667,6.277083333333334,0.01138433301821351
noredund,dense,correlation_ids,0.1,17,0.9190277777777778,0.08097222222222222,0.8833333333333333,0.0,0.3441666666666667,0.06805555555555555,0.425,63.75,1.0625,20.416666666666668,21.479166666666668,0.018005957826972008
filer30,dense,intent_links,0.1,17,0.9927777777777778,0.004872615898649589,0.9566666666666667,0.0,0.06416666666666666,0.010694444444444444,0.10666666666666667,16.0,0.26666666666666666,3.2083333333333335,3.475,0.009250915609300137
window24,dense,correlation_ids,0.1,18,0.9780555555555556,0.021944444444444444,0.96,0.0,0.1075,0.018472222222222223,0.14083333333333334,21.125,0.35208333333333336,5.541666666666667,5.89375,0.010142082814127207
noredund,dense,correlation_ids,0.1,18,0.9331944444444444,0.06680555555555556,0.9016666666666666,0.0,0.3333333333333333,0.06319444444444444,0.395,59.25,0.9875,18.958333333333332,19.945833333333333,0.0180414579808712
filer30,dense,intent_links,0.1,18,0.9923611111111111,0.004736035659562613,0.9541666666666667,0.0,0.07083333333333333,0.011805555555555555,0.12166666666666667,18.25,0.30416666666666664,3.5416666666666665,3.845833333333333,0.00917716696858406
window24,dense,correlation_ids,0.1,19,0.9777777777777777,0.021542738012508687,0.9566666666666667,0.0,0.10583333333333333,0.017916666666666668,0.13083333333333333,19.625,0.32708333333333334,5.375,5.702083333333333,0.009874459356069565
noredund,dense,correlation_ids,0.1,19,0.9166666666666666,0.08333333333333333,0.8816666666666667,0.0,0.32916666666666666,0.06291666666666666,0.3983333333333333,59.75,0.9958333333333333,18.875,19.870833333333334,0.01764849992468953
filer30,dense,intent_links,0.1,19,0.9929166666666667,0.0036236933797909408,0.9575,0.0,0.06583333333333333,0.010972222222222222,0.11,16.5,0.275,3.2916666666666665,3.566666666666667,0.009520583786070347
window24,dense,correlation_ids,0.2,0,0.9377777777777778,0.060917941585535464,0.8925,0.0,0.23916666666666667,0.04402777777777778,0.3275,49.125,0.81875,13.208333333333334,14.027083333333334,0.016383000183850527
noredund,dense,correlation_ids,0.2,0,0.8527777777777777,0.14722222222222223,0.8033333333333333,0.0,0.55,0.1226388888888889,0.7458333333333333,111.875,1.8645833333333333,36.791666666666664,38.65625,0.028156707994639874
filer30,dense,intent_links,0.2,0,0.9898611111111111,0.006412937404154468,0.9391666666666667,0.0,0.10166666666666667,0.016944444444444446,0.18333333333333332,27.5,0.4583333333333333,5.083333333333333,5.541666666666667,0.011299875099211931
window24,dense,correlation_ids,0.2,1,0.9404166666666667,0.058929812369701184,0.9,0.0,0.24583333333333332,0.04611111111111111,0.34,51.0,0.85,13.833333333333334,14.683333333333334,0.015467165969312191
noredund,dense,correlation_ids,0.2,1,0.8640277777777777,0.13597222222222222,0.8091666666666667,0.0,0.58,0.1275,0.8108333333333333,121.625,2.027083333333333,38.25,40.27708333333333,0.02777049969881773
filer30,dense,intent_links,0.2,1,0.9873611111111111,0.007122905027932961,0.9241666666666667,0.0,0.1175,0.019583333333333335,0.1825,27.375,0.45625,5.875,6.33125,0.01101087499409914
window24,dense,correlation_ids,0.2,2,0.9383333333333334,0.05905292479108635,0.8908333333333334,0.0,0.275,0.050694444444444445,0.3641666666666667,54.625,0.9104166666666667,15.208333333333334,16.11875,0.01625954220071435
noredund,dense,correlation_ids,0.2,2,0.85125,0.14875,0.795,0.0,0.5866666666666667,0.13111111111111112,0.8175,122.625,2.04375,39.333333333333336,41.37708333333333,0.02939649997279048
filer30,dense,intent_links,0.2,2,0.9872222222222222,0.0068464440407992174,0.9233333333333333,0.0,0.11916666666666667,0.01986111111111111,0.19083333333333333,28.625,0.47708333333333336,5.958333333333333,6.435416666666667,0.012206499930471182
window24,dense,correlation_ids,0.2,3,0.9372222222222222,0.06016713091922005,0.8916666666666667,0.0,0.26916666666666667,0.049305555555555554,0.37333333333333335,56.0,0.9333333333333333,14.791666666666666,15.725,0.018009624909609556
noredund,dense,correlation_ids,0.2,3,0.85,0.15,0.7925,0.0,0.58,0.13291666666666666,0.835,125.25,2.0875,39.875,41.9625,0.03320308309048414
filer30,dense,intent_links,0.2,3,0.9884722222222222,0.006421890269440179,0.9308333333333333,0.0,0.10833333333333334,0.018055555555555554,0.20083333333333334,30.125,0.5020833333333333,5.416666666666667,5.91875,0.011945624835789204
window24,dense,correlation_ids,0.2,4,0.9369444444444445,0.061099512874043145,0.895,0.0,0.24333333333333335,0.04638888888888889,0.345,51.75,0.8625,13.916666666666666,14.779166666666667,0.016637208871543407
noredund,dense,correlation_ids,0.2,4,0.85875,0.14125,0.8041666666666667,0.0,0.5608333333333333,0.12819444444444444,0.7933333333333333,119.0,1.9833333333333334,38.458333333333336,40.44166666666667,0.031031083781272173
filer30,dense,intent_links,0.2,4,0.98875,0.005448449287510477,0.9325,0.0,0.1075,0.017916666666666668,0.19583333333333333,29.375,0.4895833333333333,5.375,5.864583333333333,0.01202733302488923
window24,dense,correlation_ids,0.2,5,0.9277777777777778,0.07093184979137691,0.8766666666666667,0.0,0.27166666666666667,0.050972222222222224,0.36833333333333335,55.25,0.9208333333333333,15.291666666666666,16.2125,0.017029250040650368
noredund,dense,correlation_ids,0.2,5,0.86375,0.13625,0.8091666666666667,0.0,0.5575,0.12597222222222224,0.8025,120.375,2.00625,37.791666666666664,39.797916666666666,0.029715457931160927
filer30,dense,intent_links,0.2,5,0.9876388888888888,0.006843575418994413,0.9258333333333333,0.0,0.11,0.018333333333333333,0.20166666666666666,30.25,0.5041666666666667,5.5,6.004166666666666,0.011768749915063381
window24,dense,correlation_ids,0.2,6,0.9398611111111111,0.05948575399583044,0.8991666666666667,0.0,0.23416666666666666,0.04375,0.32416666666666666,48.625,0.8104166666666667,13.125,13.935416666666667,0.015935166273266077
noredund,dense,correlation_ids,0.2,6,0.8655555555555555,0.13444444444444445,0.8125,0.0,0.5633333333333334,0.12472222222222222,0.7816666666666666,117.25,1.9541666666666666,37.416666666666664,39.37083333333333,0.029392499942332506
filer30,dense,intent_links,0.2,6,0.9873611111111111,0.007122905027932961,0.9241666666666667,0.0,0.10666666666666667,0.017777777777777778,0.18416666666666667,27.625,0.46041666666666664,5.333333333333333,5.79375,0.01166687486693263
window24,dense,correlation_ids,0.2,7,0.9377777777777778,0.06222222222222222,0.8933333333333333,0.0,0.25416666666666665,0.04597222222222222,0.3308333333333333,49.625,0.8270833333333333,13.791666666666666,14.61875,0.016410083044320345
noredund,dense,correlation_ids,0.2,7,0.8513888888888889,0.1486111111111111,0.7916666666666666,0.0,0.5825,0.12791666666666668,0.815,122.25,2.0375,38.375,40.4125,0.030233249999582767
filer30,dense,intent_links,0.2,7,0.9869444444444444,0.007403268612934767,0.9216666666666666,0.0,0.11916666666666667,0.01986111111111111,0.20083333333333334,30.125,0.5020833333333333,5.958333333333333,6.460416666666666,0.012141082901507616
window24,dense,correlation_ids,0.2,8,0.9351388888888889,0.06225626740947075,0.8883333333333333,0.0,0.2708333333333333,0.05,0.355,53.25,0.8875,15.0,15.8875,0.017027999740093946
noredund,dense,correlation_ids,0.2,8,0.8480555555555556,0.15194444444444444,0.785,0.0,0.5633333333333334,0.12902777777777777,0.8075,121.125,2.01875,38.708333333333336,40.72708333333333,0.029714500065892935
filer30,dense,intent_links,0.2,8,0.9870833333333333,0.007124895222129086,0.9225,0.0,0.125,0.020833333333333332,0.21416666666666667,32.125,0.5354166666666667,6.25,6.785416666666666,0.011891542002558708
window24,dense,correlation_ids,0.2,9,0.9309722222222222,0.06643454038997214,0.8875,0.0,0.2675,0.04972222222222222,0.375,56.25,0.9375,14.916666666666666,15.854166666666666,0.01716350018978119
noredund,dense,correlation_ids,0.2,9,0.8576388888888888,0.1423611111111111,0.8,0.0,0.5791666666666667,0.13166666666666665,0.8225,123.375,2.05625,39.5,41.55625,0.029813042376190424
filer30,dense,intent_links,0.2,9,0.9902777777777778,0.0051625505790428355,0.9416666666666667,0.0,0.0925,0.015416666666666667,0.18,27.0,0.45,4.625,5.075,0.01110904198139906
window24,dense,correlation_ids,0.2,10,0.9354166666666667,0.06197771587743733,0.8875,0.0,0.2608333333333333,0.0475,0.33416666666666667,50.125,0.8354166666666667,14.25,15.085416666666667,0.016103249974548817
noredund,dense,correlation_ids,0.2,10,0.86375,0.13625,0.8041666666666667,0.0,0.5716666666666667,0.12333333333333334,0.7816666666666666,117.25,1.9541666666666666,37.0,38.954166666666666,0.0289875827729702
filer30,dense,intent_links,0.2,10,0.9884722222222222,0.006837845380965671,0.9308333333333333,0.0,0.10666666666666667,0.017777777777777778,0.18333333333333332,27.5,0.4583333333333333,5.333333333333333,5.791666666666667,0.011418874841183424
window24,dense,correlation_ids,0.2,11,0.9279166666666666,0.06885017421602788,0.8816666666666667,0.0,0.27666666666666667,0.051944444444444446,0.3591666666666667,53.875,0.8979166666666667,15.583333333333334,16.48125,0.016112332697957754
noredund,dense,correlation_ids,0.2,11,0.8580555555555556,0.14194444444444446,0.8008333333333333,0.0,0.5808333333333333,0.13055555555555556,0.815,122.25,2.0375,39.166666666666664,41.204166666666666,0.03025308297947049
filer30,dense,intent_links,0.2,11,0.985,0.008389261744966443,0.91,0.0,0.1275,0.02125,0.19416666666666665,29.125,0.48541666666666666,6.375,6.860416666666667,0.011792916804552078
window24,dense,correlation_ids,0.2,12,0.94125,0.056784968684759914,0.8975,0.0,0.2608333333333333,0.04722222222222222,0.3333333333333333,50.0,0.8333333333333334,14.166666666666666,15.0,0.01618287479504943
noredund,dense,correlation_ids,0.2,12,0.8540277777777778,0.14597222222222223,0.7991666666666667,0.0,0.56,0.12527777777777777,0.7691666666666667,115.375,1.9229166666666666,37.583333333333336,39.50625,0.02832904178649187
filer30,dense,intent_links,0.2,12,0.9865277777777778,0.007683710533668622,0.9191666666666667,0.0,0.12583333333333332,0.020972222222222222,0.2025,30.375,0.50625,6.291666666666667,6.797916666666667,0.012661457993090153
window24,dense,correlation_ids,0.2,13,0.945,0.05368567454798331,0.905,0.0,0.2225,0.041666666666666664,0.30916666666666665,46.375,0.7729166666666667,12.5,13.272916666666667,0.015466792043298483
noredund,dense,correlation_ids,0.2,13,0.8526388888888888,0.1473611111111111,0.7975,0.0,0.54,0.12152777777777778,0.7575,113.625,1.89375,36.458333333333336,38.35208333333333,0.028799332678318024
filer30,dense,intent_links,0.2,13,0.9861111111111112,0.00727069351230425,0.9166666666666666,0.0,0.11833333333333333,0.01972222222222222,0.19083333333333333,28.625,0.47708333333333336,5.916666666666667,6.39375,0.01165683288127184
window24,dense,correlation_ids,0.2,14,0.94125,0.058095899930507296,0.8966666666666666,0.0,0.2625,0.0475,0.3441666666666667,51.625,0.8604166666666667,14.25,15.110416666666667,0.016370417084544897
noredund,dense,correlation_ids,0.2,14,0.8426388888888889,0.15736111111111112,0.785,0.0,0.5808333333333333,0.12861111111111112,0.8033333333333333,120.5,2.0083333333333333,38.583333333333336,40.59166666666667,0.030329667031764984
filer30,dense,intent_links,0.2,14,0.9868055555555556,0.007958670762356884,0.9208333333333333,0.0,0.1175,0.019583333333333335,0.18333333333333332,27.5,0.4583333333333333,5.875,6.333333333333333,0.011563667096197605
window24,dense,correlation_ids,0.2,15,0.9388888888888889,0.0584958217270195,0.8991666666666667,0.0,0.23916666666666667,0.043611111111111114,0.32416666666666666,48.625,0.8104166666666667,13.083333333333334,13.89375,0.01595716690644622
noredund,dense,correlation_ids,0.2,15,0.8481944444444445,0.15180555555555555,0.7933333333333333,0.0,0.5491666666666667,0.12208333333333334,0.7708333333333334,115.625,1.9270833333333333,36.625,38.552083333333336,0.029235207941383123
filer30,dense,intent_links,0.2,15,0.9880555555555556,0.006008103954170742,0.9283333333333333,0.0,0.10666666666666667,0.017777777777777778,0.1775,26.625,0.44375,5.333333333333333,5.777083333333334,0.011293957941234112
window24,dense,correlation_ids,0.2,16,0.9448611111111112,0.05316631871955463,0.905,0.0,0.245,0.04402777777777778,0.3358333333333333,50.375,0.8395833333333333,13.208333333333334,14.047916666666667,0.01703758304938674
noredund,dense,correlation_ids,0.2,16,0.86125,0.13875,0.7991666666666667,0.0,0.5608333333333333,0.12583333333333332,0.7783333333333333,116.75,1.9458333333333333,37.75,39.69583333333333,0.02908520819619298
filer30,dense,intent_links,0.2,16,0.9840277777777777,0.008536244052616849,0.9041666666666667,0.0,0.13,0.021666666666666667,0.20916666666666667,31.375,0.5229166666666667,6.5,7.022916666666666,0.011819540988653898
window24,dense,correlation_ids,0.2,17,0.9480555555555555,0.05062586926286509,0.9125,0.0,0.24166666666666667,0.045,0.33666666666666667,50.5,0.8416666666666667,13.5,14.341666666666667,0.015999500174075365
noredund,dense,correlation_ids,0.2,17,0.8394444444444444,0.16055555555555556,0.7758333333333334,0.0,0.58,0.12902777777777777,0.8158333333333333,122.375,2.0395833333333333,38.708333333333336,40.74791666666667,0.030203707981854677
filer30,dense,intent_links,0.2,17,0.9886111111111111,0.0066982975160480044,0.9316666666666666,0.0,0.10166666666666667,0.016944444444444446,0.19416666666666665,29.125,0.48541666666666666,5.083333333333333,5.56875,0.011377749964594841
window24,dense,correlation_ids,0.2,18,0.9452777777777778,0.05472222222222222,0.9083333333333333,0.0,0.24166666666666667,0.04486111111111111,0.3408333333333333,51.125,0.8520833333333333,13.458333333333334,14.310416666666667,0.01612220797687769
noredund,dense,correlation_ids,0.2,18,0.8529166666666667,0.14708333333333334,0.7966666666666666,0.0,0.5766666666666667,0.1288888888888889,0.8283333333333334,124.25,2.0708333333333333,38.666666666666664,40.7375,0.029878041706979275
filer30,dense,intent_links,0.2,18,0.9876388888888888,0.006149545772187281,0.9258333333333333,0.0,0.115,0.019166666666666665,0.1925,28.875,0.48125,5.75,6.23125,0.011454708874225616
window24,dense,correlation_ids,0.2,19,0.9354166666666667,0.06328233657858136,0.8933333333333333,0.0,0.255,0.04666666666666667,0.3475,52.125,0.86875,14.0,14.86875,0.01653958298265934
noredund,dense,correlation_ids,0.2,19,0.8638888888888889,0.1361111111111111,0.8158333333333333,0.0,0.5941666666666666,0.13333333333333333,0.835,125.25,2.0875,40.0,42.0875,0.029864625073969364
filer30,dense,intent_links,0.2,19,0.9893055555555555,0.006277901785714286,0.9358333333333333,0.0,0.10416666666666667,0.017361111111111112,0.185,27.75,0.4625,5.208333333333333,5.670833333333333,0.015229333657771349
window24,dense,correlation_ids,0.4,0,0.82,0.17194950911640955,0.7208333333333333,0.0,0.5875,0.13444444444444445,0.9741666666666666,146.125,2.435416666666667,40.333333333333336,42.76875,0.03738745907321572
noredund,dense,correlation_ids,0.4,0,0.7366666666666667,0.2633333333333333,0.6408333333333334,0.0,0.8533333333333334,0.2604166666666667,1.6083333333333334,241.25,4.020833333333333,78.125,82.14583333333333,0.05104804132133722
filer30,dense,intent_links,0.4,0,0.9756944444444444,0.01458830130453079,0.8541666666666666,0.0,0.22916666666666666,0.03819444444444445,0.3983333333333333,59.75,0.9958333333333333,11.458333333333334,12.454166666666667,0.016877292189747095
window24,dense,correlation_ids,0.4,1,0.8505555555555555,0.1434965034965035,0.7666666666666667,0.0,0.5725,0.1275,0.9758333333333333,146.375,2.439583333333333,38.25,40.68958333333333,0.03274033311754465
noredund,dense,correlation_ids,0.4,1,0.7406944444444444,0.25930555555555557,0.6391666666666667,0.0,0.8475,0.25375,1.5875,238.125,3.96875,76.125,80.09375,0.05119116697460413
filer30,dense,intent_links,0.4,1,0.9747222222222223,0.013771781899943788,0.8483333333333334,0.0,0.22833333333333333,0.03805555555555556,0.3983333333333333,59.75,0.9958333333333333,11.416666666666666,12.4125,0.016174917109310627
window24,dense,correlation_ids,0.4,2,0.8433333333333334,0.14778947368421053,0.7508333333333334,0.0,0.575,0.13152777777777777,0.9508333333333333,142.625,2.377083333333333,39.458333333333336,41.83541666666667,0.032993000000715256
noredund,dense,correlation_ids,0.4,2,0.7372222222222222,0.2627777777777778,0.6375,0.0,0.8291666666666667,0.24708333333333332,1.5458333333333334,231.875,3.8645833333333335,74.125,77.98958333333333,0.04973591724410653
filer30,dense,intent_links,0.4,2,0.9768055555555556,0.013466124281105345,0.8608333333333333,0.0,0.21833333333333332,0.03638888888888889,0.3958333333333333,59.375,0.9895833333333334,10.916666666666666,11.90625,0.016527417115867138
window24,dense,correlation_ids,0.4,3,0.8213888888888888,0.16468926553672317,0.7208333333333333,0.0,0.6008333333333333,0.13541666666666666,0.9733333333333334,146.0,2.433333333333333,40.625,43.05833333333333,0.034424999728798866
noredund,dense,correlation_ids,0.4,3,0.7283333333333334,0.27166666666666667,0.6258333333333334,0.0,0.8683333333333333,0.25805555555555554,1.6116666666666666,241.75,4.029166666666667,77.41666666666667,81.44583333333334,0.05188937531784177
filer30,dense,intent_links,0.4,3,0.97375,0.015723711919135196,0.8425,0.0,0.24333333333333335,0.04055555555555555,0.42,63.0,1.05,12.166666666666666,13.216666666666667,0.016751499846577644
window24,dense,correlation_ids,0.4,4,0.8429166666666666,0.14940434477925718,0.7608333333333334,0.0,0.5575,0.12875,0.9391666666666667,140.875,2.347916666666667,38.625,40.97291666666667,0.03300804225727916
noredund,dense,correlation_ids,0.4,4,0.7272222222222222,0.2727777777777778,0.6233333333333333,0.0,0.8275,0.24958333333333332,1.58,237.0,3.95,74.875,78.825,0.05170629220083356
filer30,dense,intent_links,0.4,4,0.97375,0.013646595385481148,0.8425,0.0,0.23,0.03833333333333333,0.405,60.75,1.0125,11.5,12.5125,0.016252291854470968
window24,dense,correlation_ids,0.4,5,0.8305555555555556,0.1618780658724597,0.7366666666666667,0.0,0.5758333333333333,0.13472222222222222,0.9741666666666666,146.125,2.435416666666667,40.416666666666664,42.85208333333333,0.033675750251859426
noredund,dense,correlation_ids,0.4,5,0.7191666666666666,0.2808333333333333,0.6141666666666666,0.0,0.8416666666666667,0.25166666666666665,1.5716666666666668,235.75,3.9291666666666667,75.5,79.42916666666666,0.054681708104908466
filer30,dense,intent_links,0.4,5,0.9768055555555556,0.013327721661054994,0.8608333333333333,0.0,0.22666666666666666,0.03777777777777778,0.3908333333333333,58.625,0.9770833333333333,11.333333333333334,12.310416666666667,0.016693292185664177
window24,dense,correlation_ids,0.4,6,0.8461111111111111,0.1455820476858345,0.7533333333333333,0.0,0.54,0.1225,0.8983333333333333,134.75,2.245833333333333,36.75,38.99583333333333,0.03199358284473419
noredund,dense,correlation_ids,0.4,6,0.72,0.28,0.6158333333333333,0.0,0.85,0.25972222222222224,1.64,246.0,4.1,77.91666666666667,82.01666666666667,0.052478665951639414
filer30,dense,intent_links,0.4,6,0.9758333333333333,0.013202247191011237,0.855,0.0,0.23333333333333334,0.03888888888888889,0.3925,58.875,0.98125,11.666666666666666,12.647916666666667,0.015510582830756903
window24,dense,correlation_ids,0.4,7,0.8398611111111111,0.15603628750872295,0.7516666666666667,0.0,0.565,0.1325,0.97,145.5,2.425,39.75,42.175,0.03424820816144347
noredund,dense,correlation_ids,0.4,7,0.72875,0.27125,0.6258333333333334,0.0,0.8516666666666667,0.2563888888888889,1.6183333333333334,242.75,4.045833333333333,76.91666666666667,80.9625,0.05153470812365413
filer30,dense,intent_links,0.4,7,0.975,0.014736842105263158,0.85,0.0,0.21083333333333334,0.035138888888888886,0.38083333333333336,57.125,0.9520833333333333,10.541666666666666,11.49375,0.016277082730084658
window24,dense,correlation_ids,0.4,8,0.8234722222222223,0.1696078431372549,0.7266666666666667,0.0,0.5908333333333333,0.1375,1.005,150.75,2.5125,41.25,43.7625,0.035087000112980604
noredund,dense,correlation_ids,0.4,8,0.7108333333333333,0.2891666666666667,0.6033333333333334,0.0,0.85,0.26013888888888886,1.6183333333333334,242.75,4.045833333333333,78.04166666666667,82.0875,0.053042208310216665
filer30,dense,intent_links,0.4,8,0.9740277777777778,0.015719298245614036,0.8441666666666666,0.0,0.25083333333333335,0.041805555555555554,0.415,62.25,1.0375,12.541666666666666,13.579166666666667,0.017143708188086748
window24,dense,correlation_ids,0.4,9,0.8179166666666666,0.17405329593267882,0.7183333333333334,0.0,0.5875,0.13694444444444445,0.9966666666666667,149.5,2.4916666666666667,41.083333333333336,43.575,0.034901333041489124
noredund,dense,correlation_ids,0.4,9,0.7094444444444444,0.29055555555555557,0.6016666666666667,0.0,0.87,0.2663888888888889,1.6458333333333333,246.875,4.114583333333333,79.91666666666667,84.03125,0.052698083221912384
filer30,dense,intent_links,0.4,9,0.9711111111111111,0.01687289088863892,0.8266666666666667,0.0,0.2633333333333333,0.04388888888888889,0.44666666666666666,67.0,1.1166666666666667,13.166666666666666,14.283333333333333,0.01825116714462638
window24,dense,correlation_ids,0.4,10,0.8359722222222222,0.15700280112044818,0.7466666666666667,0.0,0.5541666666666667,0.13,0.9658333333333333,144.875,2.4145833333333333,39.0,41.41458333333333,0.034621375147253275
noredund,dense,correlation_ids,0.4,10,0.7275,0.2725,0.6166666666666667,0.0,0.8608333333333333,0.2594444444444444,1.6333333333333333,245.0,4.083333333333333,77.83333333333333,81.91666666666667,0.05547491600736976
filer30,dense,intent_links,0.4,10,0.9745833333333334,0.013357705286839145,0.8475,0.0,0.23,0.03833333333333333,0.3958333333333333,59.375,0.9895833333333334,11.5,12.489583333333334,0.01620304211974144
window24,dense,correlation_ids,0.4,11,0.8461111111111111,0.14797202797202796,0.7633333333333333,0.0,0.5658333333333333,0.1284722222222222,0.9233333333333333,138.5,2.308333333333333,38.541666666666664,40.85,0.033544540870934725
noredund,dense,correlation_ids,0.4,11,0.7202777777777778,0.2797222222222222,0.6158333333333333,0.0,0.8366666666666667,0.25125,1.5883333333333334,238.25,3.970833333333333,75.375,79.34583333333333,0.05046229204162955
filer30,dense,intent_links,0.4,11,0.9726388888888889,0.016708789665824206,0.8358333333333333,0.0,0.2325,0.03875,0.3825,57.375,0.95625,11.625,12.58125,0.016032207757234573
window24,dense,correlation_ids,0.4,12,0.8377777777777777,0.15577326801959412,0.7491666666666666,0.0,0.5816666666666667,0.13472222222222222,0.9783333333333334,146.75,2.4458333333333333,40.416666666666664,42.8625,0.03406066633760929
noredund,dense,correlation_ids,0.4,12,0.7280555555555556,0.27194444444444443,0.6275,0.0,0.8641666666666666,0.2569444444444444,1.6141666666666667,242.125,4.035416666666666,77.08333333333333,81.11875,0.0527516664005816
filer30,dense,intent_links,0.4,12,0.9744444444444444,0.014468324202837477,0.8466666666666667,0.0,0.23166666666666666,0.03861111111111111,0.39666666666666667,59.5,0.9916666666666667,11.583333333333334,12.575,0.016395332757383585
window24,dense,correlation_ids,0.4,13,0.8341666666666666,0.15941217634709587,0.7425,0.0,0.5683333333333334,0.1322222222222222,0.9558333333333333,143.375,2.3895833333333334,39.666666666666664,42.05625,0.033813666086643934
noredund,dense,correlation_ids,0.4,13,0.7386111111111111,0.2613888888888889,0.6391666666666667,0.0,0.8441666666666666,0.25416666666666665,1.6008333333333333,240.125,4.002083333333333,76.25,80.25208333333333,0.05117604183033109
filer30,dense,intent_links,0.4,13,0.9738888888888889,0.014476458186929024,0.8433333333333334,0.0,0.24166666666666667,0.04027777777777778,0.3975,59.625,0.99375,12.083333333333334,13.077083333333333,0.01617350010201335
window24,dense,correlation_ids,0.4,14,0.8216666666666667,0.17026647966339412,0.73,0.0,0.5808333333333333,0.13291666666666666,0.9541666666666667,143.125,2.3854166666666665,39.875,42.260416666666664,0.03333179233595729
noredund,dense,correlation_ids,0.4,14,0.7244444444444444,0.27555555555555555,0.6175,0.0,0.8408333333333333,0.2551388888888889,1.605,240.75,4.0125,76.54166666666667,80.55416666666666,0.051420167088508606
filer30,dense,intent_links,0.4,14,0.9756944444444444,0.013619769727604605,0.8541666666666666,0.0,0.23166666666666666,0.03861111111111111,0.4066666666666667,61.0,1.0166666666666666,11.583333333333334,12.6,0.016352499835193157
window24,dense,correlation_ids,0.4,15,0.835,0.15621052631578947,0.7408333333333333,0.0,0.5883333333333334,0.13361111111111112,0.9708333333333333,145.625,2.4270833333333335,40.083333333333336,42.510416666666664,0.03358841687440872
noredund,dense,correlation_ids,0.4,15,0.7061111111111111,0.29388888888888887,0.6025,0.0,0.8375,0.25972222222222224,1.6033333333333333,240.5,4.008333333333334,77.91666666666667,81.925,0.05495749972760677
filer30,dense,intent_links,0.4,15,0.9731944444444445,0.015594268052823827,0.8391666666666666,0.0,0.24083333333333334,0.04013888888888889,0.40166666666666667,60.25,1.0041666666666667,12.041666666666666,13.045833333333333,0.015915459021925926
window24,dense,correlation_ids,0.4,16,0.8425,0.15042016806722688,0.7525,0.0,0.5825,0.13069444444444445,0.9733333333333334,146.0,2.433333333333333,39.208333333333336,41.641666666666666,0.032451792154461145
noredund,dense,correlation_ids,0.4,16,0.7218055555555556,0.27819444444444447,0.6158333333333333,0.0,0.8466666666666667,0.25416666666666665,1.5908333333333333,238.625,3.9770833333333333,76.25,80.22708333333334,0.050185166765004396
filer30,dense,intent_links,0.4,16,0.97375,0.014617006324666199,0.8425,0.0,0.25083333333333335,0.041805555555555554,0.4083333333333333,61.25,1.0208333333333333,12.541666666666666,13.5625,0.01678862515836954
window24,dense,correlation_ids,0.4,17,0.8348611111111112,0.16047486033519553,0.7483333333333333,0.0,0.5766666666666667,0.13361111111111112,0.9775,146.625,2.44375,40.083333333333336,42.52708333333333,0.033693499863147736
noredund,dense,correlation_ids,0.4,17,0.7183333333333334,0.2816666666666667,0.6175,0.0,0.8433333333333334,0.25958333333333333,1.6108333333333333,241.625,4.027083333333334,77.875,81.90208333333334,0.05034870933741331
filer30,dense,intent_links,0.4,17,0.9747222222222223,0.013633169360505973,0.8483333333333334,0.0,0.2325,0.03875,0.3983333333333333,59.75,0.9958333333333333,11.625,12.620833333333334,0.016191208269447088
window24,dense,correlation_ids,0.4,18,0.8454166666666667,0.14568421052631578,0.7625,0.0,0.575,0.13,0.9441666666666667,141.625,2.3604166666666666,39.0,41.360416666666666,0.03298058267682791
noredund,dense,correlation_ids,0.4,18,0.7409722222222223,0.2590277777777778,0.6483333333333333,0.0,0.8316666666666667,0.24875,1.5383333333333333,230.75,3.845833333333333,74.625,78.47083333333333,0.051412791945040226
filer30,dense,intent_links,0.4,18,0.9766666666666667,0.013329591693559703,0.86,0.0,0.21833333333333332,0.03638888888888889,0.38166666666666665,57.25,0.9541666666666667,10.916666666666666,11.870833333333334,0.015904416795819998
window24,dense,correlation_ids,0.4,19,0.8183333333333334,0.17363253856942495,0.7225,0.0,0.6066666666666667,0.14180555555555555,1.0241666666666667,153.625,2.560416666666667,42.541666666666664,45.10208333333333,0.035228708293288946
noredund,dense,correlation_ids,0.4,19,0.7336111111111111,0.2663888888888889,0.6283333333333333,0.0,0.8533333333333334,0.2611111111111111,1.6108333333333333,241.625,4.027083333333334,78.33333333333333,82.36041666666667,0.05134916724637151
filer30,dense,intent_links,0.4,19,0.9766666666666667,0.013191131069323604,0.86,0.0,0.23333333333333334,0.03888888888888889,0.4091666666666667,61.375,1.0229166666666667,11.666666666666666,12.689583333333333,0.015952541027218103
densweep,mid1,combined,0.1,0,0.73375,0.0959958932238193,0.4775,0.4775,0.5875,0.17291666666666666,0.805,33.1425,1.1364249999999987,51.875,53.011425,0.0035873749293386936
densweep,mid1,combined,0.1,1,0.7091666666666666,0.09419904204364024,0.4575,0.5075,0.5925,0.1775,0.81,32.0775,1.1307749999999996,53.25,54.380775,0.0034509580582380295
densweep,mid1,combined,0.1,2,0.7179166666666666,0.09028511087645195,0.4625,0.5175,0.58,0.16791666666666666,0.8025,32.5975,1.128475,50.375,51.503475,0.003379582893103361
densweep,mid1,combined,0.1,3,0.7558333333333334,0.09163745618427642,0.48,0.47,0.5775,0.16083333333333333,0.8125,33.4675,1.147174999999998,48.25,49.397175,0.003657999914139509
densweep,mid1,combined,0.1,4,0.7275,0.09486780715396578,0.475,0.4925,0.565,0.1725,0.78,30.67,1.0866999999999991,51.75,52.8367,0.0033306661061942577
densweep,mid1,combined,0.1,5,0.74125,0.08675564681724846,0.49,0.4575,0.56,0.14416666666666667,0.785,30.2625,1.087624999999999,43.25,44.337624999999996,0.0037096249870955944
densweep,mid1,combined,0.1,6,0.7358333333333333,0.10400811770674784,0.4975,0.48,0.5425,0.16333333333333333,0.7775,31.5525,1.093024999999999,49.0,50.093025,0.003412124700844288
densweep,mid1,combined,0.1,7,0.7479166666666667,0.09113924050632911,0.4925,0.4625,0.5675,0.1575,0.76,30.15,1.0615000000000003,47.25,48.311499999999995,0.00358195835724473
densweep,mid1,combined,0.1,8,0.74125,0.11492537313432835,0.515,0.46,0.535,0.15041666666666667,0.7475,31.125,1.0587499999999996,45.125,46.18375,0.003428709227591753
densweep,mid1,combined,0.1,9,0.7395833333333334,0.10353535353535354,0.4825,0.4875,0.57,0.16666666666666666,0.8025,32.4525,1.127025,50.0,51.127025,0.003616000059992075
densweep,mid1,combined,0.1,10,0.76125,0.09239940387481371,0.5075,0.45,0.5525,0.15333333333333332,0.73,29.055,1.0205500000000007,46.0,47.02055,0.003571665845811367
densweep,mid1,combined,0.1,11,0.7141666666666666,0.12595614482406936,0.44,0.5,0.62,0.17458333333333334,0.8125,32.5475,1.1379750000000015,52.375,53.512975000000004,0.004232415929436684
densweep,mid1,combined,0.1,12,0.7004166666666667,0.11572856391372961,0.4575,0.5025,0.595,0.17416666666666666,0.825,33.465,1.1596499999999998,52.25,53.40965,0.0035017910413444042
densweep,mid1,combined,0.1,13,0.7270833333333333,0.1096938775510204,0.46,0.48,0.5925,0.16375,0.7975,32.6825,1.1243249999999996,49.125,50.249325,0.003464207984507084
densweep,mid1,combined,0.1,14,0.7441666666666666,0.1061061061061061,0.5025,0.455,0.5575,0.16166666666666665,0.7775,31.0975,1.0884750000000005,48.5,49.588474999999995,0.004126958083361387
densweep,mid1,combined,0.1,15,0.71375,0.1119751166407465,0.485,0.4825,0.5775,0.17041666666666666,0.82,33.3,1.1529999999999994,51.125,52.278,0.0038301656022667885
densweep,mid1,combined,0.1,16,0.7375,0.11764705882352941,0.49,0.47,0.5625,0.1625,0.81,31.86,1.128599999999999,48.75,49.8786,0.0033589997328817844
densweep,mid1,combined,0.1,17,0.7495833333333334,0.10363726955655207,0.4875,0.4725,0.56,0.16041666666666668,0.8175,33.87,1.1562,48.125,49.2812,0.003716458100825548
densweep,mid1,combined,0.1,18,0.74625,0.09727822580645161,0.4625,0.475,0.58,0.16333333333333333,0.8075,32.3775,1.131275000000001,49.0,50.131275,0.003482624888420105
densweep,mid1,combined,0.1,19,0.7795833333333333,0.06776283009466866,0.5225,0.425,0.53,0.14583333333333334,0.7425,30.77,1.050200000000001,43.75,44.800200000000004,0.0033714999444782734
densweep,mid2,combined,0.1,0,0.71625,0.16309639727361247,0.46,0.4925,0.5875,0.17104166666666668,0.80875,65.13,1.4600499999999992,51.3125,52.77255,0.00974283367395401
densweep,mid2,combined,0.1,1,0.7560416666666666,0.14752172891707777,0.52125,0.4375,0.54625,0.15270833333333333,0.7675,63.58375,1.4033375000000006,45.8125,47.2158375,0.009848958346992731
densweep,mid2,combined,0.1,2,0.7254166666666667,0.17114972625565342,0.4725,0.47625,0.5675,0.16145833333333334,0.82,66.90875,1.4890874999999997,48.4375,49.9265875,0.009465374983847141
densweep,mid2,combined,0.1,3,0.7404166666666666,0.1639614208421548,0.49625,0.45375,0.555,0.158125,0.8025,65.74625,1.4599625000000043,47.4375,48.8974625,0.010792999994009733
densweep,mid2,combined,0.1,4,0.7322916666666667,0.16587565258661605,0.47125,0.47,0.5875,0.169375,0.8325,68.97,1.5221999999999958,50.8125,52.33469999999999,0.009983374737203121
densweep,mid2,combined,0.1,5,0.7122916666666667,0.1733558994197292,0.46875,0.48625,0.58375,0.17708333333333334,0.855,68.72,1.542199999999998,53.125,54.667199999999994,0.010315417312085629
densweep,mid2,combined,0.1,6,0.7383333333333333,0.15699333967649856,0.49625,0.4675,0.555,0.15625,0.75625,61.94625,1.375712499999999,46.875,48.2507125,0.009650500025600195
densweep,mid2,combined,0.1,7,0.7372916666666667,0.1619701633909543,0.49375,0.455,0.56125,0.15833333333333333,0.8075,66.775,1.4752500000000015,47.5,48.97525,0.010614499915391207
densweep,mid2,combined,0.1,8,0.7289583333333334,0.16351900549844609,0.485,0.4575,0.55375,0.16291666666666665,0.79875,65.1025,1.4497750000000011,48.875,50.324775,0.009741665795445442
densweep,mid2,combined,0.1,9,0.7352083333333334,0.15209034118212397,0.49625,0.46,0.565,0.16208333333333333,0.81125,67.87375,1.4899874999999998,48.625,50.1149875,0.01012983312830329
densweep,mid2,combined,0.1,10,0.7252083333333333,0.16522781774580336,0.4575,0.49125,0.59875,0.16854166666666667,0.86,70.64125,1.5664124999999998,50.5625,52.1289125,0.010864666663110256
densweep,mid2,combined,0.1,11,0.7385416666666667,0.1414386049891015,0.48625,0.4625,0.57625,0.16833333333333333,0.83125,67.01375,1.501387499999998,50.5,52.0013875,0.01053008297458291
densweep,mid2,combined,0.1,12,0.7204166666666667,0.16815010825114265,0.4675,0.48625,0.5825,0.169375,0.835,69.2,1.5270000000000032,50.8125,52.33950000000001,0.01018437510356307
densweep,mid2,combined,0.1,13,0.7289583333333334,0.1531945788964182,0.495,0.4525,0.5625,0.16270833333333334,0.78625,62.515,1.4114000000000004,48.8125,50.2239,0.010205875150859356
densweep,mid2,combined,0.1,14,0.694375,0.17336309523809523,0.43125,0.5275,0.61,0.18604166666666666,0.85625,66.47,1.5209500000000014,55.8125,57.33345,0.01044337498024106
densweep,mid2,combined,0.1,15,0.7060416666666667,0.18631452581032412,0.46625,0.4725,0.5925,0.17041666666666666,0.8325,68.08625,1.5133624999999975,51.125,52.63836249999999,0.010145540814846754
densweep,mid2,combined,0.1,16,0.7475,0.14121589277166108,0.49125,0.4475,0.56,0.15875,0.77875,61.07,1.3894499999999996,47.625,49.01445,0.009849374648183584
densweep,mid2,combined,0.1,17,0.7097916666666667,0.17225461613216717,0.4625,0.485,0.5875,0.17104166666666668,0.85,69.2625,1.542625000000002,51.3125,52.855125,0.010580165777355433
densweep,mid2,combined,0.1,18,0.73625,0.15535372848948376,0.495,0.45375,0.55625,0.15645833333333334,0.79375,65.285,1.4466000000000019,46.9375,48.3841,0.01038720877841115
densweep,mid2,combined,0.1,19,0.7435416666666667,0.14555901364615753,0.49125,0.46,0.5775,0.15979166666666667,0.8375,70.50375,1.5425374999999997,47.9375,49.4800375,0.010045042261481285
densweep,mid3,combined,0.1,0,0.70875,0.2087145293844007,0.45166666666666666,0.4875,0.605,0.1726388888888889,0.8708333333333333,107.47666666666667,1.9456000000000002,51.791666666666664,53.73726666666667,0.020808832719922066
densweep,mid3,combined,0.1,1,0.7220833333333333,0.18778315888142477,0.48,0.4633333333333333,0.5858333333333333,0.16472222222222221,0.8141666666666667,99.26,1.806766666666663,49.416666666666664,51.22343333333333,0.019387541338801384
densweep,mid3,combined,0.1,2,0.7176388888888889,0.20593207315199016,0.45416666666666666,0.47583333333333333,0.6075,0.17208333333333334,0.8516666666666667,103.26583333333333,1.884325,51.625,53.509325000000004,0.019740916788578033
densweep,mid3,combined,0.1,3,0.7379166666666667,0.18148205207209983,0.5008333333333334,0.44583333333333336,0.565,0.1626388888888889,0.8083333333333333,99.35666666666667,1.8018999999999994,48.791666666666664,50.59356666666667,0.019849459175020456
densweep,mid3,combined,0.1,4,0.7330555555555556,0.19259599204528072,0.49333333333333335,0.44583333333333336,0.5733333333333334,0.16375,0.8183333333333334,101.91833333333334,1.8375166666666554,49.125,50.96251666666666,0.02028729161247611
densweep,mid3,combined,0.1,5,0.7097222222222223,0.19968676585747847,0.45666666666666667,0.4766666666666667,0.5925,0.17180555555555554,0.8616666666666667,104.14333333333333,1.903099999999996,51.541666666666664,53.44476666666666,0.020138875115662813
densweep,mid3,combined,0.1,6,0.7251388888888889,0.19701630267609965,0.47583333333333333,0.4766666666666667,0.5775,0.1634722222222222,0.8133333333333334,100.98,1.8231333333333286,49.041666666666664,50.864799999999995,0.01935987500473857
densweep,mid3,combined,0.1,7,0.71625,0.1940928270042194,0.4741666666666667,0.4716666666666667,0.5791666666666667,0.1626388888888889,0.8041666666666667,98.32166666666667,1.7873833333333282,48.791666666666664,50.579049999999995,0.019715957809239626
densweep,mid3,combined,0.1,8,0.7186111111111111,0.19708255741775293,0.47333333333333333,0.48833333333333334,0.5916666666666667,0.16875,0.8258333333333333,101.81333333333333,1.8439666666666585,50.625,52.46896666666666,0.019761542323976755
densweep,mid3,combined,0.1,9,0.7227777777777777,0.2071907373552712,0.48833333333333334,0.45416666666666666,0.5766666666666667,0.16583333333333333,0.8475,104.81083333333333,1.8956083333333265,49.75,51.64560833333332,0.02044012490659952
densweep,mid3,combined,0.1,10,0.7297222222222223,0.18276559340488413,0.47583333333333333,0.45666666666666667,0.5791666666666667,0.16125,0.82,98.79416666666667,1.807941666666663,48.375,50.182941666666665,0.02062216680496931
densweep,mid3,combined,0.1,11,0.7330555555555556,0.17672749961004525,0.49083333333333334,0.4483333333333333,0.5741666666666667,0.15833333333333333,0.8008333333333333,97.30416666666666,1.773875,47.5,49.273875000000004,0.02064979076385498
densweep,mid3,combined,0.1,12,0.7122222222222222,0.20471464019851116,0.4675,0.4708333333333333,0.5891666666666666,0.17069444444444445,0.8566666666666667,104.63666666666667,1.9030333333333294,51.208333333333336,53.11136666666666,0.02157504204660654
densweep,mid3,combined,0.1,13,0.7109722222222222,0.20807549504950495,0.4483333333333333,0.48333333333333334,0.61,0.17347222222222222,0.8658333333333333,104.25083333333333,1.9083416666666642,52.041666666666664,53.95000833333333,0.021347083151340485
densweep,mid3,combined,0.1,14,0.7091666666666666,0.20566272557560672,0.4475,0.49083333333333334,0.6166666666666667,0.1773611111111111,0.9025,108.99833333333333,1.9924833333333312,53.208333333333336,55.20081666666666,0.021689541172236204
densweep,mid3,combined,0.1,15,0.7388888888888889,0.1755772508910584,0.49083333333333334,0.4575,0.5725,0.16041666666666668,0.82,99.04833333333333,1.8104833333333288,48.125,49.93548333333333,0.01980725023895502
densweep,mid3,combined,0.1,16,0.7270833333333333,0.19300138739016495,0.47,0.46,0.5891666666666666,0.16625,0.8466666666666667,102.94,1.8760666666666588,49.875,51.75106666666666,0.020378666929900646
densweep,mid3,combined,0.1,17,0.7195833333333334,0.1995983315309748,0.455,0.47833333333333333,0.61,0.16902777777777778,0.8833333333333333,108.05416666666666,1.9638749999999967,50.708333333333336,52.67220833333333,0.021111708134412766
densweep,mid3,combined,0.1,18,0.7294444444444445,0.18294959551960174,0.4791666666666667,0.4583333333333333,0.5775,0.16305555555555556,0.815,98.96166666666667,1.8046166666666579,48.916666666666664,50.721283333333325,0.019252625294029713
densweep,mid3,combined,0.1,19,0.7256944444444444,0.2027769301190113,0.4891666666666667,0.445,0.5633333333333334,0.16111111111111112,0.8133333333333334,100.61583333333333,1.8194916666666632,48.333333333333336,50.152825,0.02284458326175809
